kind,dataset,path,bytes,mtime,sha256
data,CWRU40,/home/jeffwork/论文8/data/cwru_12k_de/100.mat,7770624,2024-10-03T22:12:14,88a5990cb541320e91505a1d72139e1993500ffe6e292a451011667f4138ca78
data,CWRU40,/home/jeffwork/论文8/data/cwru_12k_de/105.mat,2910768,2024-10-03T22:09:41,f80b0ea04fd06b372a0eaec7c056543ea37e4bb4727a5b173d2a5bacd2aa9cab
data,CWRU40,/home/jeffwork/论文8/data/cwru_12k_de/106.mat,2928192,2024-10-03T22:04:47,e5cec7cdd138e6cd1deb9ed8634e5aaa9bc1bd7094ddc075bff606580eb6e883
data,CWRU40,/home/jeffwork/论文8/data/cwru_12k_de/107.mat,2931672,2024-10-03T22:02:51,111ba8996a115684661a13c913bd74d8029a59294492f88aec7b03e175fdd388
data,CWRU40,/home/jeffwork/论文8/data/cwru_12k_de/108.mat,2950416,2024-10-04T00:02:08,d415f0e65128bfa0b118c2051c988fb0dc6ce3e4c8aa45fdc5ad1d0967462e7d
data,CWRU40,/home/jeffwork/论文8/data/cwru_12k_de/118.mat,2942112,2024-10-03T23:58:33,b00628f8dd8d1d930af77fa465d1e5cdb385fe259489053f91f3680bda7f640e
data,CWRU40,/home/jeffwork/论文8/data/cwru_12k_de/119.mat,2914248,2024-10-03T23:55:27,bc72d9df7668219e004a0f711232b23ec0aed393eb9bd8f9f5483426f6b51330
data,CWRU40,/home/jeffwork/论文8/data/cwru_12k_de/120.mat,2917752,2024-10-04T00:01:54,e0b7a584c49af52335ff0904a97d4afcf02d045625c582de63a7c85ce10b489c
data,CWRU40,/home/jeffwork/论文8/data/cwru_12k_de/121.mat,2917752,2024-10-04T00:04:30,52f686e984ba8e9b04a047a57416271cdb322cee57ee105dce58926a24b966cb
data,CWRU40,/home/jeffwork/论文8/data/cwru_12k_de/130.mat,2928192,2024-10-03T23:58:15,35a095307d0971477049b343a1b5981dde465a58fb7f233ad89b035068c1717d
data,CWRU40,/home/jeffwork/论文8/data/cwru_12k_de/131.mat,2938632,2024-10-03T23:56:17,7883f7b83beadc54b2f301767f9145ce07055707182fb0278fdf0a6bb53ce3cb
data,CWRU40,/home/jeffwork/论文8/data/cwru_12k_de/132.mat,2914248,2024-10-03T23:49:23,17a69ed5d2270b42532e678e35bbe2fa04a2cc413cf2bf9e88c7692de8662d18
data,CWRU40,/home/jeffwork/论文8/data/cwru_12k_de/133.mat,2942112,2024-10-03T23:52:15,53f076cb0d905cf46bffaee7736abce8224ffed777deed03c0c863d762a90c71
data,CWRU40,/home/jeffwork/论文8/data/cwru_12k_de/169.mat,2924712,2024-10-03T23:45:36,f5448673725c4ea2735fe7d3fe4b16ad82b217eac6b62c4bf351c4549b0a5229
data,CWRU40,/home/jeffwork/论文8/data/cwru_12k_de/170.mat,2924712,2024-10-03T22:20:03,bcb73a5208b67265468232a2e342f53719850901671d0ee28494f3af97621f46
data,CWRU40,/home/jeffwork/论文8/data/cwru_12k_de/171.mat,2924712,2024-10-03T22:21:09,63d0fdc1a68e64610ddfaf56a9c224d6137ab7b5c0d318eea1d542b9e5ffc029
data,CWRU40,/home/jeffwork/论文8/data/cwru_12k_de/172.mat,2921232,2024-10-03T22:24:13,f75170ceef70d5da475671de0d2e52a0acd9b3883ad422b6deaf2907d888ba24
data,CWRU40,/home/jeffwork/论文8/data/cwru_12k_de/185.mat,2924712,2024-10-03T23:02:34,5bea2c60f177215ba3ec4ae287faf745d7e14aed1a12efe9e37b27c27044bafc
data,CWRU40,/home/jeffwork/论文8/data/cwru_12k_de/186.mat,2931672,2024-10-03T22:35:50,1b3b6f3ad38e891feaa8026fe957b34f62f9082785089cc74f6878acdfe88ec5
data,CWRU40,/home/jeffwork/论文8/data/cwru_12k_de/187.mat,2928192,2024-10-03T22:36:38,0f1338cce89beb5c8d8e5e154579bc576354e7c7d1617ebd1759662c6f3100b2
data,CWRU40,/home/jeffwork/论文8/data/cwru_12k_de/188.mat,2931672,2024-10-03T22:27:29,1981614324d653c2522bea68fd4fd87e337495b117d12596db67abd1e10e7443
data,CWRU40,/home/jeffwork/论文8/data/cwru_12k_de/197.mat,2924712,2024-10-03T23:10:10,fa571b47cd942f9514a920b403fb7c053cd442bb2963a360a96d0f61432f03e9
data,CWRU40,/home/jeffwork/论文8/data/cwru_12k_de/198.mat,2931672,2024-10-03T22:23:18,dbd58e4585ca8f8332c708b15936987ec0990ca701359fd2483dae2719df5b49
data,CWRU40,/home/jeffwork/论文8/data/cwru_12k_de/199.mat,2924712,2024-10-03T22:24:03,ca4e6407fdb68845a6973da6028477911a62d018580063749fe956441be95cf2
data,CWRU40,/home/jeffwork/论文8/data/cwru_12k_de/200.mat,2928192,2024-10-03T22:25:16,2526483d2701220a700df8e6c9db0c527641b0887225907f4096610dd7120f4b
data,CWRU40,/home/jeffwork/论文8/data/cwru_12k_de/209.mat,2931672,2024-10-03T23:05:20,9f723d6d9d2eba714c6dc50f99321dffa73d8b1e4d3605675b2c2251511eff80
data,CWRU40,/home/jeffwork/论文8/data/cwru_12k_de/210.mat,2917752,2024-10-03T22:25:05,596692397e77e129a00f7b7a61c4c3ffd6c7a59979b89039e7f70a7431cce1c7
data,CWRU40,/home/jeffwork/论文8/data/cwru_12k_de/211.mat,2924712,2024-10-03T22:22:29,8296a02ee489c2d16cbd9fc278ca2e29b22475cec70ebe840558c78b6b743dc1
data,CWRU40,/home/jeffwork/论文8/data/cwru_12k_de/212.mat,2928192,2024-10-03T22:19:07,bfe13761f545a26b217db897a12d27e16fec74306aa86ade8dbdc8ebe587c253
data,CWRU40,/home/jeffwork/论文8/data/cwru_12k_de/222.mat,2928192,2024-10-03T23:09:18,fcc0ee740fa123b1f4683f555458891719efb2857afd9fdee63e8fde0ed14469
data,CWRU40,/home/jeffwork/论文8/data/cwru_12k_de/223.mat,2921232,2024-10-03T23:48:05,7287410fd2217e3b332c5ab4732a68963be046d7d17bd40efa41cabe6a0514e5
data,CWRU40,/home/jeffwork/论文8/data/cwru_12k_de/224.mat,2931672,2024-10-03T23:01:23,8a16894c2ff4d6bcdb9f4c345c0d5f13737b3bd6d15015d6b566c86e7a3ee7b7
data,CWRU40,/home/jeffwork/论文8/data/cwru_12k_de/225.mat,2931672,2024-10-03T23:04:58,ece92fa141af03473fdfca80d00d9112472a20340224514e79979c6ddc97a6cf
data,CWRU40,/home/jeffwork/论文8/data/cwru_12k_de/234.mat,2938632,2024-10-03T23:09:10,ebcbdb96612e8085bbdbf81f0e5e8e8a8d1a693d1ec559c4894f7792771aa9b2
data,CWRU40,/home/jeffwork/论文8/data/cwru_12k_de/235.mat,2928192,2024-10-03T23:05:11,667e4bf1f213f92d10dca71d494ad002d8fd22bfd8004b31a4c71ccf0d764b66
data,CWRU40,/home/jeffwork/论文8/data/cwru_12k_de/236.mat,2935152,2024-10-03T23:09:24,c411d6d9826cba8073430555dc833e05fcbe4c38535f3eb7f03c525ea6797589
data,CWRU40,/home/jeffwork/论文8/data/cwru_12k_de/237.mat,2928192,2024-10-03T23:47:58,233d1edb2daa963658369119e389e30f02aca551dd7bb028ab33e7ba63edfd20
data,CWRU40,/home/jeffwork/论文8/data/cwru_12k_de/97.mat,3903344,2024-10-03T23:45:32,16bf48babcf1c7ac224bc1a81cd9eafdb27e42d5cf559761907e067e8eeadf3c
data,CWRU40,/home/jeffwork/论文8/data/cwru_12k_de/98.mat,7742720,2024-10-03T22:24:18,37e6612c05e65c415dcfa2ab27a3fda648a5863160fa898b884a14743044e045
data,CWRU40,/home/jeffwork/论文8/data/cwru_12k_de/99.mat,15503928,2024-10-03T22:23:07,4b97e6b5361f45efb6951dc3b1aebcdb3b89cb69d0f96d6f5c297dd9f45eee75
data,JNU,/home/jeffwork/JNU-Bearing-Dataset/ib1000_2.csv,4329871,2026-04-12T11:42:30,819c3ccba3356ce7f16b9caaccc1b87d049d45d994984f3f84af27badbc791a1
data,JNU,/home/jeffwork/JNU-Bearing-Dataset/ib600_2.csv,4360380,2026-04-12T11:42:30,6d52fab3bb5f9275c879ac5431a452101fc053604c4269d029e134c8e1835d94
data,JNU,/home/jeffwork/JNU-Bearing-Dataset/ib800_2.csv,4385354,2026-04-12T11:42:30,f6893fdbbc1849deacb2a192d78af4b75fa4d63847d9b223e5bce10122b743ef
data,JNU,/home/jeffwork/JNU-Bearing-Dataset/n1000_3_2.csv,12754576,2026-04-12T11:42:30,4e6fd5f7b58e83ac319368315c1f930cb2113b48030a49eaea5c03c14cdf5ef0
data,JNU,/home/jeffwork/JNU-Bearing-Dataset/n600_3_2.csv,13619397,2026-04-12T11:42:30,7ab667e5ad4054f25469f032a0927b69569e7eeec9986054962cbdb2125a0617
data,JNU,/home/jeffwork/JNU-Bearing-Dataset/n800_3_2.csv,12914313,2026-04-12T11:42:30,be5ae5d4e8c0cc54d430de8ffa77ff2cd5914888da8935dac2612da6d4caf855
data,JNU,/home/jeffwork/JNU-Bearing-Dataset/ob1000_2.csv,4257863,2026-04-12T11:42:30,c57211993f4ab0636b357668032d1f6bd1b9cf43e50ba3a4b496c7dfef82022f
data,JNU,/home/jeffwork/JNU-Bearing-Dataset/ob600_2.csv,4493623,2026-04-12T11:42:30,91bc1b69b440b72c73556ca9919b54d66c763cff37a8b91cfcf5287c9c27baa5
data,JNU,/home/jeffwork/JNU-Bearing-Dataset/ob800_2.csv,4300587,2026-04-12T11:42:30,4209a1b773ccae4b368b53503a148e355963127483de542c29002e77d6f93f06
data,JNU,/home/jeffwork/JNU-Bearing-Dataset/tb1000_2.csv,4225755,2026-04-12T11:42:30,36d6b9a301e7f6891d052199bea77371793405d9b402caa897e8cc928ddaec73
data,JNU,/home/jeffwork/JNU-Bearing-Dataset/tb600_2.csv,4506334,2026-04-12T11:42:30,39f615667a8c806390122239e688aa54a70d0c22639692e70ae68855c923f126
data,JNU,/home/jeffwork/JNU-Bearing-Dataset/tb800_2.csv,4437160,2026-04-12T11:42:30,c0e40040138ac8e51373392da272a207050b86d109c91d0a812b0df02c57ed60
data,PU,/home/jeffwork/data_pu/K003/N09_M07_F10_K003_1.mat,8714872,2015-09-22T11:53:38,f22af38489992fd268d67db1fb55a1af3c374cbabf5beac54c773fcb58570a2b
data,PU,/home/jeffwork/data_pu/K003/N09_M07_F10_K003_10.mat,8731032,2015-09-22T11:59:02,f6c552c45e84aedbdd482a86ef1842c7155af371bb1dcce114897ca7d2996449
data,PU,/home/jeffwork/data_pu/K003/N09_M07_F10_K003_11.mat,8714904,2015-09-22T11:59:28,3b0ea61167a5e1feaed5be8b94e35a96b3f7f2abe8d78fa368eea33ae0d19de6
data,PU,/home/jeffwork/data_pu/K003/N09_M07_F10_K003_12.mat,8714904,2015-09-22T11:59:57,51ff705c6ee927fd96e2b7b81c9b454b7e12d9a923dc520faa149fe0994a21aa
data,PU,/home/jeffwork/data_pu/K003/N09_M07_F10_K003_13.mat,8714904,2015-09-22T12:00:42,a81e6020ed0efb9c302f6c93145efb1d14ed67b92442cfd3a16c84c25a587287
data,PU,/home/jeffwork/data_pu/K003/N09_M07_F10_K003_14.mat,8714904,2015-09-22T12:01:10,f2992e1b778579d91027ecdc97bc22e497d43c3b534dc962c2b1e44c4a0ac960
data,PU,/home/jeffwork/data_pu/K003/N09_M07_F10_K003_15.mat,8728984,2015-09-22T12:01:41,48f5f32eb2f486db6b3411f28423ffabc654f3ed76128b5810b6a4e84e040b77
data,PU,/home/jeffwork/data_pu/K003/N09_M07_F10_K003_16.mat,8714872,2015-09-22T12:02:09,237e002fe655494838ef079d57f1ac5391b63edbfb533e63d2ae811ebd2568ec
data,PU,/home/jeffwork/data_pu/K003/N09_M07_F10_K003_17.mat,8717720,2015-09-22T12:02:39,7a9bac29e4a4dc6045059b5f6fe3ea88b93f1760dec9c0f6071938c75bbd204b
data,PU,/home/jeffwork/data_pu/K003/N09_M07_F10_K003_18.mat,8714904,2015-09-22T12:03:07,adfee785d4ac180e4334f829bdf2a75a279e8e557e4d09104b22946cb29936e7
data,PU,/home/jeffwork/data_pu/K003/N09_M07_F10_K003_19.mat,8742784,2015-09-22T12:03:40,5a3386c38268bfec6fd2cd3de493410f020f8e215b856cd730579eb45ec4acff
data,PU,/home/jeffwork/data_pu/K003/N09_M07_F10_K003_2.mat,8714904,2015-09-22T11:54:48,e4605bbd7f28cd3cffa5300b5d2c3a8b3447fd51c8b264f163f96f43868145d3
data,PU,/home/jeffwork/data_pu/K003/N09_M07_F10_K003_20.mat,8714936,2015-09-22T12:04:08,47afe81b52d9d910ca16dd27f2722320ca6f186cadfc3c2960691a7faa9c3c70
data,PU,/home/jeffwork/data_pu/K003/N09_M07_F10_K003_3.mat,8717720,2015-09-22T11:55:18,280d3e4a75b1bd7e3116d083ee24327a4a84fc3dfe0d0a204c0d476f25ac3d15
data,PU,/home/jeffwork/data_pu/K003/N09_M07_F10_K003_4.mat,8714904,2015-09-22T11:55:44,c194b2e9a7f1a8b6baa98434618883330f4be6281e2b2844d4262cfee81e86d0
data,PU,/home/jeffwork/data_pu/K003/N09_M07_F10_K003_5.mat,8880216,2015-09-22T11:56:23,c4d0850faba5713848fd11946525b80c1cd149983d5468529276a929699e9409
data,PU,/home/jeffwork/data_pu/K003/N09_M07_F10_K003_6.mat,8714904,2015-09-22T11:56:59,f36326e65351f4d32dbb36c6ccc4263136d89973b5d63223ce6ce6239f09468e
data,PU,/home/jeffwork/data_pu/K003/N09_M07_F10_K003_7.mat,8714904,2015-09-22T11:57:27,b10c885fb3f5697eff3c119b6bb0471886834df7d56f4cd643e50f120ebb12c2
data,PU,/home/jeffwork/data_pu/K003/N09_M07_F10_K003_8.mat,8714872,2015-09-22T11:58:00,c85f58fe83ed9fffaee22ab873a9548c73a171b760b0b70029d52185853926f9
data,PU,/home/jeffwork/data_pu/K003/N09_M07_F10_K003_9.mat,8717912,2015-09-22T11:58:30,260f7beed4915afcd977fd7f22340230eea2467e1a9a193125d9ae16278f607c
data,PU,/home/jeffwork/data_pu/K003/N15_M01_F10_K003_1.mat,8925848,2015-09-22T12:05:31,6fcf024174894fb6e275c6d44e97a3da97963c1830aebd7de28a4a52957dbd82
data,PU,/home/jeffwork/data_pu/K003/N15_M01_F10_K003_10.mat,8714904,2015-09-22T12:10:29,fd0f567b1733da5e7f83596ec1f09d141b075b448c1405760b74376994a78633
data,PU,/home/jeffwork/data_pu/K003/N15_M01_F10_K003_11.mat,8714936,2015-09-22T12:10:55,797d1e6aee82a31313cba0466d569aeafd93d03eadcddbf80b9deae9b0aaa542
data,PU,/home/jeffwork/data_pu/K003/N15_M01_F10_K003_12.mat,8714904,2015-09-22T12:11:29,c2a1c6b5d34ebe31b6ea1aae5f3b2efcca7fcde2f920b96fdd329628b5a1652a
data,PU,/home/jeffwork/data_pu/K003/N15_M01_F10_K003_13.mat,8714904,2015-09-22T12:11:58,43b277d00d30bab0965b6ecf3b3f17fe01c434a31eba27a470c6898c76cebb85
data,PU,/home/jeffwork/data_pu/K003/N15_M01_F10_K003_14.mat,8716856,2015-09-22T12:12:38,0fa307aa754158484c82510f608150fde1028ae17fe6f8f00a6af467c8d13518
data,PU,/home/jeffwork/data_pu/K003/N15_M01_F10_K003_15.mat,8714904,2015-09-22T12:13:07,07ca6a9450c93874425f4c180ee6072baff8175e5f59bab1f3f1418a010585d0
data,PU,/home/jeffwork/data_pu/K003/N15_M01_F10_K003_16.mat,8714904,2015-09-22T12:13:34,8f13d45933abb7918f918b099a4d537d059790babcf4400ba4fc8b714134c1af
data,PU,/home/jeffwork/data_pu/K003/N15_M01_F10_K003_17.mat,8714904,2015-09-22T12:14:00,69f438ee7a3e9b3ed8e470182387f7ea45d29018c0b1ae87a966134444aa4d21
data,PU,/home/jeffwork/data_pu/K003/N15_M01_F10_K003_18.mat,8714904,2015-09-22T12:14:29,35cb14d85e9603811bdc0762a1bfc83f24e784140985d314fc535ad575f6cd09
data,PU,/home/jeffwork/data_pu/K003/N15_M01_F10_K003_19.mat,8714904,2015-09-22T12:14:59,f23884dd34b766787f946ef59aaa15b2476fd8bbe28294232fd4eb4b9002e780
data,PU,/home/jeffwork/data_pu/K003/N15_M01_F10_K003_2.mat,8807608,2015-09-22T12:06:00,7e469e5259730a73522f2ca0d75d20985d0207f7fe43c40ce4b355d921fb4852
data,PU,/home/jeffwork/data_pu/K003/N15_M01_F10_K003_20.mat,8807480,2015-09-22T12:15:25,adbdcff33c6db723d28d05127d06c7208b401232ee498cfc4cb1e2fb8a80840b
data,PU,/home/jeffwork/data_pu/K003/N15_M01_F10_K003_3.mat,8714904,2015-09-22T12:06:31,519034091e589cdfe1b9371cead5f743ce8654caf472a5640fca5c0dbc2ecbf1
data,PU,/home/jeffwork/data_pu/K003/N15_M01_F10_K003_4.mat,8714904,2015-09-22T12:07:07,527ba8b55c0266136a4684b4ca9ff75a6a7e35f0500e7f6ebff7d8268efe0b59
data,PU,/home/jeffwork/data_pu/K003/N15_M01_F10_K003_5.mat,8726072,2015-09-22T12:07:47,738eb99adf1551813ad1b6602a40a9ad230368c916c5681ff50e0d29e5b95309
data,PU,/home/jeffwork/data_pu/K003/N15_M01_F10_K003_6.mat,8717624,2015-09-22T12:08:17,0b66fa37e8acd6d01c49cde5ff55d8abdf029527ea18f183c21a82297f47c03e
data,PU,/home/jeffwork/data_pu/K003/N15_M01_F10_K003_7.mat,8714904,2015-09-22T12:08:45,1c0aabb368584d764894dc14218f05698fc856e90fa2a174ce96ff2513e14da1
data,PU,/home/jeffwork/data_pu/K003/N15_M01_F10_K003_8.mat,8714968,2015-09-22T12:09:19,237ed99b83258172bb22b18f72ad0daf763a6891e8164422333f9c86d60a8c6a
data,PU,/home/jeffwork/data_pu/K003/N15_M01_F10_K003_9.mat,8714904,2015-09-22T12:09:58,8739e4409aab825a90ba140b2cc824eee80eee0cd1d989ec931f8a10e4c0dcc3
data,PU,/home/jeffwork/data_pu/K003/N15_M07_F04_K003_1.mat,8714904,2015-09-22T12:18:27,ff99940e6ad2e61d27a01e3e4a5907523094ca505d01f59663d687a6a2231a97
data,PU,/home/jeffwork/data_pu/K003/N15_M07_F04_K003_10.mat,8914648,2015-09-22T12:22:42,ea78ac3b4bcb13da91a6303aab3dfc8ba0c9197466b9a966ed8dfdef0941541f
data,PU,/home/jeffwork/data_pu/K003/N15_M07_F04_K003_11.mat,8717848,2015-09-22T12:23:19,aef4c62a255ec6656a12df42621d55a569af82bc4ef96966cfdd54ae1a82f4ae
data,PU,/home/jeffwork/data_pu/K003/N15_M07_F04_K003_12.mat,8714904,2015-09-22T12:23:43,3da5db6e8608d7cd20350dccf1e8e133c273368165c15c07040d7f49c3806eb8
data,PU,/home/jeffwork/data_pu/K003/N15_M07_F04_K003_13.mat,8714904,2015-09-22T12:24:12,4c6740952eec19414265122b6ba5afadb9b26b426aeae2bcffe0f45dbba0bb00
data,PU,/home/jeffwork/data_pu/K003/N15_M07_F04_K003_14.mat,8714904,2015-09-22T12:24:37,70994c059041adac2fe87abb356205d8303f9ec698dba42f89adeaea83f55b06
data,PU,/home/jeffwork/data_pu/K003/N15_M07_F04_K003_15.mat,8714872,2015-09-22T12:25:02,6f0763630b42d3f058222b533e33c38285900f56ef740a125cb3a1f4785467e9
data,PU,/home/jeffwork/data_pu/K003/N15_M07_F04_K003_16.mat,8736672,2015-09-22T12:25:33,1100b493e6e267985bdf7689cab9137db5c75db682dbcad63166d7256ebac93a
data,PU,/home/jeffwork/data_pu/K003/N15_M07_F04_K003_17.mat,8714904,2015-09-22T12:26:01,df795e73a17603cda486a2741d881d54d534c37447211a82a57f43abd602d781
data,PU,/home/jeffwork/data_pu/K003/N15_M07_F04_K003_18.mat,8779640,2015-09-22T12:26:32,2e181a43caed66205f386f8dd34f0d0e9fdba1c2bf6b57e9ae1bfb38e6215f70
data,PU,/home/jeffwork/data_pu/K003/N15_M07_F04_K003_19.mat,8714904,2015-09-22T12:27:04,3d3b61f17d058176e14b06a3f61130955adaa4228d7356c62ca20efe5c259264
data,PU,/home/jeffwork/data_pu/K003/N15_M07_F04_K003_2.mat,8844568,2015-09-22T12:18:53,bd03064c2c7bdb0884d6b63e38daa414a0450168ee68838c76472d46aca23bb1
data,PU,/home/jeffwork/data_pu/K003/N15_M07_F04_K003_20.mat,8714904,2015-09-22T12:27:33,a9b03c4c14fd5af8e6a6c8d30c43cc162233aae913cec321f181342c32750a5a
data,PU,/home/jeffwork/data_pu/K003/N15_M07_F04_K003_3.mat,8714904,2015-09-22T12:19:20,8ff0186220bcf1bc2a266eca800e8a8a1652f810caf2ba90d7e0e637a49bca5f
data,PU,/home/jeffwork/data_pu/K003/N15_M07_F04_K003_4.mat,8923256,2015-09-22T12:19:48,63687eaf7dd775a8717ad94f1d398305dcfda317197cec68b8fa5b4abd6b109e
data,PU,/home/jeffwork/data_pu/K003/N15_M07_F04_K003_5.mat,8714904,2015-09-22T12:20:14,de0c629feda74ecde0093833e28adbad25ae2db920140ec5f867632e7f667f99
data,PU,/home/jeffwork/data_pu/K003/N15_M07_F04_K003_6.mat,8836216,2015-09-22T12:20:43,afa3135656c35a2b8b4ffd9f04c8f03183cc650b4d671c6ad35a5199ce4495bb
data,PU,/home/jeffwork/data_pu/K003/N15_M07_F04_K003_7.mat,8714904,2015-09-22T12:21:09,8ebb9b3024e48f0e2c962c8f511941c300e660bad18c0dd16aa475a62933e3cc
data,PU,/home/jeffwork/data_pu/K003/N15_M07_F04_K003_8.mat,8714904,2015-09-22T12:21:36,e3dde14457e1a32ca29729637cca43a7e36f8f4867d6e9482c3743d51d7106c7
data,PU,/home/jeffwork/data_pu/K003/N15_M07_F04_K003_9.mat,8714904,2015-09-22T12:22:09,6cc887c78c54a1f352e2c30a378b1ba9329e1e1bc562d62d89d8baf50ede8479
data,PU,/home/jeffwork/data_pu/K003/N15_M07_F10_K003_1.mat,8714872,2015-09-22T11:41:38,c0f0fab2248bf96db5bb0301e7ad157efbcde9ec6af43a4f9cf50100e3bc038e
data,PU,/home/jeffwork/data_pu/K003/N15_M07_F10_K003_10.mat,8714904,2015-09-22T11:46:29,9a358ea53a069ff2ecdc9f8c073a98c64a3b5d3ebaf048054e8a2e730eb7d8c0
data,PU,/home/jeffwork/data_pu/K003/N15_M07_F10_K003_11.mat,8745688,2015-09-22T11:47:06,0eebb3f4e49512c6c0d8b130ac1830bedc7aa864348992df2f355aebf71449b2
data,PU,/home/jeffwork/data_pu/K003/N15_M07_F10_K003_12.mat,8720504,2015-09-22T11:47:40,eeece3754d8ce74e40a569e223a9cb37d83915c065b9a132a9bce0b6264c31aa
data,PU,/home/jeffwork/data_pu/K003/N15_M07_F10_K003_13.mat,8716888,2015-09-22T11:48:12,93a9882dd2f3d120d4d1c90c7e09ccd00eeca1bec149c129e6b7325b60f64305
data,PU,/home/jeffwork/data_pu/K003/N15_M07_F10_K003_14.mat,8854008,2015-09-22T11:48:43,3284a2f7c889e9a6e06642a017014c21503a9152bf51bd44733d31e93901b2ec
data,PU,/home/jeffwork/data_pu/K003/N15_M07_F10_K003_15.mat,8802392,2015-09-22T11:49:13,b1818b79cffd6b538a94cce733e7677c720a59554ca596b29cc8a6df17ac03ab
data,PU,/home/jeffwork/data_pu/K003/N15_M07_F10_K003_16.mat,8718616,2015-09-22T11:49:46,fae5c8412acd082973c57dbb2226c11134bf37521b79151887135a7d4a83e1ed
data,PU,/home/jeffwork/data_pu/K003/N15_M07_F10_K003_17.mat,8892056,2015-09-22T11:50:17,609ad979f50d1ea0226340037b25a358ca1dd562eb1fd55443837a2385d9cf80
data,PU,/home/jeffwork/data_pu/K003/N15_M07_F10_K003_18.mat,8718488,2015-09-22T11:50:52,090e119618085f691305b4bf4001f2d43cdd8e620ec450e2de5c27191fb14898
data,PU,/home/jeffwork/data_pu/K003/N15_M07_F10_K003_19.mat,8714904,2015-09-22T11:51:22,8fd18d5838c716b77b81205e9b49b2df2336afc3d697422ec6d022615023133c
data,PU,/home/jeffwork/data_pu/K003/N15_M07_F10_K003_2.mat,8714904,2015-09-22T11:42:12,abfd86590e14aa2e3c175f71edc85f1b7c4b70b52fbee9d552d88ad0c144fba1
data,PU,/home/jeffwork/data_pu/K003/N15_M07_F10_K003_20.mat,8746136,2015-09-22T11:51:53,2fadd9c22bfb633508d1b1b819942023fced7329c47a22dd758ce017315988e5
data,PU,/home/jeffwork/data_pu/K003/N15_M07_F10_K003_3.mat,8714904,2015-09-22T11:42:51,9bcc2d54924786d1a975e180d3a6572eba8fc4a6200be03415ed294ffff470c3
data,PU,/home/jeffwork/data_pu/K003/N15_M07_F10_K003_4.mat,8718080,2015-09-22T11:43:22,d16f1083654d9491f19d8b0c43edf0691e6542b30bb82e38e8411e44d756956a
data,PU,/home/jeffwork/data_pu/K003/N15_M07_F10_K003_5.mat,8718584,2015-09-22T11:43:56,1ab9149f4d784e0c44d5dd23dc3e8b0fb2baf450a314f26c3f26c8577102ea3e
data,PU,/home/jeffwork/data_pu/K003/N15_M07_F10_K003_6.mat,8714872,2015-09-22T11:44:29,524aa6eff0b8b599338e03dceffbc38a3e564e9c6eb0af32b8207b6b7341f800
data,PU,/home/jeffwork/data_pu/K003/N15_M07_F10_K003_7.mat,8714904,2015-09-22T11:45:03,2ef7fd409b53563f7b37d06ec95c60a108524d739d11516d93f370f4aa9cd602
data,PU,/home/jeffwork/data_pu/K003/N15_M07_F10_K003_8.mat,8714872,2015-09-22T11:45:31,5e5ce7fe81254ff5ac700f19137d553b3ec31bb7ce06473417f83a89b801edf1
data,PU,/home/jeffwork/data_pu/K003/N15_M07_F10_K003_9.mat,8714936,2015-09-22T11:46:00,14f40cf4aca1d20724622d3d5ff4d76f8b54e4453cfb8d719923951fbf7e8fcd
data,PU,/home/jeffwork/data_pu/K004/N09_M07_F10_K004_1.mat,8714936,2015-10-16T17:33:49,31426daacf26f23807759109a444ddc95ebe30db00f923981f7ed9ce76b4cab6
data,PU,/home/jeffwork/data_pu/K004/N09_M07_F10_K004_10.mat,8714904,2015-10-16T17:38:07,e29aaa324382f018b0c6e44b597806ae185118976a0d6185e523d9569f366423
data,PU,/home/jeffwork/data_pu/K004/N09_M07_F10_K004_11.mat,8714904,2015-10-16T17:38:33,64a7c3c366c35812b7784ae8cd031b7d8383d26a3f7d9cb475db69af837d90c8
data,PU,/home/jeffwork/data_pu/K004/N09_M07_F10_K004_12.mat,8714872,2015-10-16T17:38:57,1458761c5fef91a6a6c972e6838dab4ad52f9b9404f5ff4694e6e00ac47962f1
data,PU,/home/jeffwork/data_pu/K004/N09_M07_F10_K004_13.mat,8714904,2015-10-16T17:39:21,23c24e204bdf439004ab63dc0396c79b0035d11481f3a838883c5b7103e292f8
data,PU,/home/jeffwork/data_pu/K004/N09_M07_F10_K004_14.mat,8768792,2015-10-16T17:39:47,6cbc1aa70e095afcf7fc6f699a49eb957cf80d693a076f63b15feb133a5e7432
data,PU,/home/jeffwork/data_pu/K004/N09_M07_F10_K004_15.mat,8714904,2015-10-16T17:40:15,dc720d58340a485888c134206272f39aedc630dfdf837ccf1febaf4acde67ecd
data,PU,/home/jeffwork/data_pu/K004/N09_M07_F10_K004_16.mat,8714904,2015-10-16T17:40:42,be96ae2cbfa55bbd290f8aff81d34cf809a4f76b733a8858df3b5c32353ee111
data,PU,/home/jeffwork/data_pu/K004/N09_M07_F10_K004_17.mat,8714904,2015-10-16T17:41:06,6d29e6593a1f5023733de8f193ff0a6d31c0992202f1e3a85fa0f41d3d4d519c
data,PU,/home/jeffwork/data_pu/K004/N09_M07_F10_K004_18.mat,8714904,2015-10-16T17:41:32,88d71c9be3d8d9bfd1d5bdec60465357dcca8e1b5238c6b97f250a005a64f0c9
data,PU,/home/jeffwork/data_pu/K004/N09_M07_F10_K004_19.mat,8714872,2015-10-16T17:42:00,6a8768f35705606453674f19c27f7f057e12c85bc1435700c683cf05fbd12fc1
data,PU,/home/jeffwork/data_pu/K004/N09_M07_F10_K004_2.mat,8842744,2015-10-16T17:34:30,5549d0dd2a53d9c0388f09653711a4a5edf3ee1be088773e5fdec2c83f86958a
data,PU,/home/jeffwork/data_pu/K004/N09_M07_F10_K004_20.mat,8871992,2015-10-16T17:42:25,4459c3a3eedfd31644e209ce961ed6e3f01f6668577d54742e45d7f263dcd7d0
data,PU,/home/jeffwork/data_pu/K004/N09_M07_F10_K004_3.mat,8714904,2015-10-16T17:34:58,94b1f6ccff01adf6b8b6bcf093d87991a2de9e842a6489db3153ceec6a8abb47
data,PU,/home/jeffwork/data_pu/K004/N09_M07_F10_K004_4.mat,8714904,2015-10-16T17:35:25,1ea311e79b3698988a985b167ef06f62803a051803cd606840cb370963fff8c5
data,PU,/home/jeffwork/data_pu/K004/N09_M07_F10_K004_5.mat,8714904,2015-10-16T17:35:55,c32f97d8e1f9868e434b0a686674180392b506717a14d889f5d9c1f11d20e994
data,PU,/home/jeffwork/data_pu/K004/N09_M07_F10_K004_6.mat,8714904,2015-10-16T17:36:21,43ed10f41bb020eb34da539a7a8c33b8f03732ef7250a0d1f29fa6d1675a550c
data,PU,/home/jeffwork/data_pu/K004/N09_M07_F10_K004_7.mat,8719552,2015-10-16T17:36:48,7d481ecdbd3489537604824d10e8b1d4d2a57474afb7af7bb74a8b35ae0ca3a2
data,PU,/home/jeffwork/data_pu/K004/N09_M07_F10_K004_8.mat,8727640,2015-10-16T17:37:15,fc712f2d838485283eba223153ee0931c805636914bbdb41660473374f87eab0
data,PU,/home/jeffwork/data_pu/K004/N09_M07_F10_K004_9.mat,8714904,2015-10-16T17:37:40,e6b55b233b6ed3f830ee95d73943910525d44a2409a3bcc9f04676de4a63608f
data,PU,/home/jeffwork/data_pu/K004/N15_M01_F10_K004_1.mat,8714904,2015-10-16T17:11:31,aa09c3c3da565c6dec605b837e5f2707d2d31c2e6480eb01261900efa77ec90d
data,PU,/home/jeffwork/data_pu/K004/N15_M01_F10_K004_10.mat,8714904,2015-10-16T17:15:18,4b7f16b1e248766aefe40c2b84086f2117d003693c0afdfad9c23b1f2cd23631
data,PU,/home/jeffwork/data_pu/K004/N15_M01_F10_K004_11.mat,8714904,2015-10-16T17:15:42,9b3ab1d75aca3ed038c60660a7e2a094b3354c6dd953a116fcc76684600cb46a
data,PU,/home/jeffwork/data_pu/K004/N15_M01_F10_K004_12.mat,8714904,2015-10-16T17:16:06,1b39f1d444010bb30bc1c840852dbc5658078245d89742f35d9388bfe547efc3
data,PU,/home/jeffwork/data_pu/K004/N15_M01_F10_K004_13.mat,8714904,2015-10-16T17:16:39,3bfb10d04304797b1bc85bd823a1d37190f081f4a9e4b80d0e9a317a3021f1d4
data,PU,/home/jeffwork/data_pu/K004/N15_M01_F10_K004_14.mat,8861624,2015-10-16T17:17:07,93767b8c4ed1aaee758614dce90c54c50f792aea8388eae72602e8b4c3d6d5ee
data,PU,/home/jeffwork/data_pu/K004/N15_M01_F10_K004_15.mat,8724760,2015-10-16T17:17:34,08b35fe138bd3534dc887342653505a2249f58d3e346895c835d513ea0b33cb0
data,PU,/home/jeffwork/data_pu/K004/N15_M01_F10_K004_16.mat,8714904,2015-10-16T17:18:00,c86a8b9ed3b628de1d3e0e369a29c22b9cf8443f3d84bfb85c7d3b1f2a86a46f
data,PU,/home/jeffwork/data_pu/K004/N15_M01_F10_K004_17.mat,8779928,2015-10-16T17:18:26,df80445591eda719d73b824f8430a728e68bc63a3b69c0edcd798236786085ae
data,PU,/home/jeffwork/data_pu/K004/N15_M01_F10_K004_18.mat,8714904,2015-10-16T17:18:52,909f8450364961e6c00a439538d60e4e2e5c1e7b7bc0d359f497c6b58eb77ed7
data,PU,/home/jeffwork/data_pu/K004/N15_M01_F10_K004_19.mat,8714904,2015-10-16T17:19:18,57b7ee1d48d4bb501522f14ec2f53be3819cd567065f9cc7b1f9049422476ef1
data,PU,/home/jeffwork/data_pu/K004/N15_M01_F10_K004_2.mat,8714904,2015-10-16T17:11:57,063dc7020f5bc984a305b8d5e2f36e858665194dd5e7e1ec98e00fd8cc24206d
data,PU,/home/jeffwork/data_pu/K004/N15_M01_F10_K004_20.mat,8768568,2015-10-16T17:19:43,0d89d526363f082458e514c8c6adbd9d0d0402f8f3489dc271c8df56e454a8aa
data,PU,/home/jeffwork/data_pu/K004/N15_M01_F10_K004_3.mat,8714904,2015-10-16T17:12:23,ef9d7b961b36822b38288cd183a478da5fc2a1840e9d03bbc5a557b96d0f2aef
data,PU,/home/jeffwork/data_pu/K004/N15_M01_F10_K004_4.mat,8714936,2015-10-16T17:12:46,3af176c1a7d5ec2e392dd931d3749f1ad0092dfaec9fe8cb23c02051c90590da
data,PU,/home/jeffwork/data_pu/K004/N15_M01_F10_K004_5.mat,8714904,2015-10-16T17:13:11,4900972a9d8f5d71c685baa585a15a649c3a8ff25c7d9d5d00cba956528578c2
data,PU,/home/jeffwork/data_pu/K004/N15_M01_F10_K004_6.mat,8714904,2015-10-16T17:13:35,a5fb6a29f8690f1aaa8efadd5f33a14526129916a9ec484a8cb647da94d1bf1c
data,PU,/home/jeffwork/data_pu/K004/N15_M01_F10_K004_7.mat,8714904,2015-10-16T17:13:59,25c62425101256ab6a66c2a166be6bbea313ebb802604bdf3986c28795cb59d9
data,PU,/home/jeffwork/data_pu/K004/N15_M01_F10_K004_8.mat,8714904,2015-10-16T17:14:25,92dc2e832fa09abe08db2f0991cfb98d76f63fd721d83c73a8c100d9a9a50585
data,PU,/home/jeffwork/data_pu/K004/N15_M01_F10_K004_9.mat,8714904,2015-10-16T17:14:49,97ceebe64e4b233596570c7824d5dfd27b545b52983d9077d3bbfa6d083befa2
data,PU,/home/jeffwork/data_pu/K004/N15_M07_F04_K004_1.mat,8714904,2015-10-16T17:45:25,25fbe3826cb4755f8b33c49911ec81c2f47b28591bcfb41bcb6f51c87b0bd274
data,PU,/home/jeffwork/data_pu/K004/N15_M07_F04_K004_10.mat,8780280,2015-10-16T17:49:24,20fe0419509397d9c8ab0ee33f339ed61a4c3b46c07b926666f997992bcab33a
data,PU,/home/jeffwork/data_pu/K004/N15_M07_F04_K004_11.mat,8714904,2015-10-16T17:49:50,8417af1fcad1cd597ab04ab12f89b8c4683c6786c06e435bcd737a5956c9ae69
data,PU,/home/jeffwork/data_pu/K004/N15_M07_F04_K004_12.mat,8724352,2015-10-16T17:50:18,4331bba509ee183982cb2e8f8913b5f2ba2e88feeaf39b0e395142a2f85bff0c
data,PU,/home/jeffwork/data_pu/K004/N15_M07_F04_K004_13.mat,8714872,2015-10-16T17:50:44,32baec4c1aaa29a297107f8f87b0709ce4ce308d4689974ea2d5004699cbc7d3
data,PU,/home/jeffwork/data_pu/K004/N15_M07_F04_K004_14.mat,8714904,2015-10-16T17:51:09,b10ce6f55c2aef9f2ab51a89680c843909350470edc1d396c88725eb6b373c1e
data,PU,/home/jeffwork/data_pu/K004/N15_M07_F04_K004_15.mat,8776824,2015-10-16T17:51:35,0336bd090684e1328c7b3d62af17ef57deed764588404e91b0479da4da7a55bb
data,PU,/home/jeffwork/data_pu/K004/N15_M07_F04_K004_16.mat,8714904,2015-10-16T17:51:59,8c6e213cf76c69bdb32e060c6e0cdb2958d1fe3ead4d9286217b2a58c94e8dd3
data,PU,/home/jeffwork/data_pu/K004/N15_M07_F04_K004_17.mat,8714904,2015-10-16T17:52:26,68d2e5b181ccac82467e2d7bd56a295b463cd24a1850e211b3e7e013e7b7b5ca
data,PU,/home/jeffwork/data_pu/K004/N15_M07_F04_K004_18.mat,8714904,2015-10-16T17:52:56,3c52551a48986f7b61536bd774c486c81a0a92958d2ad6f622a6922f19c3e89a
data,PU,/home/jeffwork/data_pu/K004/N15_M07_F04_K004_19.mat,8714904,2015-10-16T17:53:21,ea706cabb145a1223c5c7c67f574611e622036027704b84a92ee143019246384
data,PU,/home/jeffwork/data_pu/K004/N15_M07_F04_K004_2.mat,8714904,2015-10-16T17:45:52,dbb949884473d52ce98c02ec8fe9f685aed475783983b355d84eda35f9d9f849
data,PU,/home/jeffwork/data_pu/K004/N15_M07_F04_K004_20.mat,8714904,2015-10-16T17:53:44,d38d2ec2d9f877f0f005c7a61a73c307620d594424b43c2d9466afdcd68f41e4
data,PU,/home/jeffwork/data_pu/K004/N15_M07_F04_K004_3.mat,8714904,2015-10-16T17:46:15,60d369116d45ce8e13bed19b0923a9bd8629313cbbc86c505b86ee4adb5c24f3
data,PU,/home/jeffwork/data_pu/K004/N15_M07_F04_K004_4.mat,8714904,2015-10-16T17:46:43,6b7abd8bebbaa9e70c74b1f7a66c4c9264fcfe81d4d08fced4d3dba3137afb05
data,PU,/home/jeffwork/data_pu/K004/N15_M07_F04_K004_5.mat,8714872,2015-10-16T17:47:16,974bebb1a1c70f4ee4d2fd9371464bfe1904b40e3c0400764bd44191e3e3dedb
data,PU,/home/jeffwork/data_pu/K004/N15_M07_F04_K004_6.mat,8714904,2015-10-16T17:47:42,d9835af7b6aac21be1721bbd406e045202cbb6b6be4eb7d328bf8cb7f0491211
data,PU,/home/jeffwork/data_pu/K004/N15_M07_F04_K004_7.mat,8714904,2015-10-16T17:48:08,1f8fdf35ad6462eb364e90e37456e19d70a2c181384270faf2550dddbff019d3
data,PU,/home/jeffwork/data_pu/K004/N15_M07_F04_K004_8.mat,8767000,2015-10-16T17:48:32,b1067144c6dd5abc2fd9404fa19e38973690fdec51aaa354cad079f10e7750b1
data,PU,/home/jeffwork/data_pu/K004/N15_M07_F04_K004_9.mat,8714904,2015-10-16T17:49:00,ffed1f94d4130d9627f5f2be41c8236b9f016460058af836d2437daaae17c320
data,PU,/home/jeffwork/data_pu/K004/N15_M07_F10_K004_1.mat,8714904,2015-10-16T17:20:48,4fbe5c88b56c0a2e1a4b20ca25894024717117b6420e4d9a0e2903f1efc01368
data,PU,/home/jeffwork/data_pu/K004/N15_M07_F10_K004_10.mat,8714904,2015-10-16T17:24:40,c30a960e3c5a0ce8d010df74ad47b17f8077e9cc06e95b8808b9166c8e58cc59
data,PU,/home/jeffwork/data_pu/K004/N15_M07_F10_K004_11.mat,8714904,2015-10-16T17:25:06,17427135de688ac200079e6e334556116352b865a845f6ba00ace135a5f27855
data,PU,/home/jeffwork/data_pu/K004/N15_M07_F10_K004_12.mat,8714936,2015-10-16T17:25:33,eaeac36534463e038e411ec849154ad337a74a40bd4f1f632b4b2854bae8dbe4
data,PU,/home/jeffwork/data_pu/K004/N15_M07_F10_K004_13.mat,8714872,2015-10-16T17:25:59,58220d3e695c2c9ee712b89d38d89485a76dcf512e502eca1ce34e2d7187ed23
data,PU,/home/jeffwork/data_pu/K004/N15_M07_F10_K004_14.mat,8714904,2015-10-16T17:26:28,b9f08a2e44ec88241a88f391b2f308a1314da699bd3840ea92726159795ca78e
data,PU,/home/jeffwork/data_pu/K004/N15_M07_F10_K004_15.mat,8714904,2015-10-16T17:27:25,fb30ed86e344d349b632619d892f0baa5958fbcb4a9f3a6239a8abaaef3f137d
data,PU,/home/jeffwork/data_pu/K004/N15_M07_F10_K004_16.mat,8714904,2015-10-16T17:27:57,308403da860e09deefb71d67e467448a5bb2e429273636164815e29aea13e0ca
data,PU,/home/jeffwork/data_pu/K004/N15_M07_F10_K004_17.mat,8714872,2015-10-16T17:28:21,3d6a46dffbf9b32b4c3c9bf65fe4e6c5de20bc4245adc7c3b679ec23feee87e4
data,PU,/home/jeffwork/data_pu/K004/N15_M07_F10_K004_18.mat,8714904,2015-10-16T17:28:47,4471dcb8f492055754f3c9e893dd692891f5b085f6f86d8aedb65acf6a4fdcee
data,PU,/home/jeffwork/data_pu/K004/N15_M07_F10_K004_19.mat,8714904,2015-10-16T17:29:14,b9fbdc3881b9370b546c01df30f227be242a65dd4d7c4c0e051e48ea6d18c45e
data,PU,/home/jeffwork/data_pu/K004/N15_M07_F10_K004_2.mat,8714904,2015-10-16T17:21:15,065d14326f781471978b8b4b08cd4e66c6e34cd436e6c98584377c1aa1e8733c
data,PU,/home/jeffwork/data_pu/K004/N15_M07_F10_K004_20.mat,8714904,2015-10-16T17:29:47,d915f7f000289e80dd4996136d35903f94c6bd96d6ce46686e15c00e2e6375a4
data,PU,/home/jeffwork/data_pu/K004/N15_M07_F10_K004_3.mat,8714904,2015-10-16T17:21:40,99bc000a2eb49a3b84fdf5b97b2da6b422fbfaae7c988825b879330f709d684d
data,PU,/home/jeffwork/data_pu/K004/N15_M07_F10_K004_4.mat,8714904,2015-10-16T17:22:08,2e8c50a06a4bb31d1813de48fccae780fb171c9dab16d6b47e9474ae805fcf00
data,PU,/home/jeffwork/data_pu/K004/N15_M07_F10_K004_5.mat,8714872,2015-10-16T17:22:33,33e77454793f8ee4e7c1c95b5b161f1e70d28e06da16e866377ce0c8a61d6716
data,PU,/home/jeffwork/data_pu/K004/N15_M07_F10_K004_6.mat,8714904,2015-10-16T17:22:58,f6c1bff9b7e43bc53b4455194de5941bc1fe3e2cbbef570dbeb0a9301cea837c
data,PU,/home/jeffwork/data_pu/K004/N15_M07_F10_K004_7.mat,8715000,2015-10-16T17:23:24,495c9be753c78f83b85b9f3abbd9f2997c3fb6ee8041c38b3928d522d11554f6
data,PU,/home/jeffwork/data_pu/K004/N15_M07_F10_K004_8.mat,8714904,2015-10-16T17:23:50,3897f86e361bae2ae6bc85890863adc4aedd74b9661b3ede89c4076c9a4b8cd6
data,PU,/home/jeffwork/data_pu/K004/N15_M07_F10_K004_9.mat,8714872,2015-10-16T17:24:16,ccb0eca77910e40cab7a346b0111e9ddc9c019c90860cc1fbccd2891be9677ca
data,PU,/home/jeffwork/data_pu/K005/N09_M07_F10_K005_1.mat,8714904,2015-10-14T12:50:05,483bb71afbf45786faa3b960dc6850c87861a49cb07cae162574ef4e662a0c72
data,PU,/home/jeffwork/data_pu/K005/N09_M07_F10_K005_10.mat,8714904,2015-10-14T12:55:46,8b6323ba2a2ecadc17fe4783dea66dc65215c96bb9c924abc6362fb8a1ae30fe
data,PU,/home/jeffwork/data_pu/K005/N09_M07_F10_K005_11.mat,8714904,2015-10-14T12:56:14,01bedccf941b680ea5b0a23dd6ba44b79366b0dfb6f6ae10528540291d7abc33
data,PU,/home/jeffwork/data_pu/K005/N09_M07_F10_K005_12.mat,8742392,2015-10-14T12:56:46,41e8667927179582f41b16d1c3a93f87d835e16bb8a0d904eca33547aba7bde6
data,PU,/home/jeffwork/data_pu/K005/N09_M07_F10_K005_13.mat,8714872,2015-10-14T12:57:19,db55717df46bc9d03a65483e5ce7a0ad70c0b2b4f91a7fc9e2d03919f9c92fec
data,PU,/home/jeffwork/data_pu/K005/N09_M07_F10_K005_14.mat,8714968,2015-10-14T12:58:01,0b1bd961544f382afc6f0edbffd70e93086a815cfd0a7cffa9b56a282f295422
data,PU,/home/jeffwork/data_pu/K005/N09_M07_F10_K005_15.mat,8717848,2015-10-14T12:58:35,9c68613b68ddac4286665647e8aa938491bd0540f0caae17afcd9a895c706d03
data,PU,/home/jeffwork/data_pu/K005/N09_M07_F10_K005_16.mat,8904152,2015-10-14T12:59:06,4c717c018b3453b2730280a321fd11fde109dd0397b16ae095ad333507c81c18
data,PU,/home/jeffwork/data_pu/K005/N09_M07_F10_K005_17.mat,8714968,2015-10-14T12:59:34,be689540cd2512993d28284358da41e801aa848782b323494b1b5d97a12a92c9
data,PU,/home/jeffwork/data_pu/K005/N09_M07_F10_K005_18.mat,8714904,2015-10-14T13:00:01,8cf315a0d2dd580a65ce3bfc5eb773ddc428c75ebae037d179f93b0e41348f5c
data,PU,/home/jeffwork/data_pu/K005/N09_M07_F10_K005_19.mat,8714904,2015-10-14T13:00:39,751140e60f35c8139f87c085c92254af52c2ff4795f85e48d09e52c42e384ca8
data,PU,/home/jeffwork/data_pu/K005/N09_M07_F10_K005_2.mat,8717880,2015-10-14T12:50:36,7e9701c00f67e9732203132fa9c1e009ebef820571ee12b489301dbe6308eefd
data,PU,/home/jeffwork/data_pu/K005/N09_M07_F10_K005_20.mat,8714904,2015-10-14T13:01:12,58c49d4f8f654de5a1b5fb86c0d690cd4902cecbfe5885ebffe0272a2e297cec
data,PU,/home/jeffwork/data_pu/K005/N09_M07_F10_K005_3.mat,8718144,2015-10-14T12:51:06,157355726066227a1fd38865d6b385c37f1fc64862fbf17c2e47eb4b81d9a752
data,PU,/home/jeffwork/data_pu/K005/N09_M07_F10_K005_4.mat,8714904,2015-10-14T12:51:45,daf43de6e0c94273e26344fd0ac41775eef6f636d3c58c91c03f38d56737da48
data,PU,/home/jeffwork/data_pu/K005/N09_M07_F10_K005_5.mat,8714904,2015-10-14T12:52:21,fa0c8cca1ae257ee1a98b12f0aa662db5a11eecad3241ae3b5a5ca634346ee69
data,PU,/home/jeffwork/data_pu/K005/N09_M07_F10_K005_6.mat,8714904,2015-10-14T12:53:00,9094c83d11749d200d0d25452192bd683939abeec0f8a225ee331a01cb40a238
data,PU,/home/jeffwork/data_pu/K005/N09_M07_F10_K005_7.mat,8723872,2015-10-14T12:53:49,5c48e8deac53882a95217684341d1a9fed8506506f0b5b82f614f21c7103d108
data,PU,/home/jeffwork/data_pu/K005/N09_M07_F10_K005_8.mat,8717880,2015-10-14T12:54:28,3f6db296e6843ee81c8bfce4e0858eb4d4b90eaf14c3bf17ed1094fb621e2d72
data,PU,/home/jeffwork/data_pu/K005/N09_M07_F10_K005_9.mat,8714904,2015-10-14T12:55:11,2bb151be36a87c48e27da25a74b13453e377d25e23919c18ba81f494392f2cd0
data,PU,/home/jeffwork/data_pu/K005/N15_M01_F10_K005_1.mat,8714904,2015-10-14T13:03:57,39f58535a9628b7119f3b333101ad336452df34a1eca1c17b3fe00367f51a4aa
data,PU,/home/jeffwork/data_pu/K005/N15_M01_F10_K005_10.mat,8714904,2015-10-14T13:08:40,64948f19d16737e1e8b78be442ec6200b179257e2f1fe3ba891a3cdcc26658ca
data,PU,/home/jeffwork/data_pu/K005/N15_M01_F10_K005_11.mat,8714904,2015-10-14T13:09:11,f8f700b07eb1d9b6849b52a7a2681343dc5d29c6271c1301e38e97a129be33d0
data,PU,/home/jeffwork/data_pu/K005/N15_M01_F10_K005_12.mat,8714904,2015-10-14T13:09:40,94ccaf53a7d0a88c07814c42847a508ab76096e430cd35963cd6ce29d50386a1
data,PU,/home/jeffwork/data_pu/K005/N15_M01_F10_K005_13.mat,8714904,2015-10-14T13:10:09,47e19c20ca14546af5b93ed0c06da99f8957cea4a7777381bbab101b480b5378
data,PU,/home/jeffwork/data_pu/K005/N15_M01_F10_K005_14.mat,8714904,2015-10-14T13:10:42,9bb68c6a1160ad3a6f79e3955af296644b71062ab0e10bc94a17b44c6dfe6840
data,PU,/home/jeffwork/data_pu/K005/N15_M01_F10_K005_15.mat,8714904,2015-10-14T13:11:14,1f6e0ce7168ef8d6f9fbbc136a41e3d009dc8a5e9d493df18ed6ba290ad02ea1
data,PU,/home/jeffwork/data_pu/K005/N15_M01_F10_K005_16.mat,8714872,2015-10-14T13:11:43,e217838e2f4d0dbcf1343fcae318ac9cf9c11b5cc6b87245e28821405616012c
data,PU,/home/jeffwork/data_pu/K005/N15_M01_F10_K005_17.mat,8714904,2015-10-14T13:12:14,cc3af5051ff28e25ecd8facae84e40d9c2e8ad217d36ff64dc8b07b27496b1eb
data,PU,/home/jeffwork/data_pu/K005/N15_M01_F10_K005_18.mat,8843192,2015-10-14T13:12:42,940c2c84d72e9726375a187d2e60e215dec75412bb10bbb9b7be31f8bcee1e49
data,PU,/home/jeffwork/data_pu/K005/N15_M01_F10_K005_19.mat,8724248,2015-10-14T13:13:18,951ce341a8e412eea594d220b37b5acd53176c9b8bd993d8f77b13be019cec67
data,PU,/home/jeffwork/data_pu/K005/N15_M01_F10_K005_2.mat,8714904,2015-10-14T13:04:28,24bdf554a88f1235624a16d993804311a26624843cbb088b69bebd661080a836
data,PU,/home/jeffwork/data_pu/K005/N15_M01_F10_K005_20.mat,8714904,2015-10-14T13:13:46,5d6ed782ee6fbea80395814ee68c8f72345ed4cafd788cdb1fabbb7baaf917f7
data,PU,/home/jeffwork/data_pu/K005/N15_M01_F10_K005_3.mat,8714872,2015-10-14T13:05:05,e024c3a7dba2e861a8c5acc78daf814466f825e8ec06a3dd635f825520d8ecee
data,PU,/home/jeffwork/data_pu/K005/N15_M01_F10_K005_4.mat,8900536,2015-10-14T13:05:36,826f7c554fba68dfaa1fffb4c43cdd10ce0b86810ec9254bca6ea3255beaf5e3
data,PU,/home/jeffwork/data_pu/K005/N15_M01_F10_K005_5.mat,8876216,2015-10-14T13:06:04,eb5e7ed1b5e53be0e8f7c114baf4dc09a3d07894a394186ba2b9fbc970f06152
data,PU,/home/jeffwork/data_pu/K005/N15_M01_F10_K005_6.mat,8899224,2015-10-14T13:06:35,c211beb43953447bf580474ffacaf87e7ec741caee7e4529cc9e3389f2734184
data,PU,/home/jeffwork/data_pu/K005/N15_M01_F10_K005_7.mat,8737336,2015-10-14T13:07:04,ebce5ffc397d74b7c59913e271ce2b56d84b5b74bbbb2bb85baf814f4bff63c0
data,PU,/home/jeffwork/data_pu/K005/N15_M01_F10_K005_8.mat,8714904,2015-10-14T13:07:33,f7439b4d556ab9a4f60fc636246b9c72e824e124b0f2e46d3a9405b11046b09f
data,PU,/home/jeffwork/data_pu/K005/N15_M01_F10_K005_9.mat,8753696,2015-10-14T13:08:11,a7e19ac7e06234f183694893f4892725f42fa586e1de7e9a318b50f6b390218d
data,PU,/home/jeffwork/data_pu/K005/N15_M07_F04_K005_1.mat,8875352,2015-10-14T13:17:27,ea57d77373f973972e9f2269f262f53cd297cb872cac9141a11de7eef6378dd0
data,PU,/home/jeffwork/data_pu/K005/N15_M07_F04_K005_10.mat,8714904,2015-10-14T13:21:25,2d4a28e2ba3b60f115d3a08498422828e8819820bc1841568aa2636d6199da04
data,PU,/home/jeffwork/data_pu/K005/N15_M07_F04_K005_11.mat,8714904,2015-10-14T13:21:50,48d94579b5ea67cc7fd306c48c4b19e5a39083b335a1e9a99e39a876044a9551
data,PU,/home/jeffwork/data_pu/K005/N15_M07_F04_K005_12.mat,8714904,2015-10-14T13:22:16,67440331782d57724dbd323a2a4c0f60386ad5e4b40d8c197a9f5c2ed99154fd
data,PU,/home/jeffwork/data_pu/K005/N15_M07_F04_K005_13.mat,8769496,2015-10-14T13:22:42,1883e068e22f3bb749c1c6e9fc90a56632b67084a3e225cb56b97a10e2a2667d
data,PU,/home/jeffwork/data_pu/K005/N15_M07_F04_K005_14.mat,8714904,2015-10-14T13:23:07,74470a9aa9193e31818fb9ce2ca1db8dc85104a47c413f0c32b740d56727c8b8
data,PU,/home/jeffwork/data_pu/K005/N15_M07_F04_K005_15.mat,8714904,2015-10-14T13:23:33,99337741e14c5abeeefc5a7be6559d9c1120bb929a374ae38e6d19ee020f1149
data,PU,/home/jeffwork/data_pu/K005/N15_M07_F04_K005_16.mat,8714904,2015-10-14T13:24:01,0125f82ea9f13575bcb9b1630f7b015ac0b19af3e25b54c97a99937854f0a81b
data,PU,/home/jeffwork/data_pu/K005/N15_M07_F04_K005_17.mat,8714872,2015-10-14T13:24:27,eccdd7cfbe2ba83eb1c7d70e0914490845c17c65728252bc858d50abbfe793e9
data,PU,/home/jeffwork/data_pu/K005/N15_M07_F04_K005_18.mat,8714904,2015-10-14T13:24:54,d815ab7dcbb19fe54a45d66e52d10cdc607c43d27e64ff4f1913a459b61af00d
data,PU,/home/jeffwork/data_pu/K005/N15_M07_F04_K005_19.mat,8714904,2015-10-14T13:25:21,de3e54bcbe54e3856c861135709b905cdb4bbf17be442bc21c24fc5f6c101ad8
data,PU,/home/jeffwork/data_pu/K005/N15_M07_F04_K005_2.mat,8714904,2015-10-14T13:17:52,b9586e9b26b08b642dfb108eb0c8224c428b388f1ad6b744cbf3574a136ff75b
data,PU,/home/jeffwork/data_pu/K005/N15_M07_F04_K005_20.mat,8714872,2015-10-14T13:25:47,dde9c7f6df75bfd3e1a9044fdd6ccb3f200c46586feeb7d9856fee68b4d6780a
data,PU,/home/jeffwork/data_pu/K005/N15_M07_F04_K005_3.mat,8714904,2015-10-14T13:18:18,1e7c495275f3cbdd22886d770ab9a433afa965a290fb63b7e2edf3b7be5796e1
data,PU,/home/jeffwork/data_pu/K005/N15_M07_F04_K005_4.mat,8714904,2015-10-14T13:18:44,d5d862acc0db7eb31239b4b8c280d57e1a7608e22aa33acfc27037d5aec16941
data,PU,/home/jeffwork/data_pu/K005/N15_M07_F04_K005_5.mat,8871000,2015-10-14T13:19:09,015388fc445e71a74f4bfd5409cc713202a3caa9bdb03492f7fd2f8908368545
data,PU,/home/jeffwork/data_pu/K005/N15_M07_F04_K005_6.mat,8714968,2015-10-14T13:19:35,0db4a1cccc962d6f999c37814bc0c1292a3087b1f6e19c00f05321eaffb043f7
data,PU,/home/jeffwork/data_pu/K005/N15_M07_F04_K005_7.mat,8720376,2015-10-14T13:20:04,1eab2b55d8361a30f004ad3f187d9a1f9abecb1359091672d1699fb7524cff83
data,PU,/home/jeffwork/data_pu/K005/N15_M07_F04_K005_8.mat,8714904,2015-10-14T13:20:30,0e5c033e86f6a6d06f60b19e4c81e1106a91aacecc43a27f7f6d59911637a91f
data,PU,/home/jeffwork/data_pu/K005/N15_M07_F04_K005_9.mat,8714904,2015-10-14T13:21:02,692fcbb08f392eb9409689b1c8ca8c0e97d377bc663165c20744ee66f32f201e
data,PU,/home/jeffwork/data_pu/K005/N15_M07_F10_K005_1.mat,8714904,2015-10-14T12:38:06,fa4e629194bdd37fad8216e64bb502f46e6a7adf2143f61fa14a8a2f9ad5bc7b
data,PU,/home/jeffwork/data_pu/K005/N15_M07_F10_K005_10.mat,8744632,2015-10-14T12:43:38,e8ba1e217922676e08d6df147a7c8989c2bd1093fab8463d7e1bc01fd129abe4
data,PU,/home/jeffwork/data_pu/K005/N15_M07_F10_K005_11.mat,8714968,2015-10-14T12:44:10,c9e755ab70cf635862480b9f5b03eb315cc62b6049f8a2dd1afa9bac10dee2fa
data,PU,/home/jeffwork/data_pu/K005/N15_M07_F10_K005_12.mat,8714904,2015-10-14T12:44:52,165bacdbe6ddece90b774083e378edf4d95a681fea513bc14692055875196946
data,PU,/home/jeffwork/data_pu/K005/N15_M07_F10_K005_13.mat,8714872,2015-10-14T12:45:25,ae1e0fea473b8c102468efee57fff316705c1067282717e8d11b3cc2f21ce5e0
data,PU,/home/jeffwork/data_pu/K005/N15_M07_F10_K005_14.mat,8714904,2015-10-14T12:45:57,31a17f0c0fef255d3247a8e1b965c531cd9bb9cbb8688c8a5588da91082f14c8
data,PU,/home/jeffwork/data_pu/K005/N15_M07_F10_K005_15.mat,8714872,2015-10-14T12:46:29,3c1d62ccff174755a95ca57266c57fb5db3191c4264f4af28dd6f221f3e321e4
data,PU,/home/jeffwork/data_pu/K005/N15_M07_F10_K005_16.mat,8714904,2015-10-14T12:46:58,b8202eae35c36c10b8fa9dd65d03e3563442195832dd8b2831202fcb23bac738
data,PU,/home/jeffwork/data_pu/K005/N15_M07_F10_K005_17.mat,8714872,2015-10-14T12:47:30,dc5e99b349b71a4363926bdddeb5a1568c92a67e24d7f0f3593ea0c443fb144f
data,PU,/home/jeffwork/data_pu/K005/N15_M07_F10_K005_18.mat,8717848,2015-10-14T12:48:01,55abfa61e0bfb8c20676e87655c51d31494eb712d51b339ce3d870fbe6bbe905
data,PU,/home/jeffwork/data_pu/K005/N15_M07_F10_K005_19.mat,8740096,2015-10-14T12:48:32,d41df09f9b8823d486fac2a709b2b5bd4b6159931a0f135b3088cbd9ad9d5ca0
data,PU,/home/jeffwork/data_pu/K005/N15_M07_F10_K005_2.mat,8714904,2015-10-14T12:38:43,ecddbef965589f3fed416e23b58949f217fc332aad8ea2b9b8b39729254f25ab
data,PU,/home/jeffwork/data_pu/K005/N15_M07_F10_K005_20.mat,8715032,2015-10-14T12:49:08,a2e204b2c4d959982cc43746c2d778230564c0ab412d7881a2bf9d78205d573b
data,PU,/home/jeffwork/data_pu/K005/N15_M07_F10_K005_3.mat,8753592,2015-10-14T12:39:15,17f9cba66585b8f946ea89fe3b349a53d1cffaa37f613f084153b3fa695422f9
data,PU,/home/jeffwork/data_pu/K005/N15_M07_F10_K005_4.mat,8737432,2015-10-14T12:39:59,ac6f51a785602d33af12b9c0ae9fd525aadda0cbd30de37ffa782f1558b892e5
data,PU,/home/jeffwork/data_pu/K005/N15_M07_F10_K005_5.mat,8714936,2015-10-14T12:40:33,2bcb68a21d69de7ddb4ed6fdf26159637c070e660eceb435c1f887038bace35a
data,PU,/home/jeffwork/data_pu/K005/N15_M07_F10_K005_6.mat,8714904,2015-10-14T12:41:07,485ef50bcbac526f9ae89fdb7460a675d58174578efe61e43aa227316e348996
data,PU,/home/jeffwork/data_pu/K005/N15_M07_F10_K005_7.mat,8731928,2015-10-14T12:41:44,ddf0f1abd42c6dc2a7d469a717bd1c7141f55190c7cabf7e798133692b4324ba
data,PU,/home/jeffwork/data_pu/K005/N15_M07_F10_K005_8.mat,8745208,2015-10-14T12:42:21,1811ffb0ddb1cb42ef1694b17f09febd956c393d7004df62887361a41cc603a2
data,PU,/home/jeffwork/data_pu/K005/N15_M07_F10_K005_9.mat,8714968,2015-10-14T12:42:55,d8f002546c527b4ad0346721ce488ebf0bfce84d10ae76a6658e0550fa43e5dc
data,PU,/home/jeffwork/data_pu/KA01/N09_M07_F10_KA01_1.mat,8714904,2014-11-10T11:49:05,e3e603da7d18332e548d0c8b4b3fdbfe116a259255c524b2f39265bc37c9d536
data,PU,/home/jeffwork/data_pu/KA01/N09_M07_F10_KA01_10.mat,8714872,2014-11-10T12:02:23,be3a6f6cc01f63b40b7e3adf5bea71cf0e0d43081705225d44b7ce6df84ef594
data,PU,/home/jeffwork/data_pu/KA01/N09_M07_F10_KA01_11.mat,8727672,2014-11-10T12:04:44,809a9538f1b788f5ba0d984167463503a9beb52d64512960ae7008974b1286b5
data,PU,/home/jeffwork/data_pu/KA01/N09_M07_F10_KA01_12.mat,8717592,2014-11-10T12:05:18,d8df7f7688b0510913441cccf9c2bbc64ef3489aeeb61d86fe352c88441c240e
data,PU,/home/jeffwork/data_pu/KA01/N09_M07_F10_KA01_13.mat,8714872,2014-11-10T12:06:57,6c4018275d50decd791e297dae68e5ae834560eccbd755b0714c410480843bf7
data,PU,/home/jeffwork/data_pu/KA01/N09_M07_F10_KA01_14.mat,8715032,2014-11-10T12:07:57,606f1bedbcb2fade5c5a9d4f3d7c90fbeb48761d7cf35a1b595304c15a91ebb7
data,PU,/home/jeffwork/data_pu/KA01/N09_M07_F10_KA01_15.mat,8717784,2014-11-10T12:08:27,1c010c21ece04b08930b7d1fc8b6d425071537f0edc772ce4e5b22de826af608
data,PU,/home/jeffwork/data_pu/KA01/N09_M07_F10_KA01_16.mat,8714904,2014-11-10T12:09:00,bfcf4f0726955a8425e1079dddee49eca4e701416fea55982fe4cf6e6125bdb4
data,PU,/home/jeffwork/data_pu/KA01/N09_M07_F10_KA01_17.mat,8717608,2014-11-10T12:09:24,ce7e977a85f676dbf7dd7efb07a1d1a1b5aa16d6a48af8219d0d07ebd42ed51a
data,PU,/home/jeffwork/data_pu/KA01/N09_M07_F10_KA01_18.mat,8714904,2014-11-10T12:10:44,6cf88c4c3fee0528913370d6d903af54975661036b6e33308dffefe811a33447
data,PU,/home/jeffwork/data_pu/KA01/N09_M07_F10_KA01_19.mat,8714968,2014-11-10T12:11:23,6f369b46aae49ea63076fb6e127a9953835daefbcd67241cec4e650042ac123e
data,PU,/home/jeffwork/data_pu/KA01/N09_M07_F10_KA01_2.mat,8717848,2014-11-10T11:50:30,43c68b73658a8a9e25b2f6b0e88be8f97bc2c8c10587f038b0cfb4a0318ad53f
data,PU,/home/jeffwork/data_pu/KA01/N09_M07_F10_KA01_20.mat,8714904,2014-11-10T12:12:46,ff8741f39ad43eda0ee42cb9420a35a91869aa563e1979a4b0949f97802db0f4
data,PU,/home/jeffwork/data_pu/KA01/N09_M07_F10_KA01_3.mat,8714936,2014-11-10T11:52:26,295fcc1d1e1d00b4a1fb8910f169ea72bd155d1a3ff965d4e49a33b160bed2b7
data,PU,/home/jeffwork/data_pu/KA01/N09_M07_F10_KA01_4.mat,8715000,2014-11-10T11:54:16,08e17ed7a84e6b40e8c821aa041eb75a0428dad6ed26fca6cee6f60561a1ba18
data,PU,/home/jeffwork/data_pu/KA01/N09_M07_F10_KA01_5.mat,8714904,2014-11-10T11:54:54,c6a674b63ad929973e820efc811ba1404062a2bd110fe0aca75a7b4307603e3f
data,PU,/home/jeffwork/data_pu/KA01/N09_M07_F10_KA01_6.mat,8718336,2014-11-10T11:55:40,94b623411aa7d46064548cf581aad9ed69e90554e0b8e81e35408bf28f8e1f45
data,PU,/home/jeffwork/data_pu/KA01/N09_M07_F10_KA01_7.mat,8714904,2014-11-10T11:56:20,5bdbf34f8ba24d9af2e72945410eb8151087825fd5dd7a380d96f2ec1b8ce663
data,PU,/home/jeffwork/data_pu/KA01/N09_M07_F10_KA01_8.mat,8714968,2014-11-10T11:58:45,12f145c6d03b0ff2c4d04cdc000ee7a4eea40c0cad3d788ead1fbbd49e0a57ac
data,PU,/home/jeffwork/data_pu/KA01/N09_M07_F10_KA01_9.mat,8718240,2014-11-10T12:01:07,116e70777f997d1adbe5bd0f36b43eaed105a2ed0b72b9fc0e091af6eaa84901
data,PU,/home/jeffwork/data_pu/KA01/N15_M01_F10_KA01_1.mat,8717496,2014-11-10T12:20:01,49176ea6dd58836a0fd1f51f09a04184d3c78a347f5b10a49f58662dbdbb5f19
data,PU,/home/jeffwork/data_pu/KA01/N15_M01_F10_KA01_10.mat,8714904,2014-11-10T12:26:37,b73153da96531963b407a5aad1e2af133c66bd1f2f65a98c71b2d74cda1922a6
data,PU,/home/jeffwork/data_pu/KA01/N15_M01_F10_KA01_11.mat,8714904,2014-11-10T12:27:49,636da6fbd5e50a7a2fe28aaa58e227c4773225f27d57a5eea00a4c63467b0b0a
data,PU,/home/jeffwork/data_pu/KA01/N15_M01_F10_KA01_12.mat,8714904,2014-11-10T12:28:18,8c835075087f7599a4109dcde4d6d066096bf318f4b29b397e7e53d6a90bb1d1
data,PU,/home/jeffwork/data_pu/KA01/N15_M01_F10_KA01_13.mat,8717672,2014-11-10T12:28:56,8ff4fad979e2c65520585b16aff793ffae4c2c3fa67ba978d575f9c643e7aec3
data,PU,/home/jeffwork/data_pu/KA01/N15_M01_F10_KA01_14.mat,8714872,2014-11-10T12:30:36,ab8e7450848afad40333d4edac296d74c945f4a606c4a83d3f5461fa93a9cd41
data,PU,/home/jeffwork/data_pu/KA01/N15_M01_F10_KA01_15.mat,8714904,2014-11-10T12:32:22,9e0d58e5ff07c3f7059337f20c6a13a8295f44a7f6c141e9e812662f7abba094
data,PU,/home/jeffwork/data_pu/KA01/N15_M01_F10_KA01_16.mat,8718072,2014-11-10T12:32:58,c845e02cdc38ae416b54bb873a9596b5c1988c9cf8fed80ade22e107af608857
data,PU,/home/jeffwork/data_pu/KA01/N15_M01_F10_KA01_17.mat,8717160,2014-11-10T12:33:44,f4a92636d8cd86a9208d88b00732a674db3f1043633e4b0ed40491f5b44dc26c
data,PU,/home/jeffwork/data_pu/KA01/N15_M01_F10_KA01_18.mat,8714872,2014-11-10T12:34:19,7fc74f40c7ff26f86adacaf62f9a5effb442b485ed2a7cff8b7c0dcf1506df74
data,PU,/home/jeffwork/data_pu/KA01/N15_M01_F10_KA01_19.mat,8714904,2014-11-10T12:34:47,922608090cdaa018787dab03fcabfff444822d6779b03a0f5f9b48a14301cb42
data,PU,/home/jeffwork/data_pu/KA01/N15_M01_F10_KA01_2.mat,8714936,2014-11-10T12:20:40,be0ba8b94b211f38160131f955f3ef5c260abaeac748712e6b80754c036ffa6e
data,PU,/home/jeffwork/data_pu/KA01/N15_M01_F10_KA01_20.mat,8714872,2014-11-10T12:35:13,a3abd3ff16373dcda9bd603606aa767f8dcc17e73cfd49b3085c70d5db7a1c98
data,PU,/home/jeffwork/data_pu/KA01/N15_M01_F10_KA01_3.mat,8715032,2014-11-10T12:21:52,58faddc0f37ebb664606a16933d0aa0199fafeab6b6217fbda8b248f6cf682eb
data,PU,/home/jeffwork/data_pu/KA01/N15_M01_F10_KA01_4.mat,8718176,2014-11-10T12:22:37,53d357a245f07005441887917d7b11f7130e6e16d807496548b4b769ab604886
data,PU,/home/jeffwork/data_pu/KA01/N15_M01_F10_KA01_5.mat,8718424,2014-11-10T12:23:22,b282c8fd4ed3ad12bab9af510e395113661456cf8a5d8c5a7243b669a9f3e1cd
data,PU,/home/jeffwork/data_pu/KA01/N15_M01_F10_KA01_6.mat,8714904,2014-11-10T12:24:23,04fd989bd930f731add8e4dfca3800828247bf194d3dbd089ad7b6f0c4f12184
data,PU,/home/jeffwork/data_pu/KA01/N15_M01_F10_KA01_7.mat,8714968,2014-11-10T12:25:10,baf3de4f638feb03e53427bd38213937e098bd5bbd802da4dab9005912d2e5d7
data,PU,/home/jeffwork/data_pu/KA01/N15_M01_F10_KA01_8.mat,8714872,2014-11-10T12:25:41,b23b50090dd6e8c79bd015533af487b240d22df8c347712b2d7e3738c768dd8d
data,PU,/home/jeffwork/data_pu/KA01/N15_M01_F10_KA01_9.mat,8714808,2014-11-10T12:26:11,d7e4c73b9e843edbd3c0288c56980636d69cfd1fc2230773875561314a195aa6
data,PU,/home/jeffwork/data_pu/KA01/N15_M07_F04_KA01_1.mat,8717848,2014-11-10T12:39:18,fba77932339810cc4b70a719a5e1e142fda381f5cdd91b1e4acd42d0ddd49d65
data,PU,/home/jeffwork/data_pu/KA01/N15_M07_F04_KA01_10.mat,8714904,2014-11-10T12:45:21,aa3b2487d0da725b6d960097142463405b7329bbbe1953657fb53b67eab75fe5
data,PU,/home/jeffwork/data_pu/KA01/N15_M07_F04_KA01_11.mat,8714872,2014-11-10T12:45:50,a72450c8cd3c04db454fba35b239bff103d26444bd4efc163ff4d0b0e515fd7a
data,PU,/home/jeffwork/data_pu/KA01/N15_M07_F04_KA01_12.mat,8714904,2014-11-10T12:46:27,a26fa9d436b419936f5d643d1d1d352f79481798b720b207a75e12c6dae1c059
data,PU,/home/jeffwork/data_pu/KA01/N15_M07_F04_KA01_13.mat,8714840,2014-11-10T12:46:57,a72a8c0b5dcce84faceac1d8831a85bed2b95f6189d78b046ba152c5fa945ea4
data,PU,/home/jeffwork/data_pu/KA01/N15_M07_F04_KA01_14.mat,8717272,2014-11-10T12:47:26,602d76bd62c82db3d0bbc6c98b4b03f5a10b6b1fd8ed9840ca32ef42bddce2e3
data,PU,/home/jeffwork/data_pu/KA01/N15_M07_F04_KA01_15.mat,8714872,2014-11-10T12:47:52,3455db979264ea25de3e1682545950d45c5a109d18bf246958d7716d9a1183be
data,PU,/home/jeffwork/data_pu/KA01/N15_M07_F04_KA01_16.mat,9388440,2014-11-10T12:48:24,528d5825e67a554ef88fc8003475bb11f211f2e4eb85c4a937ef1fd2f1c97e4b
data,PU,/home/jeffwork/data_pu/KA01/N15_M07_F04_KA01_17.mat,8717976,2014-11-10T12:48:56,714d049dc13f52d1322816145cab117e82411392160a222c7fe1ad17bf565193
data,PU,/home/jeffwork/data_pu/KA01/N15_M07_F04_KA01_18.mat,8714904,2014-11-10T12:49:25,74817d97a0f1969d4b19ba83c534f983ecf668ff3c9d7bddc58d45156bae8c6d
data,PU,/home/jeffwork/data_pu/KA01/N15_M07_F04_KA01_19.mat,8728280,2014-11-10T12:49:54,8f4ee460c9f5de3610dd96ef0e219d74f6bd9d6d14fd51c7fb07dcfe08a15c8f
data,PU,/home/jeffwork/data_pu/KA01/N15_M07_F04_KA01_2.mat,8714872,2014-11-10T12:39:54,1a348a8e10882ac8b478ddd14cc2b0a2242bff2656514b51924586bcbf13ac1a
data,PU,/home/jeffwork/data_pu/KA01/N15_M07_F04_KA01_20.mat,8717592,2014-11-10T12:50:24,35d72057f271e6a0da87ae2318d7879f05b8e713d4215b0ae55cab08fede85bf
data,PU,/home/jeffwork/data_pu/KA01/N15_M07_F04_KA01_3.mat,8714904,2014-11-10T12:40:48,ab85c13c30d39783680fb396c52c5c255ffa8ee1bb1acf9a918a9681948a3734
data,PU,/home/jeffwork/data_pu/KA01/N15_M07_F04_KA01_4.mat,8714968,2014-11-10T12:41:21,5d006f28a00172ec0dffdb7f4ee9a74f1781ddbb79d2735da614705717f39658
data,PU,/home/jeffwork/data_pu/KA01/N15_M07_F04_KA01_5.mat,8714840,2014-11-10T12:42:10,ba4288a98cdc261cf0102256347fbdf40bee4018f94dd793b536cf8bf934248e
data,PU,/home/jeffwork/data_pu/KA01/N15_M07_F04_KA01_6.mat,8717592,2014-11-10T12:42:47,849f2334297710427283d2499e97142b7adf27b24067fb8ffda0fdb4b2ba5f65
data,PU,/home/jeffwork/data_pu/KA01/N15_M07_F04_KA01_7.mat,8714872,2014-11-10T12:43:25,cefbd7bf5b4765818a0f86a342dc1e966a92ddbe4e5da70b1592847bcede84c7
data,PU,/home/jeffwork/data_pu/KA01/N15_M07_F04_KA01_8.mat,8714904,2014-11-10T12:44:17,73a3d6c74a5bb5979145ee83f32e89e3d7ad5a1c2fe7272b8975d83f47724a67
data,PU,/home/jeffwork/data_pu/KA01/N15_M07_F04_KA01_9.mat,8717304,2014-11-10T12:44:53,bef2a15b077b7781f18bf41a89707e84c39655050fb9c60f1619a0d25a6eaa53
data,PU,/home/jeffwork/data_pu/KA01/N15_M07_F10_KA01_1.mat,8714872,2014-11-10T11:20:33,9bcbe610566aa4476d012928b62aaff60b720cd4c42216104c52319ba958369d
data,PU,/home/jeffwork/data_pu/KA01/N15_M07_F10_KA01_10.mat,8714872,2014-11-10T11:29:44,20386f62286c76d2c89826088601a3cd628e59a33ede143b6752f2f2734a55bb
data,PU,/home/jeffwork/data_pu/KA01/N15_M07_F10_KA01_11.mat,8714872,2014-11-10T11:30:22,b5d9339907cff263e882814b0904aa09d30c1ef40f1ca17f782c3a844ad8df8b
data,PU,/home/jeffwork/data_pu/KA01/N15_M07_F10_KA01_12.mat,8714904,2014-11-10T11:30:54,29e8da92046e39fe23e0783940084cd9cdede77e2b4089ec7db1fa638304ddce
data,PU,/home/jeffwork/data_pu/KA01/N15_M07_F10_KA01_13.mat,8715096,2014-11-10T11:31:42,cbbbc54b5cab8636e182706c182aa1d4ce2268b6e8b70ac0df426b9177f579ff
data,PU,/home/jeffwork/data_pu/KA01/N15_M07_F10_KA01_14.mat,8715128,2014-11-10T11:33:02,3e956d2163a3c797eb362b0285a815e7ab0f84706a82c7091d99068194246dcb
data,PU,/home/jeffwork/data_pu/KA01/N15_M07_F10_KA01_15.mat,9286104,2014-11-10T11:33:31,01368e6ce69a65023afa9ad4987c103c2ea62fde78fa86f110e83c61bcb90f4d
data,PU,/home/jeffwork/data_pu/KA01/N15_M07_F10_KA01_16.mat,8734552,2014-11-10T11:34:43,eb11c681731d657dcdad1fd988185341b8536eac925fa6582011906efc957dfd
data,PU,/home/jeffwork/data_pu/KA01/N15_M07_F10_KA01_17.mat,8715032,2014-11-10T11:35:48,a377d1769434d507787ece6c76de4207bfd8286812d0a0e11098925ff3f708cb
data,PU,/home/jeffwork/data_pu/KA01/N15_M07_F10_KA01_18.mat,8714872,2014-11-10T11:36:19,b85cb8fe516b6afd6c37b22dec7dec997f89ee9bd203ff2deb3f4d3194fcd07c
data,PU,/home/jeffwork/data_pu/KA01/N15_M07_F10_KA01_19.mat,8717568,2014-11-10T11:36:53,a5fb0bf732d38f29048d384550393ddf6b69cd48f26da69326793a6711f87627
data,PU,/home/jeffwork/data_pu/KA01/N15_M07_F10_KA01_2.mat,8718104,2014-11-10T11:23:45,a842cbac0900059d69edaead6e38d2098a13a52910fc48f086852b6c52daf649
data,PU,/home/jeffwork/data_pu/KA01/N15_M07_F10_KA01_20.mat,8718648,2014-11-10T11:37:23,dd80b8daf698ac1016c2d5e9b47fad6fb7d9beb9aabb14b5e7f06aac996d5e4a
data,PU,/home/jeffwork/data_pu/KA01/N15_M07_F10_KA01_3.mat,8714968,2014-11-10T11:25:06,9f5b9b192721d1c14f9834ed01ba47b951643e31e37f68c98f823be5d2b7aa67
data,PU,/home/jeffwork/data_pu/KA01/N15_M07_F10_KA01_4.mat,8714872,2014-11-10T11:25:38,95edd7bd1d629ace9cdc51910f2c22ecfd99ab3f5ed31e3afb2e11cb0728bb94
data,PU,/home/jeffwork/data_pu/KA01/N15_M07_F10_KA01_5.mat,8714904,2014-11-10T11:26:26,1b1f73d3693e1136ccfc835e50e808bfe9d1a1709a1ecfc3f7c16422434c0d7b
data,PU,/home/jeffwork/data_pu/KA01/N15_M07_F10_KA01_6.mat,8714872,2014-11-10T11:27:17,598706997ec6e3f74beac4de9e9b3143aa97c5ce75aef14b051264e2c9ca6a1e
data,PU,/home/jeffwork/data_pu/KA01/N15_M07_F10_KA01_7.mat,8714904,2014-11-10T11:27:45,c80db9b7bd7d390d2091cb034114c800ed521543d38f3a729401a2be4e8e33ed
data,PU,/home/jeffwork/data_pu/KA01/N15_M07_F10_KA01_8.mat,8714904,2014-11-10T11:28:50,16ea1fafce7e0f2656b7f5b85403ebb88fa77238e6a138b92f76aaa0e7d66a0a
data,PU,/home/jeffwork/data_pu/KA01/N15_M07_F10_KA01_9.mat,8714872,2014-11-10T11:29:16,4c02dd27391d269fe5c809dd34cbefdb77bb9e03b78ea0c7943342f4994bb906
data,PU,/home/jeffwork/data_pu/KA03/N09_M07_F10_KA03_1.mat,8714904,2014-06-05T15:58:32,051e73d8b7a6d0649010091b4b875bc1ee82741f18e373e4b82e6376157b028f
data,PU,/home/jeffwork/data_pu/KA03/N09_M07_F10_KA03_10.mat,8714904,2014-06-05T16:06:06,d4f4df07a4a183c02caf308ac7aa0f37998e922987afc0b1313ad0c2aec4c4e4
data,PU,/home/jeffwork/data_pu/KA03/N09_M07_F10_KA03_11.mat,8714904,2014-06-05T16:06:34,e433e5fe30c745ade1a5c5228cbb6e7a54c39254c7a5f30a2aba9b68006f411c
data,PU,/home/jeffwork/data_pu/KA03/N09_M07_F10_KA03_12.mat,8714872,2014-06-05T16:07:04,236094f8be93db0fc550fec1894605260b14d20cb0c34dd70c5639e82d5a0cce
data,PU,/home/jeffwork/data_pu/KA03/N09_M07_F10_KA03_13.mat,8714904,2014-06-05T16:07:34,c569299838acf529f00ec225baa3145b8ba1fe24e9c29cde0cf807c59d84c5f6
data,PU,/home/jeffwork/data_pu/KA03/N09_M07_F10_KA03_14.mat,8714904,2014-06-05T16:08:30,7f943768b26d4dea3d9b39649cdd2afe7d61c2db9dbaefc67e7ce7c5bf78a060
data,PU,/home/jeffwork/data_pu/KA03/N09_M07_F10_KA03_15.mat,8714904,2014-06-05T16:10:26,3571d5cd23afdecc743abff89f8dcaffaf27e9028ec661fd5e9390d44176ca8e
data,PU,/home/jeffwork/data_pu/KA03/N09_M07_F10_KA03_16.mat,8714904,2014-06-05T16:16:34,a7cfbde563bdf94c17df045d9072f4d5d451c895ceeda4ff72696a6e25b9a003
data,PU,/home/jeffwork/data_pu/KA03/N09_M07_F10_KA03_17.mat,8714904,2014-06-05T16:15:02,583da1b9177790243e97159cf650b481fe6eb7835b62c29d3febcd73444c867c
data,PU,/home/jeffwork/data_pu/KA03/N09_M07_F10_KA03_18.mat,8714904,2014-06-05T16:18:06,017ac50aac9984f5d0e37e189399eeb4ce7e47ef07a5991a1dd5b86588cf6c90
data,PU,/home/jeffwork/data_pu/KA03/N09_M07_F10_KA03_19.mat,8714872,2014-06-05T16:18:32,869f4500c5b2a4b873027558d4ef6f0673e6aed72148f2c7dec69c06a02be8f2
data,PU,/home/jeffwork/data_pu/KA03/N09_M07_F10_KA03_2.mat,8714840,2014-06-05T15:59:00,4297df48ff2687f9487f291b968333bc13906e5309cc522bcf77052a568d292f
data,PU,/home/jeffwork/data_pu/KA03/N09_M07_F10_KA03_20.mat,8714904,2014-06-05T16:19:22,fba9ccb5054139e1619a60d351b782035b22c8da5a2f64f6c740bcac7591caca
data,PU,/home/jeffwork/data_pu/KA03/N09_M07_F10_KA03_3.mat,8714936,2014-06-05T15:59:58,a493bbc741f6785d6530c4e132e10773d2d6f9fb6277f3c4281fb3b120bbaa39
data,PU,/home/jeffwork/data_pu/KA03/N09_M07_F10_KA03_4.mat,9511352,2014-06-05T16:00:26,42915b96db844329084edcce4cfde5797244cf4e28a8adaedfe8b341c777b296
data,PU,/home/jeffwork/data_pu/KA03/N09_M07_F10_KA03_5.mat,8714936,2014-06-05T16:00:56,54ae6683e749ed0208a268f38f1615e159247900c1acaa1b9619fce42895b94a
data,PU,/home/jeffwork/data_pu/KA03/N09_M07_F10_KA03_6.mat,8714904,2014-06-05T16:01:48,73f1fba759025d587b9f220fb29bf567befba0e8d851649fde1f4b069ea30a84
data,PU,/home/jeffwork/data_pu/KA03/N09_M07_F10_KA03_7.mat,8714904,2014-06-05T16:02:16,cbb62b2fd6abb4e34a09185650d3c8dddcf0f850048340b76128395ffb1ac52d
data,PU,/home/jeffwork/data_pu/KA03/N09_M07_F10_KA03_8.mat,8714904,2014-06-05T16:04:04,9936019a393e30a6424f214e0b422c57ec38cefc89da026a53c4353548fa38eb
data,PU,/home/jeffwork/data_pu/KA03/N09_M07_F10_KA03_9.mat,8714904,2014-06-05T16:05:36,417c177754b0e3b7c9f3de87f25fca5302807cb9069b73990841e8935d520730
data,PU,/home/jeffwork/data_pu/KA03/N15_M01_F10_KA03_1.mat,8714936,2014-06-05T16:22:02,820e2ebeb8769ccf39df03ec235e572b009680421323b03e06794c5128496f40
data,PU,/home/jeffwork/data_pu/KA03/N15_M01_F10_KA03_10.mat,8714872,2014-06-05T16:29:58,58111810f157d9013dae5ecef2e1844a37c5c11c2c9a09c8da67711471239f25
data,PU,/home/jeffwork/data_pu/KA03/N15_M01_F10_KA03_11.mat,8714904,2014-06-05T16:30:26,b68fecf334493df7a7b5f9c35b87262dc335c09b99d66f88e667798f1da400e1
data,PU,/home/jeffwork/data_pu/KA03/N15_M01_F10_KA03_12.mat,8714904,2014-06-05T16:30:50,b6c40e1fd6311403fffcafe0f7f75c6951108497957169dfa921fe2f60c290a7
data,PU,/home/jeffwork/data_pu/KA03/N15_M01_F10_KA03_13.mat,8714872,2014-06-05T16:31:14,e6c2e501a95f7ea7aad7d5f983f15c81dbc3f385af827e26de78aa8d90a32795
data,PU,/home/jeffwork/data_pu/KA03/N15_M01_F10_KA03_14.mat,8714968,2014-06-05T16:31:38,2f1a1656fa4deba2f73b74c0e5dd9ec8e74506fa02722cf0cc00c6766599e7c1
data,PU,/home/jeffwork/data_pu/KA03/N15_M01_F10_KA03_15.mat,8714904,2014-06-05T16:32:08,7268972838f2ee306cb9a89042de6ea04417d5b409c8c6e112eed386ba9f8a4d
data,PU,/home/jeffwork/data_pu/KA03/N15_M01_F10_KA03_16.mat,8714936,2014-06-05T16:32:34,9d1db734afc1996fe8d76248802f87ddb6851a746076a648a9661fbd6d376ee0
data,PU,/home/jeffwork/data_pu/KA03/N15_M01_F10_KA03_17.mat,8768504,2014-06-05T16:33:46,4795c4c499966a11a7b842a5d095cdc40654a8e5c562afac47f30f51eaab9521
data,PU,/home/jeffwork/data_pu/KA03/N15_M01_F10_KA03_18.mat,8714936,2014-06-05T16:34:10,ac3284801029190b67fcc6e7625edb6ca562f834a6534b79d984103068e64970
data,PU,/home/jeffwork/data_pu/KA03/N15_M01_F10_KA03_19.mat,8714936,2014-06-05T16:35:00,d86ba5a861bd2183c49db5013f61376257f1d260ddd26f86e5766ee8fded851e
data,PU,/home/jeffwork/data_pu/KA03/N15_M01_F10_KA03_2.mat,8715032,2014-06-05T16:24:18,7ddd3372cd26cc6524f43bb174ada7093825b597539998580e5799fffa50413f
data,PU,/home/jeffwork/data_pu/KA03/N15_M01_F10_KA03_20.mat,8714904,2014-06-05T16:35:26,d2ba567e5de4a66b429e00839da197c774253235b116e26869db1367958b6b28
data,PU,/home/jeffwork/data_pu/KA03/N15_M01_F10_KA03_3.mat,8714904,2014-06-05T16:25:34,2a642550e40b20a26377675cd2cb1c0645f3325ebcf452baddd9280aacb461d3
data,PU,/home/jeffwork/data_pu/KA03/N15_M01_F10_KA03_4.mat,8714872,2014-06-05T16:26:00,cc1170da0371c421fecc9fb8726aaab9f843982da69f6064f102d84171659f3c
data,PU,/home/jeffwork/data_pu/KA03/N15_M01_F10_KA03_5.mat,8714872,2014-06-05T16:26:44,989363e7c4509d36e93dbbef75e5184ff80daca927706f1adf50e8e99a7b6fca
data,PU,/home/jeffwork/data_pu/KA03/N15_M01_F10_KA03_6.mat,8714872,2014-06-05T16:27:56,870eebb160645c302626d56a22093e79ee9e5f8a2765e62ddb980d164424d29a
data,PU,/home/jeffwork/data_pu/KA03/N15_M01_F10_KA03_7.mat,8714904,2014-06-05T16:28:18,60e22a77f493db31ac5dd07a4e3dbe748847350202952ea7a8712a8fa50cc5af
data,PU,/home/jeffwork/data_pu/KA03/N15_M01_F10_KA03_8.mat,8714904,2014-06-05T16:29:12,d5c429e33a9473829f54e4d3f01d6c24a0f80647ae35940b9f3eee59c25d20d1
data,PU,/home/jeffwork/data_pu/KA03/N15_M01_F10_KA03_9.mat,8714904,2014-06-05T16:29:34,f16502ca8dde1b187d2d9399db020ed1b38ee84e42717d254850aab2a98f68b4
data,PU,/home/jeffwork/data_pu/KA03/N15_M07_F04_KA03_1.mat,8714904,2014-06-05T16:39:20,d0740302d82367e15643448a8f8360661950ffd688a64a425cb075ce521e5d4b
data,PU,/home/jeffwork/data_pu/KA03/N15_M07_F04_KA03_10.mat,8862648,2014-06-05T16:44:50,c251d548d18e94b7b29fe55c5e270857e16beda1e9377266916ff715388a2127
data,PU,/home/jeffwork/data_pu/KA03/N15_M07_F04_KA03_11.mat,8714872,2014-06-05T16:45:40,3f5637c8cff8a38cad4d3a204203a3e4dbaab8853a67ea6c3915f64ab5973b88
data,PU,/home/jeffwork/data_pu/KA03/N15_M07_F04_KA03_12.mat,8714872,2014-06-05T16:46:36,c0ff61fa051531818c94e4904120bd6fff0f6653a83742fff4fb37ebcdd1c4bd
data,PU,/home/jeffwork/data_pu/KA03/N15_M07_F04_KA03_13.mat,8714872,2014-06-05T16:47:02,ca3a13ac9ebeb0fa824251ca092282251749459cc77d3d58ddbcc32af695768c
data,PU,/home/jeffwork/data_pu/KA03/N15_M07_F04_KA03_14.mat,8781688,2014-06-05T16:47:26,d7b968f52a6d44de2ee581be55e3800f90d95228d85cc92e40ad400f1efcd692
data,PU,/home/jeffwork/data_pu/KA03/N15_M07_F04_KA03_15.mat,8714904,2014-06-05T16:49:22,4bd6b3ea4c0575a4c900d8c680c69143138b5d8ca24e522f6c6cfed3c966a45d
data,PU,/home/jeffwork/data_pu/KA03/N15_M07_F04_KA03_16.mat,8714904,2014-06-05T16:50:40,2f75416bdf50cf8662e84f7c66f66c2cfb428c9c127c3890591ebb364a6101cd
data,PU,/home/jeffwork/data_pu/KA03/N15_M07_F04_KA03_17.mat,8894968,2014-06-05T16:51:04,c191bb2d343648d16d648a0cb9dd313590022e769851289ace94c6a5a3d0cd7f
data,PU,/home/jeffwork/data_pu/KA03/N15_M07_F04_KA03_18.mat,8715064,2014-06-05T16:51:28,daf75c6b9bf5568d89b1ba717189055be32cd5bf161291f3ef663ff2475c3507
data,PU,/home/jeffwork/data_pu/KA03/N15_M07_F04_KA03_19.mat,9434616,2014-06-05T16:51:54,6eb5c926751af1d112de0cd7126fac834e64136b099f2e655d5f54342d0d06c1
data,PU,/home/jeffwork/data_pu/KA03/N15_M07_F04_KA03_2.mat,9390520,2014-06-05T16:39:50,dc751c796d98f97a85efc89a1ab91197c519edafe304225dfb63a0379eca5ec1
data,PU,/home/jeffwork/data_pu/KA03/N15_M07_F04_KA03_20.mat,8714904,2014-06-05T16:52:20,632ad6557fca54dd8fbc97d2a2094b83bb1c6e229298bbcf1ba674504f221440
data,PU,/home/jeffwork/data_pu/KA03/N15_M07_F04_KA03_3.mat,8982456,2014-06-05T16:40:16,2139573d754af9eb02313b7e3c6ae15c8d29779e291b517257bd3a82cc7bbe35
data,PU,/home/jeffwork/data_pu/KA03/N15_M07_F04_KA03_4.mat,8714904,2014-06-05T16:41:34,22d5e7082e24cec4f59fcb9c0002ec37e13c65d286ca1b895ba444d6d83f1ee3
data,PU,/home/jeffwork/data_pu/KA03/N15_M07_F04_KA03_5.mat,8714872,2014-06-05T16:41:56,1bd5c6c6916d1b2615018b26ce7bdc5c587cab5630bb9f9c27726966c6461d26
data,PU,/home/jeffwork/data_pu/KA03/N15_M07_F04_KA03_6.mat,8714968,2014-06-05T16:42:20,53ccc46991af5819aaf87ea8af8c68a9bf0f766da4632c46612617e195a3b512
data,PU,/home/jeffwork/data_pu/KA03/N15_M07_F04_KA03_7.mat,8714872,2014-06-05T16:42:48,5f9ef07bd62a9476c0e2451e36045e21e1f9a350ac67547da479889d23fe744c
data,PU,/home/jeffwork/data_pu/KA03/N15_M07_F04_KA03_8.mat,8714904,2014-06-05T16:43:12,9f821c8061b6ab5fbff470c7ee6b713fadd0e09753f2c581c05a1ead617a986a
data,PU,/home/jeffwork/data_pu/KA03/N15_M07_F04_KA03_9.mat,8714936,2014-06-05T16:43:40,7cae9ccd465e8b3f71a74ac5fac9ef946e5599171c78642e9e1594fa2e6a7680
data,PU,/home/jeffwork/data_pu/KA03/N15_M07_F10_KA03_1.mat,8715000,2014-06-05T15:40:58,1ab2102e54b727381384f2f8def2880b979d214683bb317863cd413d48e471bd
data,PU,/home/jeffwork/data_pu/KA03/N15_M07_F10_KA03_10.mat,8714904,2014-06-05T15:46:50,a4792bf5fc58097543716bb63540e91974d3f4b7cabe9da55541458d4f104a5f
data,PU,/home/jeffwork/data_pu/KA03/N15_M07_F10_KA03_11.mat,8714872,2014-06-05T15:47:14,10a1d89ef26cffbd1b15320bbec974b0c8594099d5eb6d8ffb82a908d6aa5fd2
data,PU,/home/jeffwork/data_pu/KA03/N15_M07_F10_KA03_12.mat,8715000,2014-06-05T15:48:58,cabe3646de8c093848e896a3adb92c284806eb17aaacc17136f4613eeefe0884
data,PU,/home/jeffwork/data_pu/KA03/N15_M07_F10_KA03_13.mat,8714904,2014-06-05T15:50:16,2af5e4ff299ff893fa46dc73febc5d8453bc131c4919fc05c7ff36ea1deb1326
data,PU,/home/jeffwork/data_pu/KA03/N15_M07_F10_KA03_14.mat,8714904,2014-06-05T15:50:40,44a00869a9e258f7ebfb192c31b8b717d3d3d7c3fb523b9e02de8d627fb3907e
data,PU,/home/jeffwork/data_pu/KA03/N15_M07_F10_KA03_15.mat,8714904,2014-06-05T15:51:08,aa7d3862695a29684bc1dbf156c8c531f2d05adb6f08e73f538413f73bbdd397
data,PU,/home/jeffwork/data_pu/KA03/N15_M07_F10_KA03_16.mat,8714872,2014-06-05T15:51:34,095c1e9ed27a1365b139670453fadb08c1fbc8ebb40c60cf99fe1600cd2958b7
data,PU,/home/jeffwork/data_pu/KA03/N15_M07_F10_KA03_17.mat,8714936,2014-06-05T15:54:34,d9e56cca5d841cb413888a6827a6a8c46b99a0e2d51edbe093f8f362ca58c29c
data,PU,/home/jeffwork/data_pu/KA03/N15_M07_F10_KA03_18.mat,8714936,2014-06-05T15:55:02,0091631396369501e46f60096b78296df381f947aee8f9e9669f2ed6feec3134
data,PU,/home/jeffwork/data_pu/KA03/N15_M07_F10_KA03_19.mat,8714904,2014-06-05T15:55:54,913c1d0131d73c4cccd577fb385102a09b3cce407aeb6e75978ad83878be93cf
data,PU,/home/jeffwork/data_pu/KA03/N15_M07_F10_KA03_2.mat,9600248,2014-06-05T15:41:28,218b02ccaf8500eab97700171311825c9b63dc0f82918e55e0e59abab6e035e5
data,PU,/home/jeffwork/data_pu/KA03/N15_M07_F10_KA03_20.mat,8714904,2014-06-05T15:56:20,ccdda7c35128bceb561d3f9b0d91624936471519e3cbed82d5d39789ceae9af4
data,PU,/home/jeffwork/data_pu/KA03/N15_M07_F10_KA03_3.mat,9396920,2014-06-05T15:41:54,b6c1486650764f8ba346360ff3163033db6ca6d2ee90db736f604f7a9920b3e3
data,PU,/home/jeffwork/data_pu/KA03/N15_M07_F10_KA03_4.mat,8762616,2014-06-05T15:42:20,fc9b066743aa2f489a799271deb60f8928dff6b5bcbbc8d7ba7cf2db7d2638c9
data,PU,/home/jeffwork/data_pu/KA03/N15_M07_F10_KA03_5.mat,9385880,2014-06-05T15:42:46,8e10a65e5dd9cf397720b68f29c1699907ca1653c8eec38b325417a9c217493b
data,PU,/home/jeffwork/data_pu/KA03/N15_M07_F10_KA03_6.mat,9503352,2014-06-05T15:43:46,1bce7c92a5eef8ab8d1d7018153be08817b02c6f8241b3ab0a6fb1007f8bfcb6
data,PU,/home/jeffwork/data_pu/KA03/N15_M07_F10_KA03_7.mat,8714904,2014-06-05T15:44:16,0ae9c56414f19ab747eb7d13dda791ab43a728581c73e8a2c74bf32964304453
data,PU,/home/jeffwork/data_pu/KA03/N15_M07_F10_KA03_8.mat,8714904,2014-06-05T15:44:42,ebc6fea48bfe2cb490e52df21a895d49766cb010320b0e27c4b550ea7adde7f0
data,PU,/home/jeffwork/data_pu/KA03/N15_M07_F10_KA03_9.mat,9198264,2014-06-05T15:45:34,69a7916e323588011439ae252646c720bb8ca7612c08859e5060d9cc40e4bb7c
data,PU,/home/jeffwork/data_pu/KA05/N09_M07_F10_KA05_1.mat,8714904,2014-11-14T17:20:05,76f707b11ffa663100b47cf6494b39b4742030b9c11c18b1a771cb228affa483
data,PU,/home/jeffwork/data_pu/KA05/N09_M07_F10_KA05_10.mat,8717784,2014-11-14T17:31:20,bb0a35221506a3ab5fd26733a5a5a6c72d30e085f16e75287e36976bdeda40e9
data,PU,/home/jeffwork/data_pu/KA05/N09_M07_F10_KA05_11.mat,8714968,2014-11-14T17:31:49,958939bcba70f4e61a05f0dc1ee69c2c61350a1e7eefdbbb8ce35f67d8b5c755
data,PU,/home/jeffwork/data_pu/KA05/N09_M07_F10_KA05_12.mat,8714904,2014-11-14T17:32:39,a07da82635910f614fd65cafba4f6644da729cb1bfd34128a0e55218afe10615
data,PU,/home/jeffwork/data_pu/KA05/N09_M07_F10_KA05_13.mat,8717480,2014-11-14T17:33:38,fc5afed3aa82227effa2c7c9fd4fbc479d440f6eebf97aa4b5bc846072c7c71f
data,PU,/home/jeffwork/data_pu/KA05/N09_M07_F10_KA05_14.mat,8714904,2014-11-14T17:35:07,ffd76815ea343518bbf1c1e50b8a4323e3c0bf9125f06bf739bada45b2a6550b
data,PU,/home/jeffwork/data_pu/KA05/N09_M07_F10_KA05_15.mat,8717752,2014-11-14T17:37:00,8de81d5c2e57d4c08a29d5521c97be9b1eef0884f7041b430c9b0000bcca1330
data,PU,/home/jeffwork/data_pu/KA05/N09_M07_F10_KA05_16.mat,8939960,2014-11-14T17:38:30,39ffce9624e1767f20cd4f8de4cde2d317e521bcc072360f8393faefa54d3ba9
data,PU,/home/jeffwork/data_pu/KA05/N09_M07_F10_KA05_17.mat,8717624,2014-11-14T17:39:28,d47f1cbdfe348aab2bc63282591612ccb54965a682949f36ec0b79156834c4dd
data,PU,/home/jeffwork/data_pu/KA05/N09_M07_F10_KA05_18.mat,8717720,2014-11-14T17:40:04,c44a8448b9aae198a16d15be7d972bb715f19aacec37a6596dab07412281415d
data,PU,/home/jeffwork/data_pu/KA05/N09_M07_F10_KA05_19.mat,8714840,2014-11-14T17:40:49,48dcee265fc88ca287464de354e27656dfd946b0d5d2b5fcf5ab5ede278b2c48
data,PU,/home/jeffwork/data_pu/KA05/N09_M07_F10_KA05_2.mat,8717848,2014-11-14T17:28:07,5f68810cbd80d77607a5ae504c9e100e2cc65fc157ecaf884376591573715580
data,PU,/home/jeffwork/data_pu/KA05/N09_M07_F10_KA05_20.mat,8717960,2014-11-14T17:41:58,88c510404599d60c9a2a5ae0738de79b3ace511f6dc53aa493539ad6e6dab319
data,PU,/home/jeffwork/data_pu/KA05/N09_M07_F10_KA05_3.mat,8714904,2014-11-14T17:23:37,2dd3eec53582fcfdca00fc11a15e359de789fcec7dc14ab58eddfe08753c73b5
data,PU,/home/jeffwork/data_pu/KA05/N09_M07_F10_KA05_4.mat,8714872,2014-11-14T17:24:11,edc6046a43734b2738d23a38ce69b8b865e3b61ab4eb72cf021eb7ef88933723
data,PU,/home/jeffwork/data_pu/KA05/N09_M07_F10_KA05_5.mat,8719032,2014-11-14T17:25:04,3d6951be35797f7de84987d426443d91ce04c2df1d6559e760e3e7af186c1473
data,PU,/home/jeffwork/data_pu/KA05/N09_M07_F10_KA05_6.mat,8714904,2014-11-14T17:25:39,6d57fa9d6d2e0f2a19d18392147a531c51fc10b8d690ca1316c8ece77f4d02e7
data,PU,/home/jeffwork/data_pu/KA05/N09_M07_F10_KA05_7.mat,8714872,2014-11-14T17:26:33,66ea8de60427a3bbe9b44def1cf4f5d31d75ead96a1ec7f39b1b4e14223c0eb0
data,PU,/home/jeffwork/data_pu/KA05/N09_M07_F10_KA05_8.mat,8717928,2014-11-14T17:28:44,a7f5c8bc6487b470e0a2c854106d807bdf737437298b15d75fe80f2eb3b43776
data,PU,/home/jeffwork/data_pu/KA05/N09_M07_F10_KA05_9.mat,8714904,2014-11-14T17:29:48,ab24c4fd814a4074f6dfaa524bdcb822b5d7245fa5335636111e85bc35d5ccc8
data,PU,/home/jeffwork/data_pu/KA05/N15_M01_F10_KA05_1.mat,8714872,2014-11-14T17:44:34,60cc0b4acf0d7d285b095bb846b959f30190ea0b65b2f05384641ce3d3e93e88
data,PU,/home/jeffwork/data_pu/KA05/N15_M01_F10_KA05_10.mat,8715192,2014-11-14T17:52:51,668423e636d990bde18b82f7f84301da502bf494f3c629c6b0dfc142ad12b0f7
data,PU,/home/jeffwork/data_pu/KA05/N15_M01_F10_KA05_11.mat,8717944,2014-11-14T17:53:39,435173724970fc6cb70cbdb560ec85abd14e4eb84de3f2d059c3a87a0d78328f
data,PU,/home/jeffwork/data_pu/KA05/N15_M01_F10_KA05_12.mat,8715000,2014-11-14T17:55:54,a73d20ef65bd351bfa3c175088c2b41dec938dc16ab979bde0b5493b1c43f237
data,PU,/home/jeffwork/data_pu/KA05/N15_M01_F10_KA05_13.mat,8724088,2014-11-14T17:54:57,e0735f3753b0add0e4c0f72c748d83b3a3f1bdaaf4cda4bbaa8a8bd538f04d1b
data,PU,/home/jeffwork/data_pu/KA05/N15_M01_F10_KA05_14.mat,8717800,2014-11-14T17:56:34,95e6df060b3b8b2dfb40f46e7637b4fedcb8983ae1d1ce33549a977f730d4826
data,PU,/home/jeffwork/data_pu/KA05/N15_M01_F10_KA05_15.mat,8717704,2014-11-14T18:00:13,cdd3981ac49076012735c3f2cb3f44aaeb2dc6275e3d3970314186536666b4ab
data,PU,/home/jeffwork/data_pu/KA05/N15_M01_F10_KA05_16.mat,8717432,2014-11-14T18:00:41,f0a96dc285e7b0ea1e4385db5480dcf0431ee3bec96d5e38bb2b1db301a2474a
data,PU,/home/jeffwork/data_pu/KA05/N15_M01_F10_KA05_17.mat,8717672,2014-11-14T18:01:33,b6b13b3b4ec5a1277a2e269e099c71985cb8172849491ecc1e9eec98b7154966
data,PU,/home/jeffwork/data_pu/KA05/N15_M01_F10_KA05_18.mat,8714904,2014-11-14T18:02:52,4607e922b7427bf9530ba1cbbb9a5e3763813433c028cb04690976868d6df28f
data,PU,/home/jeffwork/data_pu/KA05/N15_M01_F10_KA05_19.mat,8714872,2014-11-14T18:04:20,08cfbf3a296652481d0ed5d3323f7b793c6f22fbf87dc541ea617663bb233677
data,PU,/home/jeffwork/data_pu/KA05/N15_M01_F10_KA05_2.mat,8714840,2014-11-14T17:46:28,9e5cd0e22e97e116effce37c07a39fe13413c56b01a053afa5e2c02e9720a845
data,PU,/home/jeffwork/data_pu/KA05/N15_M01_F10_KA05_20.mat,8718048,2014-11-14T18:04:50,a603c6356d47a6691b50c14ae5ede8dfa5a68bd15f6233768b07ba02631f6436
data,PU,/home/jeffwork/data_pu/KA05/N15_M01_F10_KA05_3.mat,8718024,2014-11-14T17:47:30,85e1308f1e5333eda22b01e48c8a3a05e3a38afc13de102e36ae934d7536144e
data,PU,/home/jeffwork/data_pu/KA05/N15_M01_F10_KA05_4.mat,8714904,2014-11-14T17:48:10,b9e5ac4d2857e50645250ea5a605b7da6b8c67c3e42c6467d5d94a1b61f9021f
data,PU,/home/jeffwork/data_pu/KA05/N15_M01_F10_KA05_5.mat,8717736,2014-11-14T17:48:39,d8d5cadcfc50ec2584ac71d6467eecb41aa726c48ce9078b5de60f5b33f1ec73
data,PU,/home/jeffwork/data_pu/KA05/N15_M01_F10_KA05_6.mat,8714904,2014-11-14T17:50:08,4f90fe0993a44f76445a9fbd63b98b77071c6082d8aaa87de2df03a30a715dc9
data,PU,/home/jeffwork/data_pu/KA05/N15_M01_F10_KA05_7.mat,8730616,2014-11-14T17:50:45,58eeb66ad51ec56252f808a856da14ea4d5bbf47edbcca6c78e913e9876484bb
data,PU,/home/jeffwork/data_pu/KA05/N15_M01_F10_KA05_8.mat,8714904,2014-11-14T17:51:39,b118238a68c4e246c1f2ac0c66bd38a7605f710e51837cfd22de22177c44e1b3
data,PU,/home/jeffwork/data_pu/KA05/N15_M01_F10_KA05_9.mat,8744376,2014-11-14T17:52:06,0f5fe53e4a780b641ef29ff8bcd651ecb820de746bab24609c87f9ba4e708870
data,PU,/home/jeffwork/data_pu/KA05/N15_M07_F04_KA05_1.mat,8714968,2014-11-14T18:09:00,6c34815ea343c69fa10762b9ff8313a4cd460d7ab94f28e0a1863e130093725b
data,PU,/home/jeffwork/data_pu/KA05/N15_M07_F04_KA05_10.mat,8714968,2014-11-14T18:18:27,24fd1d2297e85e4ed64d1b647acd37e0eafb33b3f70a721e199a37863f4b5d67
data,PU,/home/jeffwork/data_pu/KA05/N15_M07_F04_KA05_11.mat,8714904,2014-11-14T18:19:15,490c7d720197f2ec51ccdc30e23e290523f06924f773b5bcec96a67de0e5ca97
data,PU,/home/jeffwork/data_pu/KA05/N15_M07_F04_KA05_12.mat,8717928,2014-11-14T18:19:53,c73eab592ab63ac3384b05e0bf83006b14a3a133ec77e45b1aae4565e37c81cf
data,PU,/home/jeffwork/data_pu/KA05/N15_M07_F04_KA05_13.mat,8714872,2014-11-14T18:22:33,0e6070272c03280fdf47ef2bcb6c86aff15000254874cca0f8cfbf86665eb712
data,PU,/home/jeffwork/data_pu/KA05/N15_M07_F04_KA05_14.mat,8718360,2014-11-14T18:24:25,8ab974440ecedf641795a047a2c9e71e177bcf155ac2d9b130dd030c02d5f4d0
data,PU,/home/jeffwork/data_pu/KA05/N15_M07_F04_KA05_15.mat,9108952,2014-11-14T18:26:15,bf99826b6e3687b1a123d8baa5e9c7683ed922c97b21f478d33a5623c4f2ca4d
data,PU,/home/jeffwork/data_pu/KA05/N15_M07_F04_KA05_16.mat,8714904,2014-11-14T18:26:44,5de83374ce05afb3cd57f3f6c35deb04c8ed4db609fcccf458ba1f2351923b3f
data,PU,/home/jeffwork/data_pu/KA05/N15_M07_F04_KA05_17.mat,8717880,2014-11-14T18:27:11,af3fb0ced134bd18650b65224130b1dc8442546a883f7f307f31db2fc042cd6b
data,PU,/home/jeffwork/data_pu/KA05/N15_M07_F04_KA05_18.mat,8714904,2014-11-14T18:29:08,198676b7da3891e0b8996d645ae17d0839935d063c4e6c9e858c7da560725449
data,PU,/home/jeffwork/data_pu/KA05/N15_M07_F04_KA05_19.mat,8717272,2014-11-14T18:28:11,6ba02fe174fae0d9089df73784e7973bb0f97b96ab767583351e1b863ee3e8d9
data,PU,/home/jeffwork/data_pu/KA05/N15_M07_F04_KA05_2.mat,8717592,2014-11-14T18:12:13,ebff53f12d12c49b207246befc038a6351ca8d414a68375b49066344f3749402
data,PU,/home/jeffwork/data_pu/KA05/N15_M07_F04_KA05_20.mat,8728248,2014-11-14T18:28:36,13c3f0f3260c3696b9ce4cb2a01c7345679306acb86f46cb66e15781035979fa
data,PU,/home/jeffwork/data_pu/KA05/N15_M07_F04_KA05_3.mat,8718968,2014-11-14T18:09:46,106cc33702873079a96109e83054f6a092b4ee5b4eca36dc3d271b6438350167
data,PU,/home/jeffwork/data_pu/KA05/N15_M07_F04_KA05_4.mat,8714904,2014-11-14T18:10:26,e18041d957127a5fc05cbefd3a3eee04adf0ea22359abcd0d733d0df4ae052ce
data,PU,/home/jeffwork/data_pu/KA05/N15_M07_F04_KA05_5.mat,8717664,2014-11-14T18:12:51,9ada1a4c2fd77d251e876e15c5d7e273e50f54e911eb881544bc4b451ae7a3a8
data,PU,/home/jeffwork/data_pu/KA05/N15_M07_F04_KA05_6.mat,8717664,2014-11-14T18:14:14,5745ef750397c83fab6e36fc966f8c24ddf4831903a40ff72412051513f90364
data,PU,/home/jeffwork/data_pu/KA05/N15_M07_F04_KA05_7.mat,8718136,2014-11-14T18:15:00,d6b80653c30b996a8c349ba04cb89642499bc494112fb336eb444ebf5756b99c
data,PU,/home/jeffwork/data_pu/KA05/N15_M07_F04_KA05_8.mat,8714936,2014-11-14T18:15:36,bc5f91839f7773a457754fd178ffa80feeb93d2e0169aaab92b9a8c987afdfc1
data,PU,/home/jeffwork/data_pu/KA05/N15_M07_F04_KA05_9.mat,9320632,2014-11-14T18:17:34,ac455aee5fe301393b4bad21a547cacd3c4b1fa5b00e66377e4e74b424945768
data,PU,/home/jeffwork/data_pu/KA05/N15_M07_F10_KA05_1.mat,8714904,2014-11-14T16:52:43,aa485896c5d21bccf9a861311389e1edb857dc4117ed4ee3b100f78de046ef08
data,PU,/home/jeffwork/data_pu/KA05/N15_M07_F10_KA05_10.mat,8717848,2014-11-14T17:07:40,d18af1a92c96776c037808a743ed6ea1c124348bd3f2994805b6e61cfd42d4ab
data,PU,/home/jeffwork/data_pu/KA05/N15_M07_F10_KA05_11.mat,8717856,2014-11-14T17:08:28,d18a496df081c71fa462f1d135cff65ff58c970d10894a14104f150c0a17fee9
data,PU,/home/jeffwork/data_pu/KA05/N15_M07_F10_KA05_12.mat,8717640,2014-11-14T17:09:21,b749d1f07ccb8d11635a999427d21be8c822297ad89b8a0b4d5ff3e08348eb29
data,PU,/home/jeffwork/data_pu/KA05/N15_M07_F10_KA05_13.mat,8714872,2014-11-14T17:10:54,4dbb64af0b8549ccf390155b996e48dd14200e7273927850c7f88d0768f8ca5b
data,PU,/home/jeffwork/data_pu/KA05/N15_M07_F10_KA05_14.mat,8717976,2014-11-14T17:11:46,15e7c3b59d2e89a54ea30163e0b17ce7cf7e32b3f7cec266913ffcea999e087a
data,PU,/home/jeffwork/data_pu/KA05/N15_M07_F10_KA05_15.mat,8714904,2014-11-14T17:12:38,a99934891da974a9e94bea6d714cd3e0493d998d24a77856b538d184ae721f68
data,PU,/home/jeffwork/data_pu/KA05/N15_M07_F10_KA05_16.mat,8542344,2014-11-14T17:13:27,f8d78810291a88487e04c0436d11f334a575641223f4ad6050f7dab1d69aec2c
data,PU,/home/jeffwork/data_pu/KA05/N15_M07_F10_KA05_17.mat,8714936,2014-11-14T17:14:08,35dee5d31ba9cdc15dad1cbd0d066c041b55c9f74358571a53cb2c060852f454
data,PU,/home/jeffwork/data_pu/KA05/N15_M07_F10_KA05_18.mat,8714968,2014-11-14T17:14:38,c7600b5a0a90d4103c926aa35bc3c1b4241253a9bbcbd674fe30a97cce6bee2c
data,PU,/home/jeffwork/data_pu/KA05/N15_M07_F10_KA05_19.mat,8717896,2014-11-14T17:15:17,7733d8e668ba9170a231b458443e599d5a9b360583d14ddfbb8006ebbf992437
data,PU,/home/jeffwork/data_pu/KA05/N15_M07_F10_KA05_2.mat,9633400,2014-11-14T16:57:34,8281b0fb212c436da4b5b5d5975f1d36abfb3f0fc21d373cec52ccbe4386bc7c
data,PU,/home/jeffwork/data_pu/KA05/N15_M07_F10_KA05_20.mat,8717896,2014-11-14T17:17:31,ef9d1439c73904adf5c5037d7fda9308a8ccb082b9f5990785f7cf5e75c37271
data,PU,/home/jeffwork/data_pu/KA05/N15_M07_F10_KA05_3.mat,8718104,2014-11-14T17:03:13,70b0e3188143cf8167417f7b8de5188917bb260d5419986b68ca2888e0658c05
data,PU,/home/jeffwork/data_pu/KA05/N15_M07_F10_KA05_4.mat,8714904,2014-11-14T16:58:41,cb02c18d62397594c236b01f14e2b0de63b44215caded4c8eb3d43cb9a5569df
data,PU,/home/jeffwork/data_pu/KA05/N15_M07_F10_KA05_5.mat,8718648,2014-11-14T16:59:36,853fe56e4fea8d06045c9af65f6265b20c3637362f7bafb61e9b618cd21726ed
data,PU,/home/jeffwork/data_pu/KA05/N15_M07_F10_KA05_6.mat,8714872,2014-11-14T17:03:41,07fcacb5ab732d601ed7233d15ef9bfc1b46cef9f79cb476e4a11d533f5e3c5c
data,PU,/home/jeffwork/data_pu/KA05/N15_M07_F10_KA05_7.mat,8717672,2014-11-14T17:05:17,c638c40dc4eeabaf7927f46e1b147b263541e58cf44620eaee0aee5ec1e36e4c
data,PU,/home/jeffwork/data_pu/KA05/N15_M07_F10_KA05_8.mat,8714904,2014-11-14T17:05:44,b348d2b458ba3a48b14887f8a17dd93ab4f11a3c7d575ce4441a920947c57a21
data,PU,/home/jeffwork/data_pu/KA05/N15_M07_F10_KA05_9.mat,8714936,2014-11-14T17:06:08,23e1011a55a9af3fafc3c3f09fb9fed7b93ca274c7f702007b023c0b54e3a354
data,PU,/home/jeffwork/data_pu/KA06/N09_M07_F10_KA06_1.mat,8718072,2014-11-15T11:19:35,94b873421042e5337c141ae6de28bfda2fa2c730bc24ee91e5f300e6af79d512
data,PU,/home/jeffwork/data_pu/KA06/N09_M07_F10_KA06_10.mat,8714904,2014-11-15T11:29:49,a118a688d87c1029f3c527fd617d066d5d1ef82e7738e9f31d88f3e3104ca561
data,PU,/home/jeffwork/data_pu/KA06/N09_M07_F10_KA06_11.mat,8714872,2014-11-15T11:30:42,97f506f9bb6fb69c02e9eb19a6b18e631223f8ff7cb1d04c326e5812f48ae904
data,PU,/home/jeffwork/data_pu/KA06/N09_M07_F10_KA06_12.mat,8717624,2014-11-15T11:31:38,abbbe297d5d026dd422168c02d36617d9afe0b592c96bfc213980f8fac13c421
data,PU,/home/jeffwork/data_pu/KA06/N09_M07_F10_KA06_13.mat,8714872,2014-11-15T11:32:09,fdb5d83bbd24ea3ddf5ac4f947615cfe8d0e2dc99e2b498c0b9dbf42a899d5d9
data,PU,/home/jeffwork/data_pu/KA06/N09_M07_F10_KA06_14.mat,8714904,2014-11-15T11:34:11,c6f9886600bd008e86bfd74dc76cc00ab6e0888003ebd66accc5241aaadc09ca
data,PU,/home/jeffwork/data_pu/KA06/N09_M07_F10_KA06_15.mat,8714872,2014-11-15T11:34:42,427ab1d14e9f68269c27c09945e15a9769ce7c66a982bccf574b0e16c390503d
data,PU,/home/jeffwork/data_pu/KA06/N09_M07_F10_KA06_16.mat,8717528,2014-11-15T11:35:10,b309dcf178ef2f1b2ca9c685737abb6a65b1e119a3c661565357be8f22308683
data,PU,/home/jeffwork/data_pu/KA06/N09_M07_F10_KA06_17.mat,8714872,2014-11-15T11:35:36,d867f3ea7d9f56da6471588f55ac2fd926cb8c01d096a53dbf8c323a740e9db8
data,PU,/home/jeffwork/data_pu/KA06/N09_M07_F10_KA06_18.mat,8717688,2014-11-15T11:36:30,7d7acd30275989ece39912aab68ecad5d234154d42dc36047344cf0b0e5099e4
data,PU,/home/jeffwork/data_pu/KA06/N09_M07_F10_KA06_19.mat,8714904,2014-11-15T11:36:53,d501e4bd63ac45bc2034580b3e2cfc77df8f0ad680ede34bad1d7128c82ae741
data,PU,/home/jeffwork/data_pu/KA06/N09_M07_F10_KA06_2.mat,8714904,2014-11-15T11:20:45,efbc2d7929904b83c67b203250181b78bc3aac319fe74ecec369dd28df1ff36d
data,PU,/home/jeffwork/data_pu/KA06/N09_M07_F10_KA06_20.mat,8714904,2014-11-15T11:37:23,61ae20d9341204bb4671fb2d032c1c4e7e7b5d465cf648e89cdf3578ff2b018f
data,PU,/home/jeffwork/data_pu/KA06/N09_M07_F10_KA06_3.mat,8717816,2014-11-15T11:21:27,21c22b5fabcfa154aa5a5a5738dc6f295c8637797570a8eb20e1c22e31d7f069
data,PU,/home/jeffwork/data_pu/KA06/N09_M07_F10_KA06_4.mat,8715000,2014-11-15T11:22:03,4d7f641d60b9a589b6f43dea6a7fdd6f36189503377fe375f92348141ba310ad
data,PU,/home/jeffwork/data_pu/KA06/N09_M07_F10_KA06_5.mat,8750776,2014-11-15T11:22:45,65852b02f8d4286894628ffa56dbb3f565b3b65d690c18fe452fb2d0b726c7b4
data,PU,/home/jeffwork/data_pu/KA06/N09_M07_F10_KA06_6.mat,8717472,2014-11-15T11:23:23,39d29023e9befe9cf46d318deae1b362c8cf402a3a26cf826fb56c977d5a3bf0
data,PU,/home/jeffwork/data_pu/KA06/N09_M07_F10_KA06_7.mat,8717912,2014-11-15T11:24:05,a44e1b5a01ae4e49ab26f8cccb4216376566fe741321cfd047ca3301f03ced96
data,PU,/home/jeffwork/data_pu/KA06/N09_M07_F10_KA06_8.mat,8717544,2014-11-15T11:27:04,abe49dce984c5177012cfb4f158d889498eb108ffa8212d22162264a870e10f3
data,PU,/home/jeffwork/data_pu/KA06/N09_M07_F10_KA06_9.mat,8714904,2014-11-15T11:29:13,3706769951075b6d01035f4786f91f6bd7ba7c1510d70f075e09e54e00cb21c6
data,PU,/home/jeffwork/data_pu/KA06/N15_M01_F10_KA06_1.mat,8714904,2014-11-15T11:39:13,81a53f502c3e93a0e0188a6784a105b1853a232a2a89110e35e166809a528083
data,PU,/home/jeffwork/data_pu/KA06/N15_M01_F10_KA06_10.mat,8717752,2014-11-15T11:44:57,e7c0ff36421b31586070f5180db0d491507d985ab2a4c8437ff5f53ab23132b4
data,PU,/home/jeffwork/data_pu/KA06/N15_M01_F10_KA06_11.mat,8717400,2014-11-15T11:47:27,9e23aac2d0304a61d2bdcaed21366a55138f61f37d2e1780599190225114eb0c
data,PU,/home/jeffwork/data_pu/KA06/N15_M01_F10_KA06_12.mat,8714904,2014-11-15T11:47:49,1817c91b6a9fcef5e9ac9e40d5feb2fb1b4648ddbb41c7c2fe31e79ac98a2f70
data,PU,/home/jeffwork/data_pu/KA06/N15_M01_F10_KA06_13.mat,8714872,2014-11-15T11:49:31,883d29d340b61af5a81a1d3f1b9e8872b3a9531ca92d3b0031c61a12f3610b49
data,PU,/home/jeffwork/data_pu/KA06/N15_M01_F10_KA06_14.mat,8717688,2014-11-15T11:49:56,5a2c7880f1fa6bcca0ebb7ab2b89ae20d833f4dc3d612542b338ae0ae2aaf208
data,PU,/home/jeffwork/data_pu/KA06/N15_M01_F10_KA06_15.mat,8714872,2014-11-15T11:50:41,362e4cbb750a6285241c07468b9cb8d4f517291ec41072513eb6a395936a7b93
data,PU,/home/jeffwork/data_pu/KA06/N15_M01_F10_KA06_16.mat,8714904,2014-11-15T11:51:15,e3f36eff6b09c23b99ae4a6f08aa348b69981608a3357ada36367e58e606d367
data,PU,/home/jeffwork/data_pu/KA06/N15_M01_F10_KA06_17.mat,8714904,2014-11-15T11:56:53,5b89e043c8c278d4a0806045d6517593c63a4a87135acac3bc879b223106796f
data,PU,/home/jeffwork/data_pu/KA06/N15_M01_F10_KA06_18.mat,8714840,2014-11-15T11:52:10,162aa766e9bda6392ccd2a82086747201c8ce10adf3e3b4ed451dda4150a5813
data,PU,/home/jeffwork/data_pu/KA06/N15_M01_F10_KA06_19.mat,8714904,2014-11-15T11:52:58,56c493fc79d6d370a7f2451a71c82fd626d94de21b14baf815d2e15d061544fc
data,PU,/home/jeffwork/data_pu/KA06/N15_M01_F10_KA06_2.mat,8717624,2014-11-15T11:39:49,23b54d0127276032af0efcc435b0dceebc1759b05df18ef8bd24fdaba51bade9
data,PU,/home/jeffwork/data_pu/KA06/N15_M01_F10_KA06_20.mat,8718168,2014-11-15T11:54:20,a16bed7f66cf5c90523c8725b92fb63b069bf6b2fa7d821311f09641a0753e80
data,PU,/home/jeffwork/data_pu/KA06/N15_M01_F10_KA06_3.mat,8717592,2014-11-15T11:40:49,74eaaa49b5c700463924f5bcedf4255691f2f3caa997951634a1253c740241b0
data,PU,/home/jeffwork/data_pu/KA06/N15_M01_F10_KA06_4.mat,8717240,2014-11-15T11:41:14,d32323316ea759e926a816c4dfa1b213ca2b0ea20cb1b9798f7d86f4ecc5ecd5
data,PU,/home/jeffwork/data_pu/KA06/N15_M01_F10_KA06_5.mat,8714904,2014-11-15T11:41:41,0e79e4ba96dc0fa45d12312b1c55a223b7b10336329578a47d6e6c745684b51a
data,PU,/home/jeffwork/data_pu/KA06/N15_M01_F10_KA06_6.mat,8714872,2014-11-15T11:42:22,e7e3da5ab341c35d1757d4cd2e71e98521dedbfbfd137b695538a29c84e625f8
data,PU,/home/jeffwork/data_pu/KA06/N15_M01_F10_KA06_7.mat,8715000,2014-11-15T11:46:48,2c47dddcf8cecfc24775a2473473d0a566285257527f34dd8885c8924e789c8d
data,PU,/home/jeffwork/data_pu/KA06/N15_M01_F10_KA06_8.mat,8714904,2014-11-15T11:43:56,6fdb9d5389b965fccdf44710a9c3c06550980cd325f8036dfab0f56267555413
data,PU,/home/jeffwork/data_pu/KA06/N15_M01_F10_KA06_9.mat,8714872,2014-11-15T11:44:19,e4f55747dae444973404c6da570fe311080f226c0558de1ebe68677bc58bae26
data,PU,/home/jeffwork/data_pu/KA06/N15_M07_F04_KA06_1.mat,8714904,2014-11-15T12:00:07,372de8d41b147c80e044740a4cca22f4a65cb1df6d13e5436a35aa25e8a9ec58
data,PU,/home/jeffwork/data_pu/KA06/N15_M07_F04_KA06_10.mat,8714904,2014-11-15T12:07:02,90fce6d94c0aabdd70d2c7afcf3d9248d4e79383fa01ae373940dfe3c0c54f76
data,PU,/home/jeffwork/data_pu/KA06/N15_M07_F04_KA06_11.mat,8717624,2014-11-15T12:07:38,fb788d5a3c853c27ec9b5059b80d05197fa522c637ae95338d8ab0532adfd3cd
data,PU,/home/jeffwork/data_pu/KA06/N15_M07_F04_KA06_12.mat,8717688,2014-11-15T12:11:32,59f2fe7d02b315e0140b7b863d6e8e473ce932b8d5a3145fcd6ad012ad685656
data,PU,/home/jeffwork/data_pu/KA06/N15_M07_F04_KA06_13.mat,8714968,2014-11-15T12:08:38,e4f9532f33151d415d9f468ce93f56542c56447d5d972f177f3a1a786a0bdc53
data,PU,/home/jeffwork/data_pu/KA06/N15_M07_F04_KA06_14.mat,8714904,2014-11-15T12:13:14,96422fa8a4382709a118004df9923d77a03eb269c37762ffc00931f1e6239c46
data,PU,/home/jeffwork/data_pu/KA06/N15_M07_F04_KA06_15.mat,8714904,2014-11-15T12:14:03,c7a0ea182ee1692a836c5f4acbc21e04376f745001c0f65b5e18091a9fcef815
data,PU,/home/jeffwork/data_pu/KA06/N15_M07_F04_KA06_16.mat,8717336,2014-11-15T12:14:51,0b163066daacfa9ce9a3069301c2edd33b7c06ccd8c8ed19fa58cb4445ea294c
data,PU,/home/jeffwork/data_pu/KA06/N15_M07_F04_KA06_17.mat,8717336,2014-11-15T12:15:26,184619f517ef3f129e5e8f5884a16682a66c0ae7c1cf8456e44bbf7d2427f25c
data,PU,/home/jeffwork/data_pu/KA06/N15_M07_F04_KA06_18.mat,8910872,2014-11-15T12:16:36,fcebfe09a2b9445959bee91e68560ccf670f81b73c800e2fa04a859636afa445
data,PU,/home/jeffwork/data_pu/KA06/N15_M07_F04_KA06_19.mat,8714872,2014-11-15T12:17:17,4380800da9de878693236974b7fac3ad36f53058a1fc5eb6233129f45e1363d0
data,PU,/home/jeffwork/data_pu/KA06/N15_M07_F04_KA06_2.mat,8714904,2014-11-15T12:01:22,fa361b94799185e3f5720387763c37679f105a5b4f308b1f17ec97e011cdc6a0
data,PU,/home/jeffwork/data_pu/KA06/N15_M07_F04_KA06_20.mat,8714904,2014-11-15T12:18:33,de95eb19affa52eea7dcd8263b23ba7a2b1c7cbebbc5837ba6737c92a690b1d3
data,PU,/home/jeffwork/data_pu/KA06/N15_M07_F04_KA06_3.mat,8714872,2014-11-15T12:01:48,59ab07b0e6abd629a52b0ef983d693da9bb1a2a8f38348a93ebb6934a5607c69
data,PU,/home/jeffwork/data_pu/KA06/N15_M07_F04_KA06_4.mat,8717432,2014-11-15T12:02:17,6131df34d465ad5c660b608bb173387d593d1f772c200bf7cc985cf2d4f303cb
data,PU,/home/jeffwork/data_pu/KA06/N15_M07_F04_KA06_5.mat,8714936,2014-11-15T12:02:50,45cf05f244ec6fbca6e53b08d0613c70d7350958d6423c97ecb1a17e1046f375
data,PU,/home/jeffwork/data_pu/KA06/N15_M07_F04_KA06_6.mat,8716664,2014-11-15T12:03:37,f44b3cc5e227b19c22c8bb0dad550006afb007eb1e5def82b8859daa2fef9a55
data,PU,/home/jeffwork/data_pu/KA06/N15_M07_F04_KA06_7.mat,8714904,2014-11-15T12:04:25,0f71ffda96f657e358f34ea5376851330bc2a7d92dc64b94162fcbf1bc69ab60
data,PU,/home/jeffwork/data_pu/KA06/N15_M07_F04_KA06_8.mat,8714872,2014-11-15T12:05:35,b1a505bfc7b989a459dff4330b4db7fef49395c9bbf8d3767c4aee5f9bd58a80
data,PU,/home/jeffwork/data_pu/KA06/N15_M07_F04_KA06_9.mat,8714872,2014-11-15T12:06:12,d556690db3e3ee661519250e9cfdd01c0f74eead8fe7f34ede1df7a196e3c5a5
data,PU,/home/jeffwork/data_pu/KA06/N15_M07_F10_KA06_1.mat,8717688,2014-11-15T10:59:35,e0732b9abe0495ed8b831bef9138e7692d19808891a567eb6697c6ca937e4983
data,PU,/home/jeffwork/data_pu/KA06/N15_M07_F10_KA06_10.mat,8717672,2014-11-15T11:09:23,5ca2622cecf90a82b600058707fe38b36e04e4d0bbe8963cc47db391f3294cdf
data,PU,/home/jeffwork/data_pu/KA06/N15_M07_F10_KA06_11.mat,8714904,2014-11-15T11:10:01,062d3fa1c63b12f65c800466a84ea02cdc9b098214a61cd760af5dca6e3bbb7c
data,PU,/home/jeffwork/data_pu/KA06/N15_M07_F10_KA06_12.mat,8714904,2014-11-15T11:10:24,57c53beb3b235e7f12f92bd795ff1a84fb7384862b5cad3a7fd2c37cd2b588f6
data,PU,/home/jeffwork/data_pu/KA06/N15_M07_F10_KA06_13.mat,8714904,2014-11-15T11:11:15,061ab3dc730565e9e95507e5805f32f0c9d5d302f6c1b32f165bc2e055f9124c
data,PU,/home/jeffwork/data_pu/KA06/N15_M07_F10_KA06_14.mat,8714936,2014-11-15T11:12:05,4d33b3f704f32acf92fdedee93e6a42dfc7a035febce992b9dee7d25846ea2b2
data,PU,/home/jeffwork/data_pu/KA06/N15_M07_F10_KA06_15.mat,8714904,2014-11-15T11:12:53,bc0d43730bb5917820261b7f62c1cd375ebccd1d71ea7eb4b143ea46b576b001
data,PU,/home/jeffwork/data_pu/KA06/N15_M07_F10_KA06_16.mat,8717496,2014-11-15T11:13:51,70e1f46d9dd6c6d5a325f83c65669c533271620cdaeb6daa90a0a9ce14f2a888
data,PU,/home/jeffwork/data_pu/KA06/N15_M07_F10_KA06_17.mat,8714872,2014-11-15T11:14:47,a6246cfd214d922617ebd7e015659df909cf9e27e6b2f5739839b868218aa3ea
data,PU,/home/jeffwork/data_pu/KA06/N15_M07_F10_KA06_18.mat,8717656,2014-11-15T11:15:51,7bd9b83f900090c8c442416d937786cc68b826289298c01d7f81b2304463f5d1
data,PU,/home/jeffwork/data_pu/KA06/N15_M07_F10_KA06_19.mat,8717624,2014-11-15T11:16:43,e81c809a291f3a59b9ddf0b904c9e42eb91b28e9adab841be02c6ca69409ae11
data,PU,/home/jeffwork/data_pu/KA06/N15_M07_F10_KA06_2.mat,8714904,2014-11-15T11:03:29,4fd519440a58cecfc264ea1c126992501c4855a1a3b6d4eaeafb6ea121e4885f
data,PU,/home/jeffwork/data_pu/KA06/N15_M07_F10_KA06_20.mat,8717944,2014-11-15T11:17:14,f04fbbc8e410f04d668cc05079d57911642cbb0d2a56f4ccd4bfeadc1dbd634d
data,PU,/home/jeffwork/data_pu/KA06/N15_M07_F10_KA06_3.mat,8717816,2014-11-15T11:00:50,557038360dfe93f6b65385d44f2bcf4ff90a925939f5dc4305032df81adf3806
data,PU,/home/jeffwork/data_pu/KA06/N15_M07_F10_KA06_4.mat,9163608,2014-11-15T11:05:23,5c1c121620731d8435084b420fef3ed62b7d45a8ce61122a2ee9583486f19dbd
data,PU,/home/jeffwork/data_pu/KA06/N15_M07_F10_KA06_5.mat,8715000,2014-11-15T11:05:48,a7101cbee60dc606b04cec53e9f46d530108fabdb8ea8a7c99568cfafbf81028
data,PU,/home/jeffwork/data_pu/KA06/N15_M07_F10_KA06_6.mat,8717408,2014-11-15T11:06:30,90c4efa133107df3c730c00238d3a237bdf5912629a97ce2652d5d285a5cbb16
data,PU,/home/jeffwork/data_pu/KA06/N15_M07_F10_KA06_7.mat,8714904,2014-11-15T11:06:59,42c70aff5d9c583a3fb9a21808b9e08b8c2d006e6de21a643fcea069cbf4ea13
data,PU,/home/jeffwork/data_pu/KA06/N15_M07_F10_KA06_8.mat,8717832,2014-11-15T11:08:12,69283b3aa08a0dca7cffb58b4955fb9a4a415394cb0cfbdefc3ce25c65564846
data,PU,/home/jeffwork/data_pu/KA06/N15_M07_F10_KA06_9.mat,8714872,2014-11-15T11:08:53,495a1944a5ab7af4dc9eb3cc282cc69f22f18f68a8c16e8da1e56af1692aa2cd
data,PU,/home/jeffwork/data_pu/KA07/N09_M07_F10_KA07_1.mat,8714936,2014-12-23T17:00:13,fb9e03612da1d08a7aba67429f4038c243ea854f2e70d0f7c8cc1b52cd8cb49e
data,PU,/home/jeffwork/data_pu/KA07/N09_M07_F10_KA07_10.mat,8714904,2014-12-23T17:07:50,475bac488e79db6f10d00ade666d9daf575cff8e65f35e563af00bce612f46a1
data,PU,/home/jeffwork/data_pu/KA07/N09_M07_F10_KA07_11.mat,9102904,2014-12-23T17:15:10,a090d61dedbd1f6370ed26f48e6eb30a8c62b179306db67c72c7149ef6a1027d
data,PU,/home/jeffwork/data_pu/KA07/N09_M07_F10_KA07_12.mat,8714936,2014-12-23T17:16:10,166bd9fd5ce61218b83d9926e4716ff3bedc1d34d07f1259bee228ecadbbf8b4
data,PU,/home/jeffwork/data_pu/KA07/N09_M07_F10_KA07_13.mat,8714904,2014-12-23T17:09:23,85d2134431dbff3a4a162c144df655651ddaf88a70ecb00b8488175d3891d261
data,PU,/home/jeffwork/data_pu/KA07/N09_M07_F10_KA07_14.mat,8714872,2014-12-23T17:09:49,51930aec9e969be674cc566b6e5eaf4270f0e084d795fc7d2cdec2193f097322
data,PU,/home/jeffwork/data_pu/KA07/N09_M07_F10_KA07_15.mat,8714904,2014-12-23T17:10:18,7dfd45e0827e2d15b0cc9e1b5bb4a8c99b4859885bbb122efb654d64c8f7178d
data,PU,/home/jeffwork/data_pu/KA07/N09_M07_F10_KA07_16.mat,8714872,2014-12-23T17:14:22,11b49f95387d5d70cad3f4e3cb8b2efd2bdb516e79c270531ee496c50a199f76
data,PU,/home/jeffwork/data_pu/KA07/N09_M07_F10_KA07_17.mat,8714904,2014-12-23T17:11:15,09020f6d4388fed010c2ffd249ff1ec258315c4c6f37f71b4b9bcf7e66c429f5
data,PU,/home/jeffwork/data_pu/KA07/N09_M07_F10_KA07_18.mat,8714904,2014-12-23T17:11:42,fbf817bc2e58e728cf0ff7d04dbe2fd56b9d77c647c11aa46c38dc1927900b99
data,PU,/home/jeffwork/data_pu/KA07/N09_M07_F10_KA07_19.mat,8714904,2014-12-23T17:12:36,676f38f238f144925b6ee23f55b1a3114dbc622d6490246029dfd7bc66146866
data,PU,/home/jeffwork/data_pu/KA07/N09_M07_F10_KA07_2.mat,8714904,2014-12-23T17:03:27,ff6f7ca8785c74d13e87ba5ad1cd1a7d39b100ec328ce64d78ba56f0d481fc45
data,PU,/home/jeffwork/data_pu/KA07/N09_M07_F10_KA07_20.mat,8714936,2014-12-23T17:13:16,c002788dd4858566f13caf667a6ce1169ea4c0b7244198bd1b634f7de989f78e
data,PU,/home/jeffwork/data_pu/KA07/N09_M07_F10_KA07_3.mat,8714904,2014-12-23T17:03:58,513b34ff260feb9f013b4a8344cda472651dcd8fd584c7c50e43ff95cde406b8
data,PU,/home/jeffwork/data_pu/KA07/N09_M07_F10_KA07_4.mat,9248568,2014-12-23T17:04:24,05b8a5ca0765493b8c23f832869e36fae47c8a3c8e0a391014c35b8790d5d592
data,PU,/home/jeffwork/data_pu/KA07/N09_M07_F10_KA07_5.mat,8714904,2014-12-23T17:02:19,150daee96a5cd061e93459d5563fdfdaa36859e55a260e1d1ec7226f846caea2
data,PU,/home/jeffwork/data_pu/KA07/N09_M07_F10_KA07_6.mat,8802648,2014-12-23T17:05:45,4bdceec4f67f1fd0ca00abb04397d663566d57381e9e7d895fa5a5745364306b
data,PU,/home/jeffwork/data_pu/KA07/N09_M07_F10_KA07_7.mat,8714904,2014-12-23T17:06:23,9d8fa5dd3552dadfaf92937b028583dc8098969d4b3b7db1754c30b5d07374b7
data,PU,/home/jeffwork/data_pu/KA07/N09_M07_F10_KA07_8.mat,9397624,2014-12-23T17:06:53,19a83aa0c4009e46e23fc78a5e85a48384a400d2458b0aa3560f08fe9f18b2d9
data,PU,/home/jeffwork/data_pu/KA07/N09_M07_F10_KA07_9.mat,8714904,2014-12-23T17:07:20,8635ed987864d5fd65bd125fe86511fdc8863335a418609b0a3ffd2997ad8cc6
data,PU,/home/jeffwork/data_pu/KA07/N15_M01_F10_KA07_1.mat,8717688,2014-12-23T17:18:38,5908b67827d66abf7106e773f3f8a345da5ec5d0d99d178d5c1bb11826e921cf
data,PU,/home/jeffwork/data_pu/KA07/N15_M01_F10_KA07_10.mat,8714904,2014-12-23T17:25:09,584aa3cd3129d4f67e91c815b12b40c1d113eb9f66d4196e9c333b2159835852
data,PU,/home/jeffwork/data_pu/KA07/N15_M01_F10_KA07_11.mat,9419192,2014-12-23T17:27:27,02b83ace899941b9c32d4a972bccf308a761bbb8f5b24d94dad27ea896576c30
data,PU,/home/jeffwork/data_pu/KA07/N15_M01_F10_KA07_12.mat,8714904,2014-12-23T17:27:49,33384052843db7dc711eb0961b83e71326ce747ceffb11c8c32df063194e3d5b
data,PU,/home/jeffwork/data_pu/KA07/N15_M01_F10_KA07_13.mat,8714904,2014-12-23T17:29:53,9a6ca49f330fedfcbd8c7d64ee31da7cd70c98165b283ec007b8b60f7fd27e35
data,PU,/home/jeffwork/data_pu/KA07/N15_M01_F10_KA07_14.mat,8739640,2014-12-23T17:28:33,d7a1e65e182a1ae7b7c6151b4dac8b1ba1d32a5828a227ca200182855919b447
data,PU,/home/jeffwork/data_pu/KA07/N15_M01_F10_KA07_15.mat,8714904,2014-12-23T17:31:19,6dd7c68d65faa7fd396b750dfe9b0fcf6e610bc9b57f43472dc955b009337636
data,PU,/home/jeffwork/data_pu/KA07/N15_M01_F10_KA07_16.mat,8714936,2014-12-23T17:31:44,a060218034c12f1937a765b2690ca18411370ef5e8c51e72f0a2e456e4a880e5
data,PU,/home/jeffwork/data_pu/KA07/N15_M01_F10_KA07_17.mat,8714904,2014-12-23T17:35:51,beca06639ac79d7a76245cc1013f9bbb1d76a46d365848222136fa45e41989ac
data,PU,/home/jeffwork/data_pu/KA07/N15_M01_F10_KA07_18.mat,8714904,2014-12-23T17:33:02,ebc57daf37aded188d296e4a4ed67cebdfc94d11e2cc3297bbdbd4fe9c873d35
data,PU,/home/jeffwork/data_pu/KA07/N15_M01_F10_KA07_19.mat,8717704,2014-12-23T17:34:00,bb0453683f12958e873026e3d0b34ab4aa628755408d9d0b3c7fda61717d83fe
data,PU,/home/jeffwork/data_pu/KA07/N15_M01_F10_KA07_2.mat,8714904,2014-12-23T17:19:16,fd90e926fa1a019b7bc5ae2a6a5d3fcbe8cbd99ba34229aab2c97edf7d8033c5
data,PU,/home/jeffwork/data_pu/KA07/N15_M01_F10_KA07_20.mat,8714904,2014-12-23T17:34:50,2b713db87513078e4b13651a2732c3ff4aa40911103ae0322aa57a2dfdca4b8f
data,PU,/home/jeffwork/data_pu/KA07/N15_M01_F10_KA07_3.mat,8714904,2014-12-23T17:19:50,603d9a49b40f2069848e0aeb36f60de7148bc61479c4667a43f8b11b763d3a72
data,PU,/home/jeffwork/data_pu/KA07/N15_M01_F10_KA07_4.mat,8714904,2014-12-23T17:20:45,57f4917e0f44d26060c94db5fdae326952bbdea79a36e897050fec132da83f2d
data,PU,/home/jeffwork/data_pu/KA07/N15_M01_F10_KA07_5.mat,8714904,2014-12-23T17:21:57,110bd82bf8224e3d0a8fb6e7720a528faa8f5d26e09d3923cf6ce358e2941605
data,PU,/home/jeffwork/data_pu/KA07/N15_M01_F10_KA07_6.mat,8717704,2014-12-23T17:22:23,3c0305d044fea4c1b664d464968fb9e40bf491008772c641e8bf02391ef1da95
data,PU,/home/jeffwork/data_pu/KA07/N15_M01_F10_KA07_7.mat,8714872,2014-12-23T17:23:02,10c18d2be3b2f02c548b8ecd7cc845463c14ff1d0d5e7742da2c78e56e50d9ec
data,PU,/home/jeffwork/data_pu/KA07/N15_M01_F10_KA07_8.mat,8714904,2014-12-23T17:23:48,8ac439348a338b6dac8df1902c05ab61b438da6bc65422068af97908bba77006
data,PU,/home/jeffwork/data_pu/KA07/N15_M01_F10_KA07_9.mat,8715000,2014-12-23T17:26:18,1a83657c4c305078379fc2a7825872b115c8e5d46db73b1ce6c3aa9c89bc2938
data,PU,/home/jeffwork/data_pu/KA07/N15_M07_F04_KA07_1.mat,9083448,2014-12-23T17:39:08,fe54cc873cb2d5bd2b6e9f6dbb7205c8d4d8388a968f380513951f53ab5c73fc
data,PU,/home/jeffwork/data_pu/KA07/N15_M07_F04_KA07_10.mat,8714904,2014-12-23T17:49:31,92a0c3abc4f5834f3736d00b9febbe78e75d5525e19516a7d26f31104527eda3
data,PU,/home/jeffwork/data_pu/KA07/N15_M07_F04_KA07_11.mat,8714840,2014-12-23T17:54:15,0f0237aa5543df2b54cdcf4abb0bfe75cc94ae9bebcbf8765c6db1fd078d2120
data,PU,/home/jeffwork/data_pu/KA07/N15_M07_F04_KA07_12.mat,8714904,2014-12-23T17:52:13,0e9726027665b1081a2ca5a10670cc92815ccb7f7af5eefd975b76d36ab81fa0
data,PU,/home/jeffwork/data_pu/KA07/N15_M07_F04_KA07_13.mat,8714904,2014-12-23T17:53:19,7af27f1223cacf3b45923f567248943cd5563a78319d5d8ecb530ac9e8ea708b
data,PU,/home/jeffwork/data_pu/KA07/N15_M07_F04_KA07_14.mat,8714872,2014-12-23T17:55:40,db64e6d2ae9d78f3e9c9001cbf752d00b7e786718d17273b1fa8f8553583a109
data,PU,/home/jeffwork/data_pu/KA07/N15_M07_F04_KA07_15.mat,8714904,2014-12-23T17:56:27,282b6fa35050d93b7bb8b337baf1501e70851c99d1b0a45fea233d1d94875f9a
data,PU,/home/jeffwork/data_pu/KA07/N15_M07_F04_KA07_16.mat,8714904,2014-12-23T17:57:48,e49626acf09a7b9aeea3b6decf574bbae7c374dd19a1909ba9b83a4a356e0b5f
data,PU,/home/jeffwork/data_pu/KA07/N15_M07_F04_KA07_17.mat,8714904,2014-12-23T17:58:35,8d9b0d3c6de6ba877c0d31a78d941a9df0ea5ddcb6c821db3a82fc3354d5892f
data,PU,/home/jeffwork/data_pu/KA07/N15_M07_F04_KA07_18.mat,8714872,2014-12-23T17:59:20,e29b320b38010f648acb5ef7d6f7318347d9dd6275dd73028a24031a3e7408c1
data,PU,/home/jeffwork/data_pu/KA07/N15_M07_F04_KA07_19.mat,8730296,2014-12-23T18:01:44,ce2c5537fed8be62b272a84de15e35e2fe366617e5ef3223af1e3864a47f09b6
data,PU,/home/jeffwork/data_pu/KA07/N15_M07_F04_KA07_2.mat,8720920,2014-12-23T17:41:00,9bb8ac4edf980c3d034fdfdb78c9617578b9caf34801e219e949f308e4b7cb84
data,PU,/home/jeffwork/data_pu/KA07/N15_M07_F04_KA07_20.mat,8715032,2014-12-23T18:02:59,16c3f4a7c19306ad843931b0c2a264dfa41a6f3e57df041c1aafc09bf158c304
data,PU,/home/jeffwork/data_pu/KA07/N15_M07_F04_KA07_3.mat,8714904,2014-12-23T17:44:13,8c84589adc119fc5f36ec55fcc0296b0c06d77a5e0f7f1dfdfafa163a652f2a1
data,PU,/home/jeffwork/data_pu/KA07/N15_M07_F04_KA07_4.mat,8714904,2014-12-23T17:42:19,0ed1ccdff324f654fdedab578bce3102ce0d127b12cbd3db947ce0264e630a84
data,PU,/home/jeffwork/data_pu/KA07/N15_M07_F04_KA07_5.mat,8714904,2014-12-23T17:43:09,9d35186cd2d59c2526a453ae20b2543a8c5374af6db05a533edffe6c99cb53a2
data,PU,/home/jeffwork/data_pu/KA07/N15_M07_F04_KA07_6.mat,8714904,2014-12-23T17:45:17,6c62b151f4a0b26898036f519fd202883f1ad6e9d88f61605d96cb0a4edc3e21
data,PU,/home/jeffwork/data_pu/KA07/N15_M07_F04_KA07_7.mat,8714904,2014-12-23T17:46:28,1f010bc814e08e3b0e421c75c39781c7888ae50ade5e44b39e495497890bb8a3
data,PU,/home/jeffwork/data_pu/KA07/N15_M07_F04_KA07_8.mat,8717720,2014-12-23T17:48:06,0b23ab1679dcb3a8421275f0d1c309ba83a92d5c52af8dc1e14753e17a9e38f1
data,PU,/home/jeffwork/data_pu/KA07/N15_M07_F04_KA07_9.mat,8714904,2014-12-23T17:48:47,321934fc30dbbbbd19bc5c26642161489967b544bbebd22684666080f2b715cf
data,PU,/home/jeffwork/data_pu/KA07/N15_M07_F10_KA07_1.mat,8714904,2014-12-23T16:45:24,c730e2d53756eaf6f7dd9f46765a6d088e9d7dcecab7860ad7b402addbe71331
data,PU,/home/jeffwork/data_pu/KA07/N15_M07_F10_KA07_10.mat,8714872,2014-12-23T16:50:46,6b2296da99b0118040f5b44cbfce64d4279cd01cffefc865811af3fe2dfc90fb
data,PU,/home/jeffwork/data_pu/KA07/N15_M07_F10_KA07_11.mat,8714936,2014-12-23T16:51:47,73b0898bb64260ccd66eaba464c1ead6d7635a0ee5281006e26f51dbe5147b4d
data,PU,/home/jeffwork/data_pu/KA07/N15_M07_F10_KA07_12.mat,8714904,2014-12-23T16:52:34,523352e4270bcf1c1e4213062ca35135bc71958c6e5121deb3577a5f4e049a5a
data,PU,/home/jeffwork/data_pu/KA07/N15_M07_F10_KA07_13.mat,8714872,2014-12-23T16:53:22,022cfd5ae8e41c6f2a2c95f1b7bdb5c72940c5972d36483ef2706f4547068bed
data,PU,/home/jeffwork/data_pu/KA07/N15_M07_F10_KA07_14.mat,8714904,2014-12-23T16:54:00,1884abceea0c8dbb5e68eb799fa7b9900066458297758e3745755db5053dce7c
data,PU,/home/jeffwork/data_pu/KA07/N15_M07_F10_KA07_15.mat,8714904,2014-12-23T16:54:33,ed48a4b5b832e0105e8cc242070c85c771fe38b3cc51ff0ede2e138b43f0e6cb
data,PU,/home/jeffwork/data_pu/KA07/N15_M07_F10_KA07_16.mat,8714872,2014-12-23T16:54:56,c59e8a72312dc64eaf9876da094894263aa8d8325dc9913ce3222d7236241827
data,PU,/home/jeffwork/data_pu/KA07/N15_M07_F10_KA07_17.mat,9385752,2014-12-23T16:55:21,7114a64c9444aac43af70ca66a465cf824f478ce080240586936054508e680ed
data,PU,/home/jeffwork/data_pu/KA07/N15_M07_F10_KA07_18.mat,8714904,2014-12-23T16:57:47,846f7500cc92ad93976a4c8e86a4e5061b58770a6a1ca8029f45d54dfda23715
data,PU,/home/jeffwork/data_pu/KA07/N15_M07_F10_KA07_19.mat,8714936,2014-12-23T16:58:12,9ab6e3537ec02ce086a2ca04179179faabd24119e78c3297ccbe6996263b1bf1
data,PU,/home/jeffwork/data_pu/KA07/N15_M07_F10_KA07_2.mat,8714904,2014-12-23T16:45:51,3ce618939ee6f084a22754af6a7bf7cb8c209baa21e26a57482d4b0591f28fca
data,PU,/home/jeffwork/data_pu/KA07/N15_M07_F10_KA07_20.mat,8714904,2014-12-23T16:56:22,790e7267724f7af4cc4dbcda08fd8ed6b74b46ec9032a64041d2a2ace862dfd3
data,PU,/home/jeffwork/data_pu/KA07/N15_M07_F10_KA07_3.mat,8714872,2014-12-23T16:58:46,5b2253e574d5136899b174d65de96cb04b7903a4e4eb64f687b0d599d8bf4dee
data,PU,/home/jeffwork/data_pu/KA07/N15_M07_F10_KA07_4.mat,8714904,2014-12-23T16:47:05,20191fe57540be39310b10dc8403d3d1d8450e6fe893e53712f4e4704534503a
data,PU,/home/jeffwork/data_pu/KA07/N15_M07_F10_KA07_5.mat,8714872,2014-12-23T16:47:37,1dc35b4a3563ee92cc4712529bf42c4a913074b4f5bef4b181f19db2ecc3ef62
data,PU,/home/jeffwork/data_pu/KA07/N15_M07_F10_KA07_6.mat,8714872,2014-12-23T16:48:32,98160d28660797b83c4859c342340f4866ae168ecd7ae54391c3096a371dc44d
data,PU,/home/jeffwork/data_pu/KA07/N15_M07_F10_KA07_7.mat,8714904,2014-12-23T16:49:08,e5b701c44a145356c1b44fe12f190752236d6979d7d782ed1644a0b2ba58a41f
data,PU,/home/jeffwork/data_pu/KA07/N15_M07_F10_KA07_8.mat,8714936,2014-12-23T16:49:56,783c3dce8e313ba1a9ccf3763882d76ac1d40bce2970ac6b5e8c8048171b06a0
data,PU,/home/jeffwork/data_pu/KA07/N15_M07_F10_KA07_9.mat,8714872,2014-12-23T16:50:20,57c55fc3d487120409c612e5f63d846548c3c449a0776a0a56f7a36cd4fc34ba
data,PU,/home/jeffwork/data_pu/KA08/N09_M07_F10_KA08_1.mat,8714872,2014-12-29T12:26:26,52936b437ff01cfd147b6ae2632e4d880f9b5b2182f1f239968b48d75985185e
data,PU,/home/jeffwork/data_pu/KA08/N09_M07_F10_KA08_10.mat,8714904,2014-12-29T12:31:37,28d2feeb28a1cdff5cdccbc576e715c84eb58f4eeb6f4cf93287c29665bbaa42
data,PU,/home/jeffwork/data_pu/KA08/N09_M07_F10_KA08_11.mat,8714872,2014-12-29T12:34:15,4491ded117a938f9d0e9c4b229c9e498e9cab3132cd1416b887e08092fcbb0d0
data,PU,/home/jeffwork/data_pu/KA08/N09_M07_F10_KA08_12.mat,8717464,2014-12-29T12:32:28,f57316005649c42e762f4f90bbc0a8212ac1444c7172ec6cb820fe8de62d4a73
data,PU,/home/jeffwork/data_pu/KA08/N09_M07_F10_KA08_13.mat,8714904,2014-12-29T12:36:32,65f7b03f3ce43a2f01cc2a71d16787073fb326e704ef118d28e9b9be1badb96e
data,PU,/home/jeffwork/data_pu/KA08/N09_M07_F10_KA08_14.mat,8718072,2014-12-29T12:35:51,331ada512f3b4941bc4131553dd33aaaa93abf494fa98470481aad4645634739
data,PU,/home/jeffwork/data_pu/KA08/N09_M07_F10_KA08_15.mat,8714904,2014-12-29T12:37:18,f83d533943930757af0aa7b7b945a9fb7d084107cf0bb413ed19c1db126aa9d8
data,PU,/home/jeffwork/data_pu/KA08/N09_M07_F10_KA08_16.mat,8714904,2014-12-29T12:40:22,7cc63839e288c668bba5c19adc56b92e686ef129819af01da977d38a589b8927
data,PU,/home/jeffwork/data_pu/KA08/N09_M07_F10_KA08_17.mat,8714904,2014-12-29T12:38:04,e2015d2f1fa69bf51d1266e66afdcfc99e28edee6b6836edb40e96fac1ed00b2
data,PU,/home/jeffwork/data_pu/KA08/N09_M07_F10_KA08_18.mat,8714872,2014-12-29T12:38:31,63a748116809745c80fe07751805e02e03c2dda44270f019dd4a675d31633125
data,PU,/home/jeffwork/data_pu/KA08/N09_M07_F10_KA08_19.mat,8714904,2014-12-29T12:39:23,12b40eebce8b296f9bc148d6f2d8e4e5b6d81bd22e3dbf9792924a3c7d13071c
data,PU,/home/jeffwork/data_pu/KA08/N09_M07_F10_KA08_2.mat,8717464,2014-12-29T12:33:10,8fb902c564dd50c8dcc72816e5ffcca8455c97825551b55596f218b65e4b519e
data,PU,/home/jeffwork/data_pu/KA08/N09_M07_F10_KA08_20.mat,8714904,2014-12-29T12:40:49,d01e923848fec25778a74505469aa6656d2c62b5f5430f97016edcad0bfe0f0b
data,PU,/home/jeffwork/data_pu/KA08/N09_M07_F10_KA08_3.mat,8774520,2014-12-29T12:27:24,8d7c42766bd441a08cd55f36a531745dedb25df7c41f166916243051d122ea02
data,PU,/home/jeffwork/data_pu/KA08/N09_M07_F10_KA08_4.mat,8717624,2014-12-29T12:27:57,6124bfd9813450f5bc0cb0f207249c0a2b8b6a54bf41f199f36cc9b2d6666522
data,PU,/home/jeffwork/data_pu/KA08/N09_M07_F10_KA08_5.mat,8714904,2014-12-29T12:28:53,22fcf16444faf4fe081eb59ee593924427efd15f4656a9616b05df4eb958bcde
data,PU,/home/jeffwork/data_pu/KA08/N09_M07_F10_KA08_6.mat,8717560,2014-12-29T12:29:33,bc2e4f5040b415a31eda81f63ea5c7f466cd3912eabf12c7e0a26c28f8fc2189
data,PU,/home/jeffwork/data_pu/KA08/N09_M07_F10_KA08_7.mat,8714904,2014-12-29T12:30:00,6172ea7814078282a81ee52ab69575726e26a58c79af525c5fec8c508e4b81cb
data,PU,/home/jeffwork/data_pu/KA08/N09_M07_F10_KA08_8.mat,8714936,2014-12-29T12:30:31,9996f35e6adf855d003b29a0f6467818752a315cdcc0eac21c975945ec79d74d
data,PU,/home/jeffwork/data_pu/KA08/N09_M07_F10_KA08_9.mat,8781368,2014-12-29T12:31:01,df0bfdf819e3fb1d39c56f10245fa716ed7bf154ce883b0a6b6c7a99bd3e80de
data,PU,/home/jeffwork/data_pu/KA08/N15_M01_F10_KA08_1.mat,8714968,2014-12-29T12:45:32,853f148969dfb516b627a8cb4aae294946bfdc4390cea8f4d58b855d55dede4f
data,PU,/home/jeffwork/data_pu/KA08/N15_M01_F10_KA08_10.mat,8714872,2014-12-29T12:53:52,436a45950b37b1edc586f28276edcb4fc26c1dceef5999567b29abd5e49963cc
data,PU,/home/jeffwork/data_pu/KA08/N15_M01_F10_KA08_11.mat,8714936,2014-12-29T12:54:20,61b445351d979d4cb9e366664f6ef673208ae552fe24cb9b157732ca327c5299
data,PU,/home/jeffwork/data_pu/KA08/N15_M01_F10_KA08_12.mat,8714936,2014-12-29T12:53:05,fdefb17d61c093393f363ab4c01c519a89c28dc6b64625cf4e99bc0409db3a19
data,PU,/home/jeffwork/data_pu/KA08/N15_M01_F10_KA08_13.mat,8714872,2014-12-29T12:55:00,95d8d7df68be25aab799ac25613230833970bd60f03232895eff4bb4cf221486
data,PU,/home/jeffwork/data_pu/KA08/N15_M01_F10_KA08_14.mat,8714904,2014-12-29T12:55:38,437bd72bb75e6dc9c6aa6e11beef592040545c9c2d4e8ef022977ef3c13d7ac6
data,PU,/home/jeffwork/data_pu/KA08/N15_M01_F10_KA08_15.mat,8714904,2014-12-29T12:56:15,d6030c26307942eee950e34160e946068ccfc359c3045f6c3787906c2112c9c3
data,PU,/home/jeffwork/data_pu/KA08/N15_M01_F10_KA08_16.mat,8714872,2014-12-29T12:57:00,7c5619a280aaa0890f44e19ede06f849c4c1cd38208bf3be6eafe1d551d509c2
data,PU,/home/jeffwork/data_pu/KA08/N15_M01_F10_KA08_17.mat,8715032,2014-12-29T12:57:25,8c6da9c9c31f2afdc09bd2fc0d3b2b58d11f3b968f0179e876ed3d4b1973ecaf
data,PU,/home/jeffwork/data_pu/KA08/N15_M01_F10_KA08_18.mat,8714968,2014-12-29T12:57:58,36d746168e8cd9c0d311735ed60a9dd79b9b4d5e5d46b361b671a3c00b623298
data,PU,/home/jeffwork/data_pu/KA08/N15_M01_F10_KA08_19.mat,8714904,2014-12-29T12:58:23,ce6156bcdcb9ac84bb7e11ba4ab3fdfe8be96c780e4e91cce52f251ee5ca0842
data,PU,/home/jeffwork/data_pu/KA08/N15_M01_F10_KA08_2.mat,8714872,2015-01-05T11:52:00,e137cbb2368caa8bd56889eff8609d2569d2c196a85107e16aa4740437f2ccb3
data,PU,/home/jeffwork/data_pu/KA08/N15_M01_F10_KA08_20.mat,8714904,2014-12-29T12:58:51,6a113ebcaab398db294978c007ad8e4c221a993c892d911deac6a72da70635da
data,PU,/home/jeffwork/data_pu/KA08/N15_M01_F10_KA08_3.mat,8714904,2014-12-29T12:46:49,dc396c557a341fe4c2931b5560cb8387d7218f0b17927135a2d8fbbe6f4f3a13
data,PU,/home/jeffwork/data_pu/KA08/N15_M01_F10_KA08_4.mat,8714936,2014-12-29T12:47:22,8f3722d5ae8927d39ae30f14a28db987c2a702e03ebecc2ee5898c81ecf342a0
data,PU,/home/jeffwork/data_pu/KA08/N15_M01_F10_KA08_5.mat,8714904,2014-12-29T12:47:48,9de363e918c1e565119a7ca7d338d75e448947ce293718527f8a7dda1b730d96
data,PU,/home/jeffwork/data_pu/KA08/N15_M01_F10_KA08_6.mat,8717560,2014-12-29T12:49:02,3dee5b959d47d3e9d5d6c96e3fa49b9ebce0c940a200b018344c5e63639593ed
data,PU,/home/jeffwork/data_pu/KA08/N15_M01_F10_KA08_7.mat,8714872,2014-12-29T12:50:10,9842cc83de1a7006a035bf68772f54da74654eecdbf91c496a55b51e6fe4e95e
data,PU,/home/jeffwork/data_pu/KA08/N15_M01_F10_KA08_8.mat,8714904,2014-12-29T12:50:39,1e9547c99905df06a1a4699428c6804b49bb5ff153ee4a7fc7f62bf8c3d6c994
data,PU,/home/jeffwork/data_pu/KA08/N15_M01_F10_KA08_9.mat,8714904,2014-12-29T12:51:39,766dcbd6dfa112940c65ce59d7b19e024541f926dd5dc4b3c931c4a6263e5dc0
data,PU,/home/jeffwork/data_pu/KA08/N15_M07_F04_KA08_1.mat,8714904,2014-12-29T13:02:34,fef7a63cd3e580e270619fb8e0302012e3ca3636130b306e5062be0858cd473c
data,PU,/home/jeffwork/data_pu/KA08/N15_M07_F04_KA08_10.mat,8714904,2014-12-29T13:11:51,ab14760b5b78b7fab42775cb42a08b61d74d9763ae260b00ce55f7bfe8f6b9a7
data,PU,/home/jeffwork/data_pu/KA08/N15_M07_F04_KA08_11.mat,8714968,2014-12-29T13:12:55,0cf7afccf28e347080817840aa4f36a2e60e6202ffb34d0a3ad2cee2fd809e4c
data,PU,/home/jeffwork/data_pu/KA08/N15_M07_F04_KA08_12.mat,8714904,2014-12-29T13:13:16,8aa2fc929be764b983441dd8e9215a09fd029c80939c94acaf1221fc51505a8a
data,PU,/home/jeffwork/data_pu/KA08/N15_M07_F04_KA08_13.mat,8714904,2014-12-29T13:17:52,529fccb3c881b9fcb22cb7e6396eb4c2e047db527e742c42738f4018951ee449
data,PU,/home/jeffwork/data_pu/KA08/N15_M07_F04_KA08_14.mat,8715000,2014-12-29T13:14:00,744b33a6e704af911eec3f55493a4441bde161bf3ce050ae6fadd3b6cc2daccf
data,PU,/home/jeffwork/data_pu/KA08/N15_M07_F04_KA08_15.mat,8714904,2014-12-29T13:14:20,b141dfdb4a7f302b4703edd4e816d0aeab118e5c808fc0d16c1f0bc093327217
data,PU,/home/jeffwork/data_pu/KA08/N15_M07_F04_KA08_16.mat,8715064,2014-12-29T13:14:50,74924feab74866857ed8b01b517e17e667a2a117cb4a789a2d0f23534641c70a
data,PU,/home/jeffwork/data_pu/KA08/N15_M07_F04_KA08_17.mat,8714872,2014-12-29T13:15:39,9c81733b4c99cfd4ca2de75138baea4f1326735b1aff4223f945fccb389af4e3
data,PU,/home/jeffwork/data_pu/KA08/N15_M07_F04_KA08_18.mat,8714936,2014-12-29T13:16:14,77c6a2610478901fb498cdcadb9ba8ce6e4e1c02dfef955bd505cac17d0b2c3f
data,PU,/home/jeffwork/data_pu/KA08/N15_M07_F04_KA08_19.mat,8714904,2014-12-29T13:16:56,a6c28c2dd6c5e6b0ce897330926145a56515b7222785b073520c0ab03704e777
data,PU,/home/jeffwork/data_pu/KA08/N15_M07_F04_KA08_2.mat,8714904,2014-12-29T13:03:46,8e8d4c44351098322f6edc1f57ae8f6ee8754e5d9023473ea62e8f3da5d407ab
data,PU,/home/jeffwork/data_pu/KA08/N15_M07_F04_KA08_20.mat,8714936,2014-12-29T13:17:19,f1526b448ae2e28b0c8d63f472bfeaef5570728da0aed1d4544f839856e4611d
data,PU,/home/jeffwork/data_pu/KA08/N15_M07_F04_KA08_3.mat,8714936,2014-12-29T13:07:24,a6094583b51128f94f4627186db97bb263a1c8693aa9d18bd430672b7851e857
data,PU,/home/jeffwork/data_pu/KA08/N15_M07_F04_KA08_4.mat,8714904,2014-12-29T13:07:58,ea9da81befd6dc2a26830eed0b20c61cf204b610426b2112f53ffc1eaaca7632
data,PU,/home/jeffwork/data_pu/KA08/N15_M07_F04_KA08_5.mat,8714936,2014-12-29T13:08:24,90742aa3388dd38eb930bd2fe01bb822497dc0397f1a66226444b94e6b7724b6
data,PU,/home/jeffwork/data_pu/KA08/N15_M07_F04_KA08_6.mat,8714872,2014-12-29T13:09:00,30abed56b722e480e007dc061df2aa5197ede64a4a521c2a7de9aa6ea7a13f6b
data,PU,/home/jeffwork/data_pu/KA08/N15_M07_F04_KA08_7.mat,9368056,2014-12-29T13:10:48,b5339d5e2baffcfd0a5a436cff6ed1fb0fa52d300df0c3c923d9583ea27013d2
data,PU,/home/jeffwork/data_pu/KA08/N15_M07_F04_KA08_8.mat,8715000,2014-12-29T13:10:06,b4af9627aa15ec3ac548fe9da3a2ebf7b733c5ad3eb21b0f456b5a65dac6bc32
data,PU,/home/jeffwork/data_pu/KA08/N15_M07_F04_KA08_9.mat,8715064,2014-12-29T13:11:19,c39e23af57095957c684f747257453d1e2dfddec88bc60e84cced0150e180c5b
data,PU,/home/jeffwork/data_pu/KA08/N15_M07_F10_KA08_1.mat,8714904,2014-12-29T12:00:05,f61c87a16435000653c9e8685b4e06668c7be27d5c507acc9c9484bf6f8087bd
data,PU,/home/jeffwork/data_pu/KA08/N15_M07_F10_KA08_10.mat,8717688,2014-12-29T12:10:03,da3a46e43cc7532fcca50379db94dfdade0a9aacaa19f4015b3033af3e1e1a68
data,PU,/home/jeffwork/data_pu/KA08/N15_M07_F10_KA08_11.mat,8520952,2014-12-29T12:12:12,1596f3383522c155993e4e52d7aa281eb28f51e02108255ec12c3d2f60fd9048
data,PU,/home/jeffwork/data_pu/KA08/N15_M07_F10_KA08_12.mat,8714904,2014-12-29T12:08:50,f60840fdafe9444648a83d66f2e0f805853f1781baccaf24f09422d18a258e17
data,PU,/home/jeffwork/data_pu/KA08/N15_M07_F10_KA08_13.mat,8714968,2014-12-29T12:13:24,bd90bdda73b05fb784ffe4e6596fc80038beddf607a87dea51d6cacb113ebdda
data,PU,/home/jeffwork/data_pu/KA08/N15_M07_F10_KA08_14.mat,8717528,2014-12-29T12:14:11,15df707ca31fca9e7c61ff2be82ea5d5948ee773747d63175a5b58aac8ef5403
data,PU,/home/jeffwork/data_pu/KA08/N15_M07_F10_KA08_15.mat,8717280,2014-12-29T12:17:25,ad94683497072549ff8190e517ad4ddfe00eef013cc6c5e5f3a9bed3600a0781
data,PU,/home/jeffwork/data_pu/KA08/N15_M07_F10_KA08_16.mat,8714904,2014-12-29T12:15:08,0b28d218566f8c7f5d21e65e657422c230406492866f204fad49c32670b69099
data,PU,/home/jeffwork/data_pu/KA08/N15_M07_F10_KA08_17.mat,8717664,2014-12-29T12:18:26,f907565ea24d45e28425c83001300fa5c2fbea113ad87dea11d981e1a2f34eba
data,PU,/home/jeffwork/data_pu/KA08/N15_M07_F10_KA08_18.mat,8714872,2014-12-29T12:15:44,a7d913741e29f22e21dc170cc7ba5c3635a35583166f1fc5b48b72d0ff0f7bea
data,PU,/home/jeffwork/data_pu/KA08/N15_M07_F10_KA08_19.mat,8745304,2014-12-29T12:16:11,74598b17dd9f9e99ebb5a6e0e151aa6e00e92f5be02328a19330bf52e1a663db
data,PU,/home/jeffwork/data_pu/KA08/N15_M07_F10_KA08_2.mat,8717720,2014-12-29T12:02:29,5af3e446f3f45c8d63f919f950a2cd2b3a37a83fa35bf9accbfb8fc88eda4112
data,PU,/home/jeffwork/data_pu/KA08/N15_M07_F10_KA08_20.mat,8714936,2014-12-29T12:16:45,6eecbc25d4ae4705258781154b752c82874cc195562a2d4db3213490dd2dc337
data,PU,/home/jeffwork/data_pu/KA08/N15_M07_F10_KA08_3.mat,8717784,2014-12-29T12:03:19,0318f293f68d5f67c0b7063b5e932fb38e011a6b182e85a5bee63c470e033606
data,PU,/home/jeffwork/data_pu/KA08/N15_M07_F10_KA08_4.mat,8714872,2014-12-29T12:03:48,63999ad951f1851937747e0ed397920e6b93bf11f29b7e58926a63c2e763a886
data,PU,/home/jeffwork/data_pu/KA08/N15_M07_F10_KA08_5.mat,8717624,2014-12-29T12:04:24,e2c1060d7b46e1f732e98210d3156bc53107ccbe901d08c54ec6a67df3e78836
data,PU,/home/jeffwork/data_pu/KA08/N15_M07_F10_KA08_6.mat,8738040,2014-12-29T12:04:53,8174d033803f59f5f212c9ae5aca97a88a6155a1edf2139eafa6857b2b0db0bb
data,PU,/home/jeffwork/data_pu/KA08/N15_M07_F10_KA08_7.mat,8718040,2014-12-29T12:05:53,44b4417d3b64718074c8ad755e66172650354d8356c0daa4a1a89d4e5af2a287
data,PU,/home/jeffwork/data_pu/KA08/N15_M07_F10_KA08_8.mat,8714904,2014-12-29T12:06:59,119629863621bfd02c2f7cfa663a316081ef9c13771f8a141e95783c8c1e2246
data,PU,/home/jeffwork/data_pu/KA08/N15_M07_F10_KA08_9.mat,8717664,2014-12-29T12:07:32,d1802f29004c635487c36b34759c5e6a4e0bf7094929ed7b5a92c88b9a40489a
data,PU,/home/jeffwork/data_pu/KA16/N09_M07_F10_KA16_1.mat,8717784,2014-08-01T11:26:30,b4bc9a6701abd874d904217bf56ac388c6a9767536a8bb36f5962898a81d2b6e
data,PU,/home/jeffwork/data_pu/KA16/N09_M07_F10_KA16_10.mat,8714904,2014-08-01T11:35:18,351f2563b8e9e38d6f5bc91410d54ccc7f5699bf54c2cbb54316f6f7bb689ecb
data,PU,/home/jeffwork/data_pu/KA16/N09_M07_F10_KA16_11.mat,8714904,2014-08-01T11:36:03,c5d5d887f2ed3b6d0ce8e27c685b0c06f10b43d467140bd77714d0d44cd9bf1e
data,PU,/home/jeffwork/data_pu/KA16/N09_M07_F10_KA16_12.mat,8714872,2014-08-01T11:37:26,a17fd452bb108348a1c6f6d264e7ef060ea5bf9414507f5c573ba087cb740455
data,PU,/home/jeffwork/data_pu/KA16/N09_M07_F10_KA16_13.mat,8714904,2014-08-01T11:38:30,8781450fbf8efe46df08e7a0ac8577a1c10138a15d6555b098bb00518b876ee5
data,PU,/home/jeffwork/data_pu/KA16/N09_M07_F10_KA16_14.mat,8717832,2014-08-01T11:38:54,d6b9a935a8ea194f3eef6101c5f05ed343115032a6e5c9978a39ba422d41be7f
data,PU,/home/jeffwork/data_pu/KA16/N09_M07_F10_KA16_15.mat,8717704,2014-08-01T11:39:43,551301f021014df5f771d39ea25545646c73a610e0d42d2eb4a86c2b41680120
data,PU,/home/jeffwork/data_pu/KA16/N09_M07_F10_KA16_16.mat,8718056,2014-08-01T11:40:11,9f77f4153ef57fa2695fb830ab87c5777b0101b3810e674d3c8c57bb9d343490
data,PU,/home/jeffwork/data_pu/KA16/N09_M07_F10_KA16_17.mat,8717928,2014-08-01T11:40:36,07490dfce619ea2b1e6f4365acaf480bfd4b489f826a2e2360e28dad478fa356
data,PU,/home/jeffwork/data_pu/KA16/N09_M07_F10_KA16_18.mat,8715000,2014-08-01T11:41:45,7b0a7340bb9726fd291441bad8a07a472808f8f86262b9fdd5882b1b039cef59
data,PU,/home/jeffwork/data_pu/KA16/N09_M07_F10_KA16_19.mat,8714872,2014-08-01T11:42:48,1538297b8a0ae1d15fff6193638fe5a4c4d83a66dd65100b3df02773d0eea42b
data,PU,/home/jeffwork/data_pu/KA16/N09_M07_F10_KA16_2.mat,8717816,2014-08-01T11:27:25,f1bb9442ea1c72ae3da8bebbe2293305df58e4ecf26312958b29bdae7ade9675
data,PU,/home/jeffwork/data_pu/KA16/N09_M07_F10_KA16_20.mat,8715128,2014-08-01T11:43:34,b60fbcd1e8ed7695beb1feca651ccc6c557cfe57f806196c4acf7069499866e3
data,PU,/home/jeffwork/data_pu/KA16/N09_M07_F10_KA16_3.mat,8714872,2014-08-01T11:27:50,6da5f1836fae92b912f39c9497b796ae4dd03c5863396df9d9c1528539c0beab
data,PU,/home/jeffwork/data_pu/KA16/N09_M07_F10_KA16_4.mat,8715000,2014-08-01T11:30:12,3031a3be62eb89273b92edb4167199d0510a3c8f7ae18336ac65a26faa5bff9b
data,PU,/home/jeffwork/data_pu/KA16/N09_M07_F10_KA16_5.mat,8717752,2014-08-01T11:30:58,e77dbeea67ce65b868df7c4d61e771f3488f182fb90a3f4037c68d3294b41481
data,PU,/home/jeffwork/data_pu/KA16/N09_M07_F10_KA16_6.mat,8714968,2014-08-01T11:32:54,e84dbd62ef7f98ddacc124f7bd6f187f775d4b36bc1122713909c59d52af82a7
data,PU,/home/jeffwork/data_pu/KA16/N09_M07_F10_KA16_7.mat,8717800,2014-08-01T11:33:58,a1b5af945815bb752b30931255a339cddd8e5aebde41797c843a8e33b4c3f4b1
data,PU,/home/jeffwork/data_pu/KA16/N09_M07_F10_KA16_8.mat,8714936,2014-08-01T11:34:26,50739b8ae93961932274af0dfc4f5a543470777902cc6a817faab76d0aa02696
data,PU,/home/jeffwork/data_pu/KA16/N09_M07_F10_KA16_9.mat,8888344,2014-08-01T11:34:52,f9e45e7ab7eb0a0f793d0c4ed8041c1a88725765cbe7b289100a7adc2b58139e
data,PU,/home/jeffwork/data_pu/KA16/N15_M01_F10_KA16_1.mat,8717800,2014-08-01T11:45:10,3a44623b178f946ecb3fb6e1c64662afbac46c35b5f65a43b3c3c9cb68da2023
data,PU,/home/jeffwork/data_pu/KA16/N15_M01_F10_KA16_10.mat,8755416,2014-08-01T11:50:01,9e119345dfd1b61098cbf60626e38cf25ae0776c255c5162c333ef786f549eca
data,PU,/home/jeffwork/data_pu/KA16/N15_M01_F10_KA16_11.mat,8714904,2014-08-01T11:50:29,804ee8f88daddaaa69cf40dbf0cf846c58a5916c85872a79349f361f2540777e
data,PU,/home/jeffwork/data_pu/KA16/N15_M01_F10_KA16_12.mat,8714904,2014-08-01T11:51:11,ac1135dfdb6fd77c0bca3b05a1de2c3121f32e0348fd25350af5aa2e410713f0
data,PU,/home/jeffwork/data_pu/KA16/N15_M01_F10_KA16_13.mat,8714968,2014-08-01T11:51:37,c7b0baeb579d8665dcab5d87d30815759f51a5a5c33c3d4a3c6a63c8fd961a9c
data,PU,/home/jeffwork/data_pu/KA16/N15_M01_F10_KA16_14.mat,8714904,2014-08-01T11:52:04,e3b96477119b598efb74fca07cb5cfd8f9cc3844e967317325649742aa7d6d97
data,PU,/home/jeffwork/data_pu/KA16/N15_M01_F10_KA16_15.mat,8765208,2014-08-01T11:52:32,45be6f8580ea6da04f7d70247382deffd9b3d1832465a5c82ec0d413da928cfc
data,PU,/home/jeffwork/data_pu/KA16/N15_M01_F10_KA16_16.mat,8714872,2014-08-01T11:53:37,a90c744d8ec6faf7b6b438201c4edf53ee638bd1d196b23ab429e1ece58854f0
data,PU,/home/jeffwork/data_pu/KA16/N15_M01_F10_KA16_17.mat,8714904,2014-08-01T11:54:38,542174220c478a3873c7306dfd0847c2b43a64b8aa27e12970fc4315919192b5
data,PU,/home/jeffwork/data_pu/KA16/N15_M01_F10_KA16_18.mat,8714872,2014-08-01T11:55:41,5ca8e6251f6cac338316436c70021ba1592348a4123e9831e2c3f7616beb39ea
data,PU,/home/jeffwork/data_pu/KA16/N15_M01_F10_KA16_19.mat,8714904,2014-08-01T11:56:05,4049a97e42248d8bd31259352a24f0d3b7b7135580011d6a4abddc96658b990b
data,PU,/home/jeffwork/data_pu/KA16/N15_M01_F10_KA16_2.mat,8717848,2014-08-01T11:46:05,66e5fe3aa6b44b42542b39d41a456e25c0de8e803852513046c4ff55bc5080b0
data,PU,/home/jeffwork/data_pu/KA16/N15_M01_F10_KA16_20.mat,8717832,2014-08-01T11:57:07,04e4e282a28c8276b3f72fbbf2a815f3c7f52785e064b924ffbc621f61a079ba
data,PU,/home/jeffwork/data_pu/KA16/N15_M01_F10_KA16_3.mat,8718056,2014-08-01T11:46:31,d7fa06f8236903c90951e952dd5145b43f487b9ebdb6ca74a4d29a10d6709b9f
data,PU,/home/jeffwork/data_pu/KA16/N15_M01_F10_KA16_4.mat,8717800,2014-08-01T11:46:55,9f45ec16a171bca4aa73af3cc4b8337d3f36eca8d789ce3b8de3d6a70527ec6e
data,PU,/home/jeffwork/data_pu/KA16/N15_M01_F10_KA16_5.mat,9088120,2014-08-01T11:47:52,512e7075b0850e164cef5a674e2459e9e6a07c107478e6fc9f7e7161cdfb6983
data,PU,/home/jeffwork/data_pu/KA16/N15_M01_F10_KA16_6.mat,8717704,2014-08-01T11:48:16,57a88d70af8bc4004fe99c7bbabb4510b3c21b2287c3dff87441a664d588b4d4
data,PU,/home/jeffwork/data_pu/KA16/N15_M01_F10_KA16_7.mat,8714904,2014-08-01T11:48:43,fb694768689d3a0cd075ec4c395ab7140c2dc1ce8dce0ea49b8fc432adc64083
data,PU,/home/jeffwork/data_pu/KA16/N15_M01_F10_KA16_8.mat,8717736,2014-08-01T11:49:09,dcac9648dda47ff44bc3f1ff2e43ec9609eb366e3b25641449952cfe3a1f5a93
data,PU,/home/jeffwork/data_pu/KA16/N15_M01_F10_KA16_9.mat,8714872,2014-08-01T11:49:34,90dc93b249b7be5962792923feed99057e4c28bd2036b1bf3231b91415602c53
data,PU,/home/jeffwork/data_pu/KA16/N15_M07_F04_KA16_1.mat,8714872,2014-08-01T12:00:06,ebd96f9523cdc32abfb15d77a013c3a840e6fc1748c762be093f6f9faae871d3
data,PU,/home/jeffwork/data_pu/KA16/N15_M07_F04_KA16_10.mat,8714872,2014-08-01T12:20:11,ad7b43e4e2f55e4f6e4640ef6f0fc5e178b3e543a910d3e882a26859a298dc9d
data,PU,/home/jeffwork/data_pu/KA16/N15_M07_F04_KA16_11.mat,8714936,2014-08-01T12:20:36,ec95797ed2a06fec7b297f810194328814d64871482dca7d9569a8ceb4a1cb08
data,PU,/home/jeffwork/data_pu/KA16/N15_M07_F04_KA16_12.mat,8714936,2014-08-01T12:23:22,32b1312e634eaff0930be2bca83e4500fbde9ebe9fabdee889076e537f1006d6
data,PU,/home/jeffwork/data_pu/KA16/N15_M07_F04_KA16_13.mat,8714904,2014-08-01T12:24:08,b4c1b010a6ce7472a98ecd9a7c44950425fc4d65b7501644c7f4cc5d2c100dd5
data,PU,/home/jeffwork/data_pu/KA16/N15_M07_F04_KA16_14.mat,8714904,2014-08-01T12:25:00,3b809845c25e66f12fe22349674b8c42e6d1585b4b4bc43734c2cce9c96bffb2
data,PU,/home/jeffwork/data_pu/KA16/N15_M07_F04_KA16_15.mat,8714872,2014-08-01T12:25:24,b3d14b1df7063059cae181a4534a915d3d28044e425298c62adf73b722a1c3a3
data,PU,/home/jeffwork/data_pu/KA16/N15_M07_F04_KA16_16.mat,8714904,2014-08-01T12:25:49,7e5f25c7da61bc0cb90a6b674258c1ce5b2992480e8a86a3aa53f95d35cf3e61
data,PU,/home/jeffwork/data_pu/KA16/N15_M07_F04_KA16_17.mat,8714904,2014-08-01T12:26:14,05069e90008db3364d280f4d92c44841df4d1232af69d5d6f21092f35b5739f8
data,PU,/home/jeffwork/data_pu/KA16/N15_M07_F04_KA16_18.mat,8714904,2014-08-01T12:26:38,0d0007b6f006f6a1d3e8bc946a87d350061d18b0264a0347d513d9047a789de5
data,PU,/home/jeffwork/data_pu/KA16/N15_M07_F04_KA16_19.mat,8715064,2014-08-01T12:27:02,426ae537d2db7f7d2cd29bc351e14eda478e5e3fb8d012fa34ac0df23d302b3f
data,PU,/home/jeffwork/data_pu/KA16/N15_M07_F04_KA16_2.mat,8714872,2014-08-01T12:02:01,f66f3cd8066c4934fe7dcf4620f0f0c0fa86dc3659900fdaedd84ebd3293f1cc
data,PU,/home/jeffwork/data_pu/KA16/N15_M07_F04_KA16_20.mat,8714904,2014-08-01T12:27:26,889725a2d1c3b843958e2d8074e7f44b6c5bca71255e0f4e8455687d1defc9f2
data,PU,/home/jeffwork/data_pu/KA16/N15_M07_F04_KA16_3.mat,8714904,2014-08-01T12:03:37,ba908328d992898fad0623b79ad56157942b13177a3e756158a9ed68d475115e
data,PU,/home/jeffwork/data_pu/KA16/N15_M07_F04_KA16_4.mat,8729880,2014-08-01T12:04:03,8c5fce4c6a149158672338cd97c7d644a65cacd2ede5a888eb1bcf63709167eb
data,PU,/home/jeffwork/data_pu/KA16/N15_M07_F04_KA16_5.mat,8714968,2014-08-01T12:04:31,c23d1792a2180f1f34cd28ac782114e70b3de40bbe54508ca426307164ebaf4b
data,PU,/home/jeffwork/data_pu/KA16/N15_M07_F04_KA16_6.mat,8714904,2014-08-01T12:05:44,5330693aaff9c354a194a9a2dad15033053bdc496de027c3c9cca0ba68fdcacf
data,PU,/home/jeffwork/data_pu/KA16/N15_M07_F04_KA16_7.mat,8714904,2014-08-01T12:06:31,57f5d2fef3c33f782076ef3d286303ee4e35054f1026579eb2798a4efde6e77b
data,PU,/home/jeffwork/data_pu/KA16/N15_M07_F04_KA16_8.mat,8714904,2014-08-01T12:06:55,477056cb5b31223063dd7d8d2ab549a6fc6fb88f8df926b5493e53a92a4f8f14
data,PU,/home/jeffwork/data_pu/KA16/N15_M07_F04_KA16_9.mat,8714904,2014-08-01T12:07:24,63961ab872975dc72f6bf835cc18f9baab14916525a3094246b7c2ff821601db
data,PU,/home/jeffwork/data_pu/KA16/N15_M07_F10_KA16_1.mat,8714904,2014-08-01T09:51:20,152a6de0d94e766f0cb0030718c26d6c4d32314e9b15a94654e2dbe7330c9cc8
data,PU,/home/jeffwork/data_pu/KA16/N15_M07_F10_KA16_10.mat,8714968,2014-08-01T09:56:38,abe1fa1ed37b76a16d6c1146eef480e0e4b6ed7b1daa1692dfe44a97167a5ca1
data,PU,/home/jeffwork/data_pu/KA16/N15_M07_F10_KA16_11.mat,8717944,2014-08-01T09:58:18,d1f9b8ad518eae89ed3fd471390a206db8bbbca228c46e1e65abcbfda594c989
data,PU,/home/jeffwork/data_pu/KA16/N15_M07_F10_KA16_12.mat,8714904,2014-08-01T10:00:46,be2381b154fdeb8bac0a17c54bd5139eeac81ce72703a9ab679cdb063e21fb99
data,PU,/home/jeffwork/data_pu/KA16/N15_M07_F10_KA16_13.mat,8717864,2014-08-01T10:01:50,bfa8429dca4ecf45bb9fad7832de2bbaca1e6352c66a556a12bb1dfd400071ab
data,PU,/home/jeffwork/data_pu/KA16/N15_M07_F10_KA16_14.mat,8715064,2014-08-01T10:02:35,2d85c68de0de29784983433d4c003ea0fe785e070eaeb01415ad102a4378eeef
data,PU,/home/jeffwork/data_pu/KA16/N15_M07_F10_KA16_15.mat,8714936,2014-08-01T10:03:20,819c7f5353f2f3649688ee175f79137257cde1c35bf9e0ee7d38a487ee143c3c
data,PU,/home/jeffwork/data_pu/KA16/N15_M07_F10_KA16_16.mat,8714840,2014-08-01T11:22:14,794784ae12f38bbf69209fe58022df1b4fbdd914f51e27e920aa6aa3169cf0f5
data,PU,/home/jeffwork/data_pu/KA16/N15_M07_F10_KA16_17.mat,8714872,2014-08-01T11:23:26,592f0ce13c84d1baa0ce02bb82767e1640247e5084110cc997fd2a2c734d597d
data,PU,/home/jeffwork/data_pu/KA16/N15_M07_F10_KA16_18.mat,8717704,2014-08-01T11:23:52,bde0e7d8ab294466b9992d79042a88df4a90a2f115ccde427f7261cb273c551b
data,PU,/home/jeffwork/data_pu/KA16/N15_M07_F10_KA16_19.mat,8714904,2014-08-01T11:24:54,548cf6ea948f355885e3f60607dfa2be05bbfd8df37af9151fd692847809ce71
data,PU,/home/jeffwork/data_pu/KA16/N15_M07_F10_KA16_2.mat,8717960,2014-08-01T09:51:54,b66c047286be8667eecb62df0bc25e17fe3f2c0e4f4fa55fe14d32f619a70370
data,PU,/home/jeffwork/data_pu/KA16/N15_M07_F10_KA16_20.mat,8740536,2014-08-01T11:25:20,d2d945c2a1321dfa941823feba33552120beed05395b203d90c5512314ccf779
data,PU,/home/jeffwork/data_pu/KA16/N15_M07_F10_KA16_3.mat,8717864,2014-08-01T09:52:19,0a6844629372e2b7754353179664d8ad55a90bb439be03d81460142ec34505c0
data,PU,/home/jeffwork/data_pu/KA16/N15_M07_F10_KA16_4.mat,8717496,2014-08-01T09:52:51,2abe513439fb5e6830a7032baaf25c474f53efcf6b47b0eb4340d9b65feab1b1
data,PU,/home/jeffwork/data_pu/KA16/N15_M07_F10_KA16_5.mat,8715000,2014-08-01T09:53:18,312c40cd7f9bf968077506db7aaa90325c9c8e48de25ac22eb2ffa6139201fc8
data,PU,/home/jeffwork/data_pu/KA16/N15_M07_F10_KA16_6.mat,8844504,2014-08-01T09:54:07,3f135a0f7f5bc74b089a005e1dd3c25a87badbdda0e6820cacd69f0dfd585444
data,PU,/home/jeffwork/data_pu/KA16/N15_M07_F10_KA16_7.mat,8714872,2014-08-01T09:54:55,512cdf93933f4fdde63a4438f8e0d49b47562e09384d2845113e27c4789a2552
data,PU,/home/jeffwork/data_pu/KA16/N15_M07_F10_KA16_8.mat,8714904,2014-08-01T09:55:44,aecd515b5304195678109f54af59c953a19dfe0b7c90bd98d535d3c5bbb70700
data,PU,/home/jeffwork/data_pu/KA16/N15_M07_F10_KA16_9.mat,8714936,2014-08-01T09:56:09,657a54ea467e7589c10576cc2db3549c99a90ab9c517a140bbb2349b8e9cdb19
data,PU,/home/jeffwork/data_pu/KA22/N09_M07_F10_KA22_1.mat,8714904,2014-08-01T14:57:09,9f2accacec0b295efe037c289490a30646cc34d57d16bb36388722e78f01b4cb
data,PU,/home/jeffwork/data_pu/KA22/N09_M07_F10_KA22_10.mat,8714840,2014-08-01T15:02:40,1fdf947a608487123366e83172245509eadf85ed493943aceb3c693247e03426
data,PU,/home/jeffwork/data_pu/KA22/N09_M07_F10_KA22_11.mat,8714904,2014-08-01T15:03:04,a3b3d9be01dd5140896987bb1afb7c020f4a51442c92a96513d93458bad17338
data,PU,/home/jeffwork/data_pu/KA22/N09_M07_F10_KA22_12.mat,8962424,2014-08-01T15:03:27,3f41728aa5e8615680c9d57508de24eed28d9428ed6cc6bf684660a05b682972
data,PU,/home/jeffwork/data_pu/KA22/N09_M07_F10_KA22_13.mat,8955832,2014-08-01T15:03:53,5ad8128c7d0e2f34bf78aa62df66d136b196338be90fb418c23f7c37e5c8e5c8
data,PU,/home/jeffwork/data_pu/KA22/N09_M07_F10_KA22_14.mat,8714904,2014-08-01T15:04:19,9b12b6c7c04f7991bfa2f529c912ba2031b667ade0b4d9827e7b1bd89fb47bb6
data,PU,/home/jeffwork/data_pu/KA22/N09_M07_F10_KA22_15.mat,8714904,2014-08-01T15:05:03,17a137dddd7b1061dcabb378ac5a96ef5c127a1ce88c8ed154f33331d01671de
data,PU,/home/jeffwork/data_pu/KA22/N09_M07_F10_KA22_16.mat,8714904,2014-08-01T15:05:26,6421b2e6f6b682eb609e64ce4b2e05935bd5247942fa6912343af69c760cecdb
data,PU,/home/jeffwork/data_pu/KA22/N09_M07_F10_KA22_17.mat,8718488,2014-08-01T15:05:51,68845322b77ab30177ad4ce24b5383f15b5d597cdbece61257af264f7d1ffdbd
data,PU,/home/jeffwork/data_pu/KA22/N09_M07_F10_KA22_18.mat,9393336,2014-08-01T15:06:16,2d635a6636e8c54411b85e0b684da98a4598936b5ad331e0614f12f6446a6221
data,PU,/home/jeffwork/data_pu/KA22/N09_M07_F10_KA22_19.mat,8714904,2014-08-01T15:06:41,08ae79e6d6e37ed8b87282626a78b8b8b3d663c2af884d675513cdc7ec1aa240
data,PU,/home/jeffwork/data_pu/KA22/N09_M07_F10_KA22_2.mat,8714904,2014-08-01T14:57:59,f6586b5f7517f8b8806557453043fcec10b022feb7f647a595a512d245025c84
data,PU,/home/jeffwork/data_pu/KA22/N09_M07_F10_KA22_20.mat,8714904,2014-08-01T15:07:07,d33b9d0ca59685689f9a4bb4b1a6e3282a5129dfb25156100c2f22be1d00c7e5
data,PU,/home/jeffwork/data_pu/KA22/N09_M07_F10_KA22_3.mat,8714968,2014-08-01T14:58:24,786629566ee2d022337d7159867076463750129c4741e16a29f4aabd45938891
data,PU,/home/jeffwork/data_pu/KA22/N09_M07_F10_KA22_4.mat,8714904,2014-08-01T14:58:50,fe40801e2a82d0014fc64cc1185501d76746fd29479f0af68c1993136785e965
data,PU,/home/jeffwork/data_pu/KA22/N09_M07_F10_KA22_5.mat,8714872,2014-08-01T14:59:34,8340bd2b5f0d927a0fd04a6613af0e82f3fb3c044886d213d63e5b41ab68808f
data,PU,/home/jeffwork/data_pu/KA22/N09_M07_F10_KA22_6.mat,8714936,2014-08-01T14:59:57,d8eab1b080fbd3ec9daf89a0ae6936cc58bc881459fbfaaf98cb81a8976a9b6a
data,PU,/home/jeffwork/data_pu/KA22/N09_M07_F10_KA22_7.mat,8714904,2014-08-01T15:00:29,71a1067dfb9ab70d86a98a585a126b295ae2952c21f7d88cf7ab70981f4e2dc8
data,PU,/home/jeffwork/data_pu/KA22/N09_M07_F10_KA22_8.mat,8714872,2014-08-01T15:00:53,410fa4da4b4dfd90bf6238f25198c125b3b1f15f4749a820dbb1d898300e3f5a
data,PU,/home/jeffwork/data_pu/KA22/N09_M07_F10_KA22_9.mat,8714904,2014-08-01T15:01:18,e58741c03780a32a183ffebc42fab066c38cb61a7514b6c6f2cd8baff86600be
data,PU,/home/jeffwork/data_pu/KA22/N15_M01_F10_KA22_1.mat,8714904,2014-08-01T15:08:46,c243aaed296cdb5857cbb93f209bddf27ffdf12c633b4a5859d91426f83fcabe
data,PU,/home/jeffwork/data_pu/KA22/N15_M01_F10_KA22_10.mat,8714968,2014-08-01T15:15:30,982ec653500e7f64b512b47fd9b11de29c22a17ca2735e00ad726f84bfd7262b
data,PU,/home/jeffwork/data_pu/KA22/N15_M01_F10_KA22_11.mat,8714872,2014-08-01T15:15:52,8c1e54b6cb40c9b1fdfbe0456180675595f051de6493da5aefb89a1857219c20
data,PU,/home/jeffwork/data_pu/KA22/N15_M01_F10_KA22_12.mat,8714968,2014-08-01T15:16:53,9a3ac1e275bea86efe88ccd58cfed3a1bc592a618caaccefb8026b934e05417b
data,PU,/home/jeffwork/data_pu/KA22/N15_M01_F10_KA22_13.mat,8714808,2014-08-01T15:17:16,347bfe04bdc014cd9a1ba0d1cc23945cd5a7b5e234dfa13985e3aa2db7dbdb82
data,PU,/home/jeffwork/data_pu/KA22/N15_M01_F10_KA22_14.mat,8714904,2014-08-01T15:19:08,ab55beca93f91b05d5edf8c29beca5f9c9a12da6711c46989f6fdbc184c922a6
data,PU,/home/jeffwork/data_pu/KA22/N15_M01_F10_KA22_15.mat,8714904,2014-08-01T15:19:53,5fc95850de27b9ca8eb316b950bdd6952a8e27e416a44946c72de6f8def6e0ad
data,PU,/home/jeffwork/data_pu/KA22/N15_M01_F10_KA22_16.mat,8823800,2014-08-01T15:20:59,db5199c38f045d2e2a051dd786eb866f73743985d14d36d150564a9ddd43a264
data,PU,/home/jeffwork/data_pu/KA22/N15_M01_F10_KA22_17.mat,8714904,2014-08-01T15:21:21,0456447aa2d13f64b79f3ec9a75d8e091be7c37cd3f865f6f43939f16c1e4751
data,PU,/home/jeffwork/data_pu/KA22/N15_M01_F10_KA22_18.mat,8714872,2014-08-01T15:22:03,c3f555be0bb55a12c73071fda7d184ad6e5557981a7b7850c729b5ac2698cb5e
data,PU,/home/jeffwork/data_pu/KA22/N15_M01_F10_KA22_19.mat,8715064,2014-08-01T15:22:48,9bbfd6a9bd29295ba887556c58d82b58b5b4c08ea84783b82d133b242584f7b6
data,PU,/home/jeffwork/data_pu/KA22/N15_M01_F10_KA22_2.mat,8715000,2014-08-01T15:09:33,44e76ea48883b9b4cd1d60ad6cc0d5e04088c6599c858c4f258ffadc85d128fd
data,PU,/home/jeffwork/data_pu/KA22/N15_M01_F10_KA22_20.mat,8714936,2014-08-01T15:23:32,24e40986e0b110e4fbc2e58cb55e73d87d131284d2987ab543c256743170fbcd
data,PU,/home/jeffwork/data_pu/KA22/N15_M01_F10_KA22_3.mat,8714904,2014-08-01T15:10:16,49f363a600eb53dc699e3a5fb258636d5bacfb329f2ee396cb674b9dfdd87c73
data,PU,/home/jeffwork/data_pu/KA22/N15_M01_F10_KA22_4.mat,9398328,2014-08-01T15:11:02,7e4e931b2beaf8dab8042a148f940308ad53e30a5caf6711104d2560a02be9e9
data,PU,/home/jeffwork/data_pu/KA22/N15_M01_F10_KA22_5.mat,8714936,2014-08-01T15:11:25,c0098d9c5604167e77f4c3a17e323ba0cbbd88d92f226194ceada52a7d0ef384
data,PU,/home/jeffwork/data_pu/KA22/N15_M01_F10_KA22_6.mat,8714904,2014-08-01T15:12:08,4512677c4d517cfdeb8a5538d6eaeda8683f2427203c1ba84a25ca008490def3
data,PU,/home/jeffwork/data_pu/KA22/N15_M01_F10_KA22_7.mat,8714904,2014-08-01T15:13:12,fd92d6cc89eac5242e0a3f7c1ddbd182d1c487f74bc0893e8ad968c5058ff599
data,PU,/home/jeffwork/data_pu/KA22/N15_M01_F10_KA22_8.mat,8714904,2014-08-01T15:13:36,2cfd5b8fc98497c05df4e7923bc0e6676e62d349636967806be701e2ebe0141a
data,PU,/home/jeffwork/data_pu/KA22/N15_M01_F10_KA22_9.mat,8715000,2014-08-01T15:14:47,949608a9d8b6ad6ca34afcdb7bf31e9f076cb137dcb8460bef43604187f60827
data,PU,/home/jeffwork/data_pu/KA22/N15_M07_F04_KA22_1.mat,8714936,2014-08-01T15:26:25,533b5de5bc058a042d627d2e9982a8704a728777b5fe655497e81eb5a83305d7
data,PU,/home/jeffwork/data_pu/KA22/N15_M07_F04_KA22_10.mat,8714808,2014-08-01T15:32:24,64b32a0aa9d0cb8d674955906c7dcba737b756a0d0cd0d910207babd3af97581
data,PU,/home/jeffwork/data_pu/KA22/N15_M07_F04_KA22_11.mat,8714936,2014-08-01T15:32:50,eee9e434d1f0a49ff3c49f8d5af784178f982ab81706105c9684aef5ea1f7170
data,PU,/home/jeffwork/data_pu/KA22/N15_M07_F04_KA22_12.mat,8714904,2014-08-01T15:33:35,59e829b21aca1feb1c0277c161fa49466fcfaad0e10d24b8966deb671b326835
data,PU,/home/jeffwork/data_pu/KA22/N15_M07_F04_KA22_13.mat,8714936,2014-08-01T15:34:56,8731ea1e85d11030e65f4ff8533f283ecdd129dde86eac0f752d3dcf58a82b94
data,PU,/home/jeffwork/data_pu/KA22/N15_M07_F04_KA22_14.mat,8714840,2014-08-01T15:35:19,e73b4c62a8531acb0313b4e1a7869f1345c0e3284f6cd54f0fa1a2ac8f56758b
data,PU,/home/jeffwork/data_pu/KA22/N15_M07_F04_KA22_15.mat,8714808,2014-08-01T15:35:45,3f618fe77cb8144ff5755bdd4ecfeeb18e2e82b1aa93b809120922b47b2c2e78
data,PU,/home/jeffwork/data_pu/KA22/N15_M07_F04_KA22_16.mat,8714904,2014-08-01T15:36:27,faa2b0a81a0b552473a5c0440aaae0ab1123f67f7e73a7fb314fa49634983a96
data,PU,/home/jeffwork/data_pu/KA22/N15_M07_F04_KA22_17.mat,8714904,2014-08-01T15:36:49,9eeb270c5afe2d85d698e93d89d4042b54cd79ca24acebb8677a8a3021462eb5
data,PU,/home/jeffwork/data_pu/KA22/N15_M07_F04_KA22_18.mat,8714904,2014-08-01T15:37:13,9a046f7f910c9b2e2d2848f740731fb83024b5491adabf6f846fd1f4eefa44cc
data,PU,/home/jeffwork/data_pu/KA22/N15_M07_F04_KA22_19.mat,8714872,2014-08-01T15:38:41,c66e1dec8e95812fb2ebb1f41d3d2f698e8f3861e8c525564452c915bce8d451
data,PU,/home/jeffwork/data_pu/KA22/N15_M07_F04_KA22_2.mat,8714904,2014-08-01T15:27:05,1b418ae5f75eb10a46d06da27c34e8374b5a91caeefc500ccdf08f36e8ab7da2
data,PU,/home/jeffwork/data_pu/KA22/N15_M07_F04_KA22_20.mat,8714872,2014-08-01T15:39:03,ecd12fc04eff4f73af89e5fdbe609898c0c20aa95ff2bf152423e6908c8a3a8a
data,PU,/home/jeffwork/data_pu/KA22/N15_M07_F04_KA22_3.mat,8714872,2014-08-01T15:27:29,8aca711382d36957107d13a2adf5dcab6af5670e5b42d3ad44a463a71fb83b1e
data,PU,/home/jeffwork/data_pu/KA22/N15_M07_F04_KA22_4.mat,8714904,2014-08-01T15:28:11,b16e0af6b8589f970c7b164b2ded8738f492183f51a6c133abb880050b0e2541
data,PU,/home/jeffwork/data_pu/KA22/N15_M07_F04_KA22_5.mat,8714904,2014-08-01T15:28:50,fa11fa79cb19b9c26d3ff726d6482955ed57fd0537794e734c418beda864783f
data,PU,/home/jeffwork/data_pu/KA22/N15_M07_F04_KA22_6.mat,8714968,2014-08-01T15:29:14,ab315e8643586bb1d619847a3547161de45e83e3a5ec293187224aa06651b25b
data,PU,/home/jeffwork/data_pu/KA22/N15_M07_F04_KA22_7.mat,8714904,2014-08-01T15:30:14,f761aebf260a31b026463d28c29b86b0fa1ad2ae1b0fc81018ce6076daeedaa4
data,PU,/home/jeffwork/data_pu/KA22/N15_M07_F04_KA22_8.mat,8714968,2014-08-01T15:31:01,5923ea251883d5b21d4dacccd7c6d930ae1b7b88c4994867704f6404d94a9eb1
data,PU,/home/jeffwork/data_pu/KA22/N15_M07_F04_KA22_9.mat,8715000,2014-08-01T15:31:59,a896e4bc91c435ccd70d5b154fdd8cd87999bd1700ccfc92952090ebcfee9212
data,PU,/home/jeffwork/data_pu/KA22/N15_M07_F10_KA22_1.mat,8714872,2014-08-01T14:44:23,9e39532276f79b1a75707e6c38e10075aa41ba985d0360629be8dbb389d51559
data,PU,/home/jeffwork/data_pu/KA22/N15_M07_F10_KA22_10.mat,8714904,2014-08-01T14:50:53,6a28f4513dbc76f4209b7fe19d8a6d18c077eda1d253c774302273d05bb4c03d
data,PU,/home/jeffwork/data_pu/KA22/N15_M07_F10_KA22_11.mat,8714968,2014-08-01T14:51:18,cb4f7a96a56c9dc9058dbcf0a0834c9c1539fe4428405c1bd1f22e929bbdf157
data,PU,/home/jeffwork/data_pu/KA22/N15_M07_F10_KA22_12.mat,8714904,2014-08-01T14:51:41,b73215ca6fffb4ea93e95302c699a2e33e67ba0fd2655cc21a7c654b441d8d59
data,PU,/home/jeffwork/data_pu/KA22/N15_M07_F10_KA22_13.mat,8714936,2014-08-01T14:52:05,fc7529189292541fb3d565eac62f07b3eccdf6aa2b7977985aedca35b73f58ee
data,PU,/home/jeffwork/data_pu/KA22/N15_M07_F10_KA22_14.mat,8714968,2014-08-01T14:52:28,7ebd5c21a5c2734837ffaaaef7c00e867dbe9be75e7b24ba80d40a0bf6b57a2a
data,PU,/home/jeffwork/data_pu/KA22/N15_M07_F10_KA22_15.mat,8714904,2014-08-01T14:52:51,cb314318ddc925cc47494cb4048e4ff901f5ec215d03bd8b462aa1d1a551e775
data,PU,/home/jeffwork/data_pu/KA22/N15_M07_F10_KA22_16.mat,8714904,2014-08-01T14:53:34,af65b904c82cd723f399cd110c9b77ddc5c9e74f110622cbc6146a4bd1eb58a6
data,PU,/home/jeffwork/data_pu/KA22/N15_M07_F10_KA22_17.mat,8714904,2014-08-01T14:53:59,f1cef3a77069db838293d37292afe9b645a418f8c871278e728b91bd15a16f88
data,PU,/home/jeffwork/data_pu/KA22/N15_M07_F10_KA22_18.mat,9392184,2014-08-01T14:54:24,c932021d70e92dd110d42ccb29d3ccb1e33879f85f14c582bef4f51cf80ad12c
data,PU,/home/jeffwork/data_pu/KA22/N15_M07_F10_KA22_19.mat,8714904,2014-08-01T14:54:51,6d75f1276f759a302794408f038db5e895eef2863796d0a7f0ac106af7fa7cc2
data,PU,/home/jeffwork/data_pu/KA22/N15_M07_F10_KA22_2.mat,8714872,2014-08-01T14:44:48,c7137c87df1960ae7d6877165a0a691fb023a7cb585c6fa73771e9bd16303992
data,PU,/home/jeffwork/data_pu/KA22/N15_M07_F10_KA22_20.mat,8714872,2014-08-01T14:55:18,b4381b4fa44245cf1fc24a14b48369505faa9bdc51216fc10750f700f5fe8152
data,PU,/home/jeffwork/data_pu/KA22/N15_M07_F10_KA22_3.mat,8714872,2014-08-01T14:45:11,b1704aee031db8d895cc441d5c03425d67bab130f5c5117a3e7d059ff4bfb9f4
data,PU,/home/jeffwork/data_pu/KA22/N15_M07_F10_KA22_4.mat,8714936,2014-08-01T14:45:36,e7518817fbf1f689d572f1e0c641e699badc9456db22143105009a0f773443f8
data,PU,/home/jeffwork/data_pu/KA22/N15_M07_F10_KA22_5.mat,8714936,2014-08-01T14:46:36,46dfd4d21366205d72d8294f85aed8522cfd4e9df93f292b4f5286b0cf98b275
data,PU,/home/jeffwork/data_pu/KA22/N15_M07_F10_KA22_6.mat,8714872,2014-08-01T14:48:54,2511b025609cfb9323793c65f6698f2e886af5638c843124ab812b9b6ab4a8f1
data,PU,/home/jeffwork/data_pu/KA22/N15_M07_F10_KA22_7.mat,8714904,2014-08-01T14:49:18,c406b654f4bcb038f3fc01343f09baf75943a5841d3ceb21812130d043a5b93c
data,PU,/home/jeffwork/data_pu/KA22/N15_M07_F10_KA22_8.mat,8714872,2014-08-01T14:50:04,e4c9b763f27cdc76719c3b8a1a8721093e81bc2f84d247f654a0a5ab260e2ab1
data,PU,/home/jeffwork/data_pu/KA22/N15_M07_F10_KA22_9.mat,8714872,2014-08-01T14:50:28,bd6c8065381735b820e55bd8edb7ab301acaa5f8cca41914c37012c7d4f099aa
data,PU,/home/jeffwork/data_pu/KI04/N09_M07_F10_KI04_1.mat,8717816,2015-07-10T13:58:55,fa5d43cd8ab8cec9cadb0b9356096231b9f2a1a925a2bf935b5d3bcb2eecdf5f
data,PU,/home/jeffwork/data_pu/KI04/N09_M07_F10_KI04_10.mat,8848184,2015-07-10T14:04:30,2c4049c485ed4987d711ef4efab4a66dbce09c9b476fceec3b940d6e1da58b77
data,PU,/home/jeffwork/data_pu/KI04/N09_M07_F10_KI04_11.mat,8867128,2015-07-10T14:05:02,66ebe92149fb0f26439348185dfbf47dd54f5137e94b3647e55e7d7039f9b60e
data,PU,/home/jeffwork/data_pu/KI04/N09_M07_F10_KI04_12.mat,8714904,2015-07-10T14:05:38,d853322bc2e445597046795e7ea0953f7fd7659545f2deb856f6f89563458530
data,PU,/home/jeffwork/data_pu/KI04/N09_M07_F10_KI04_13.mat,8714904,2015-07-10T14:06:12,2a74c16ceb6ba2f1d08ddab839c6a61a22388ae63d0b3b69d80f92bbc9681f9a
data,PU,/home/jeffwork/data_pu/KI04/N09_M07_F10_KI04_14.mat,8717400,2015-07-10T14:06:49,ee7b979c02fa8b2f2258d9ebd447ee572ceb9d2ba22eb8a7d46e4b65b3ff5438
data,PU,/home/jeffwork/data_pu/KI04/N09_M07_F10_KI04_15.mat,8912376,2015-07-10T14:07:22,867cf319dd71491569c2afaf88db519c847593ed88e4aed9ac91a457c9834a31
data,PU,/home/jeffwork/data_pu/KI04/N09_M07_F10_KI04_16.mat,8904760,2015-07-10T14:08:07,15a5da643c99d9e911f323d123d8a1e1a5f9c51ca64294f612add68c5c21cd5f
data,PU,/home/jeffwork/data_pu/KI04/N09_M07_F10_KI04_17.mat,8714904,2015-07-10T14:08:49,011f2a1087ebee857e067beebac1d5452aa2702480b84c039b507a3182604845
data,PU,/home/jeffwork/data_pu/KI04/N09_M07_F10_KI04_18.mat,8714872,2015-07-10T14:09:24,a57e2b52bc68a54c158efe3cb838ca812cbaeebb45d383c7a11e47959a0122ae
data,PU,/home/jeffwork/data_pu/KI04/N09_M07_F10_KI04_19.mat,8714904,2015-07-10T14:09:58,836b65efc57855213bc728f18ebcc14cf4f1f69041a954f82954172b3f40f66c
data,PU,/home/jeffwork/data_pu/KI04/N09_M07_F10_KI04_2.mat,8717888,2015-07-10T13:59:30,c993511853ff0a4326896586e0d21e06e0f3ad56be2c08f7a3e204a4e00ab9e9
data,PU,/home/jeffwork/data_pu/KI04/N09_M07_F10_KI04_20.mat,8714904,2015-07-10T14:10:39,52e779f7244f421f84953cd1f2495ef9a4cd05bdd3527b2808c1dc9dc352735a
data,PU,/home/jeffwork/data_pu/KI04/N09_M07_F10_KI04_3.mat,8714904,2015-07-10T14:00:00,dfb89ba32084c6563b11569c6413368e5cf24f907f9dc9711dcb5e11a20f75ca
data,PU,/home/jeffwork/data_pu/KI04/N09_M07_F10_KI04_4.mat,8717816,2015-07-10T14:00:34,3921cd85b2c14e36124fe83434ed742455d1ece94db4997e7af753888e96421a
data,PU,/home/jeffwork/data_pu/KI04/N09_M07_F10_KI04_5.mat,8714904,2015-07-10T14:01:07,bcb8337e6cac324c82712abf92d2a48184fc6bcbd07aaa99cee0423cfe99da00
data,PU,/home/jeffwork/data_pu/KI04/N09_M07_F10_KI04_6.mat,8717496,2015-07-10T14:01:45,fa3d3299f1f2c2d7143f528a2d55ede6d110d5fadda30dd5957e2aec7fa32775
data,PU,/home/jeffwork/data_pu/KI04/N09_M07_F10_KI04_7.mat,8714904,2015-07-10T14:02:20,028bb40a85d1cc4907b39b9e95c04da530ef69afd35ddaecc87e46a14a074b22
data,PU,/home/jeffwork/data_pu/KI04/N09_M07_F10_KI04_8.mat,8717664,2015-07-10T14:03:14,9516c6e5ec95889580575215f60d1a9c198a9d2b3f57f917fb22b7490facac1b
data,PU,/home/jeffwork/data_pu/KI04/N09_M07_F10_KI04_9.mat,8714904,2015-07-10T14:03:49,3522d004c1488cce989ec8c983175182f86bbd3e258fd248aa6852a554c65552
data,PU,/home/jeffwork/data_pu/KI04/N15_M01_F10_KI04_1.mat,8738456,2015-07-09T16:21:16,24cd3f08730e2ffe0117e77ef8eb14433b6131bddf6508d2ea50bae950f936b3
data,PU,/home/jeffwork/data_pu/KI04/N15_M01_F10_KI04_10.mat,8714904,2015-07-09T16:29:49,c308fa34dbdef64b2e5ca28ee27c5866237276ebb56af84955b56a201b61160b
data,PU,/home/jeffwork/data_pu/KI04/N15_M01_F10_KI04_11.mat,8714904,2015-07-09T16:30:44,526c059ea63f846b7a29bb557e115123e018df81f98ccb4928209548723ebb38
data,PU,/home/jeffwork/data_pu/KI04/N15_M01_F10_KI04_12.mat,8714904,2015-07-09T16:31:21,bec3d736bba23fd42ac356a9abeb3765009de6306e5472da204a75bd88887d3f
data,PU,/home/jeffwork/data_pu/KI04/N15_M01_F10_KI04_13.mat,8714904,2015-07-09T16:31:59,aa54688e9840f01216f02a3befc1813aad4e08e2e173a2d8b46991b974ced213
data,PU,/home/jeffwork/data_pu/KI04/N15_M01_F10_KI04_14.mat,8714904,2015-07-09T16:32:29,75de071b018bba167e8f8f3e0bd75b348c79b140f66f1f872e6f0e5b6da456c1
data,PU,/home/jeffwork/data_pu/KI04/N15_M01_F10_KI04_15.mat,8714904,2015-07-09T16:33:03,3bfbd48a6ca8f366692efb2cc4dc1ae71d9521c208c5ba1cf3b3ac9e5c870bc0
data,PU,/home/jeffwork/data_pu/KI04/N15_M01_F10_KI04_16.mat,8714904,2015-07-09T16:33:42,42a8b0b90fe5ec96411fe2f90f6d5e50a9d15fb6eb50df406543964b54eb347d
data,PU,/home/jeffwork/data_pu/KI04/N15_M01_F10_KI04_17.mat,8717728,2015-07-09T16:54:52,ed9e112ce85f7a48caa938d85b7ba39cf0fa40ebac32a16738836bfde9de0f02
data,PU,/home/jeffwork/data_pu/KI04/N15_M01_F10_KI04_18.mat,8714904,2015-07-09T16:35:23,51899f707aaf16d3f97e6622cb9b6194d2b71c903e664682fee83be4cc36ba51
data,PU,/home/jeffwork/data_pu/KI04/N15_M01_F10_KI04_19.mat,8714904,2015-07-09T16:35:55,9070dcd05ae958ea326a5a9b8241738a061b1198acd5b9aba9af93b05e255007
data,PU,/home/jeffwork/data_pu/KI04/N15_M01_F10_KI04_2.mat,8714904,2015-07-09T16:22:00,12ba66b4a46a7e80edda7bf1488cd466b6d1f6e74764b98ea54cdcfc407e0293
data,PU,/home/jeffwork/data_pu/KI04/N15_M01_F10_KI04_20.mat,8714904,2015-07-09T16:36:27,1a9216b10a6f3e61917ac0dac3f758a7d083144ecb0d3070a6978bc8809de9f9
data,PU,/home/jeffwork/data_pu/KI04/N15_M01_F10_KI04_3.mat,8714904,2015-07-09T16:25:21,925ed9eb060749da30e696e1b5e1fabf3504fc4c3aaf81803e6762c832672659
data,PU,/home/jeffwork/data_pu/KI04/N15_M01_F10_KI04_4.mat,8714904,2015-07-09T16:25:59,bf5097d71828555e329fc66fe4f93742154ac50c50c7efa296207a79ff399631
data,PU,/home/jeffwork/data_pu/KI04/N15_M01_F10_KI04_5.mat,8714904,2015-07-09T16:26:43,12b7c250d7ea6581701d2222610a0ddd12af9aa79ab93be96c97e994924c7149
data,PU,/home/jeffwork/data_pu/KI04/N15_M01_F10_KI04_6.mat,8714904,2015-07-09T16:27:14,01d12f7aa1f4117a766be6ffa74d4be18f4a4ae8deac5a38c0ca10a5059072b7
data,PU,/home/jeffwork/data_pu/KI04/N15_M01_F10_KI04_7.mat,8714904,2015-07-09T16:27:46,de4a397b0924cb97feb897d62799b0110aa25dbf1cc0134a2987a37e665588a5
data,PU,/home/jeffwork/data_pu/KI04/N15_M01_F10_KI04_8.mat,8714904,2015-07-09T16:28:24,8c76ebe6ab7311e685d39a4bcd598e1400b00567945ea1c263ae7adc5bd65e5f
data,PU,/home/jeffwork/data_pu/KI04/N15_M01_F10_KI04_9.mat,8714904,2015-07-09T16:28:54,0a791ee6d1dc4364e72087fdbfd50083ecfbf1797765699a55cd7aed2be310ca
data,PU,/home/jeffwork/data_pu/KI04/N15_M07_F04_KI04_1.mat,8715000,2015-07-10T14:15:42,935c1b56751894110c6256fa3d06b0cc9e526417d0b7eee92abeaea1dce0617f
data,PU,/home/jeffwork/data_pu/KI04/N15_M07_F04_KI04_10.mat,8717688,2015-07-10T14:20:34,8508d0d0645e098394ec96b8f32593c521c59373517ca7ec8f095eb80070288b
data,PU,/home/jeffwork/data_pu/KI04/N15_M07_F04_KI04_11.mat,8717976,2015-07-10T14:21:06,7ff1544f71914c9c5c17b0251b88cbb22bd63a48e054f450ab74e7a09e0ce2a9
data,PU,/home/jeffwork/data_pu/KI04/N15_M07_F04_KI04_12.mat,8717912,2015-07-10T14:21:41,8f347b3aa0a015a90346e493bd090d8e2e5249d843954b0121a7febc7709ea68
data,PU,/home/jeffwork/data_pu/KI04/N15_M07_F04_KI04_13.mat,8717912,2015-07-10T14:22:12,b422e83b33a34d098bdbd4898025fe26485d99cd10f064f28edf653638418203
data,PU,/home/jeffwork/data_pu/KI04/N15_M07_F04_KI04_14.mat,8714904,2015-07-10T14:22:40,4dba1fe5fbd032f653956205e3b9726778d381a0aa854242908930b165614ebf
data,PU,/home/jeffwork/data_pu/KI04/N15_M07_F04_KI04_15.mat,8714904,2015-07-10T14:23:08,e17f3b0b1b2a97d4745f53e04a761a44624ce79354b5c8cce903815bc3afae9c
data,PU,/home/jeffwork/data_pu/KI04/N15_M07_F04_KI04_16.mat,8714904,2015-07-10T14:23:39,afa4568fcf3282327d06619c300f5634a8f14335c606a1d81232ad3d1af3786b
data,PU,/home/jeffwork/data_pu/KI04/N15_M07_F04_KI04_17.mat,8717856,2015-07-10T14:24:12,0e758f208b55c8ea266688985a4a70b8d18f2e9b48c988eb197729fcb46e8e46
data,PU,/home/jeffwork/data_pu/KI04/N15_M07_F04_KI04_18.mat,8714936,2015-07-10T14:24:39,c4f990f7aa82e58bd858be5f59b2d921e9e5b5ca6a51c92d201b15d6baf883bc
data,PU,/home/jeffwork/data_pu/KI04/N15_M07_F04_KI04_19.mat,8888280,2015-07-10T14:25:09,f62758ee6e8afb49150f95d62f6f965c03081274f026d1c4a2797d188a413de8
data,PU,/home/jeffwork/data_pu/KI04/N15_M07_F04_KI04_2.mat,8717656,2015-07-10T14:16:16,4c3bb2a4c26da6655fdc75678b3d744058b05aaf19ee96c49a301971f5a5fd0d
data,PU,/home/jeffwork/data_pu/KI04/N15_M07_F04_KI04_20.mat,8717976,2015-07-10T14:25:41,5446b02a9f0300800242edcee4d9014404972b958e27db44d02b113d294d5d13
data,PU,/home/jeffwork/data_pu/KI04/N15_M07_F04_KI04_3.mat,8714904,2015-07-10T14:16:54,bc4020a6282482aad661690b204ad133dcee45d6b6c36073a26beb94050ddb28
data,PU,/home/jeffwork/data_pu/KI04/N15_M07_F04_KI04_4.mat,8745112,2015-07-10T14:17:28,cdbfa5ea85ab3befa445d83e8787635b796da9fe6b6b7ad9f43fcefb0d0ae39c
data,PU,/home/jeffwork/data_pu/KI04/N15_M07_F04_KI04_5.mat,8727704,2015-07-10T14:17:59,469c137ee402d25f97781110ff07338ca2f10191750fcdca82a7de2693dab6b0
data,PU,/home/jeffwork/data_pu/KI04/N15_M07_F04_KI04_6.mat,8734936,2015-07-10T14:18:33,0be0837ddee491b33a27e6deb71cb55a8f180506c9621cd40aa0040aabb72bf6
data,PU,/home/jeffwork/data_pu/KI04/N15_M07_F04_KI04_7.mat,8714904,2015-07-10T14:19:00,7b7c2a1db6032baacb0ab82f9418369cb235695b7444fcea53ee2d1b45358edf
data,PU,/home/jeffwork/data_pu/KI04/N15_M07_F04_KI04_8.mat,8714904,2015-07-10T14:19:29,f23250c7a4849046cb12e00b2da65694196e0eeb6840c1bf49b0f39ba5349192
data,PU,/home/jeffwork/data_pu/KI04/N15_M07_F04_KI04_9.mat,8726488,2015-07-10T14:20:03,fd768b256d1f40b0862ed3bbe9b2aa8112fe0042c88da8dce03daa57c7688f38
data,PU,/home/jeffwork/data_pu/KI04/N15_M07_F10_KI04_1.mat,8714904,2015-07-10T13:36:52,d77409dca95d03986b5957b73c2219f42f7bbfd8080ebbf6f5b9f11571476f9c
data,PU,/home/jeffwork/data_pu/KI04/N15_M07_F10_KI04_10.mat,8714904,2015-07-10T13:42:25,f10c64e27ebde65f8a466c2b5f4b4b353931136e32f6f299d6c43f3eae45e5a3
data,PU,/home/jeffwork/data_pu/KI04/N15_M07_F10_KI04_11.mat,8714904,2015-07-10T13:42:56,c6392dcd5a7e757c262477e8f8cac9f40e4b911a67c9320ff04d8a3f25433d3e
data,PU,/home/jeffwork/data_pu/KI04/N15_M07_F10_KI04_12.mat,8714904,2015-07-10T13:43:32,edd3cd9ab2d9dbbb0aff4c287e3732d53b1ee4f08f2bc339ec797425632cfa67
data,PU,/home/jeffwork/data_pu/KI04/N15_M07_F10_KI04_13.mat,8714904,2015-07-10T13:44:07,e409cc4b9f01fa545b11b6eea0fdaacf61b57b0d35b909e7b620f63713538244
data,PU,/home/jeffwork/data_pu/KI04/N15_M07_F10_KI04_14.mat,8717592,2015-07-10T13:44:39,6bc6574a30c3381d67de50fa400d4f7004b155f9713ba5cf098ad0ae8a2b5c5a
data,PU,/home/jeffwork/data_pu/KI04/N15_M07_F10_KI04_15.mat,8717688,2015-07-10T13:45:10,fc1a22a7b615846a085db8d1b6d078d5b8c44b1de7ba59ef507aaabe1e115723
data,PU,/home/jeffwork/data_pu/KI04/N15_M07_F10_KI04_16.mat,8714904,2015-07-10T13:45:40,bc9adbfcfa971c363aee268f50ae4303c5e2c7b2ef7a0ae294bf196a5dfb195a
data,PU,/home/jeffwork/data_pu/KI04/N15_M07_F10_KI04_17.mat,8762656,2015-07-10T13:46:12,8ec8792c1917100caa9074d13aac405e276670aeb2ed7aa4e6c6f4e03a608d44
data,PU,/home/jeffwork/data_pu/KI04/N15_M07_F10_KI04_18.mat,8714904,2015-07-10T13:46:42,9b6449b4dae80ea24c89624f987c2e2fb863dae4f8a72006f42e16f3a89b7c9f
data,PU,/home/jeffwork/data_pu/KI04/N15_M07_F10_KI04_19.mat,8714968,2015-07-10T13:47:19,3912aa5015e3c9e8b0a82203e0d679be28e25a8195b8df0b279b9eca7978b604
data,PU,/home/jeffwork/data_pu/KI04/N15_M07_F10_KI04_2.mat,8714904,2015-07-10T13:37:31,21e8db6824fb887c13ac5fefcd678d81b70c51734d6fc9a24fb580a9acf3d2dc
data,PU,/home/jeffwork/data_pu/KI04/N15_M07_F10_KI04_20.mat,8719352,2015-07-10T13:47:51,596a324120e431cb25680792ace2c4f7e595877e3133f37f756609c4f3c7757b
data,PU,/home/jeffwork/data_pu/KI04/N15_M07_F10_KI04_3.mat,8714904,2015-07-10T13:38:05,160e9630ad5c2d9c8378eed1ee5d596177d85d31aad1bbb3f396b8305aadb5bd
data,PU,/home/jeffwork/data_pu/KI04/N15_M07_F10_KI04_4.mat,8741056,2015-07-10T13:38:39,6c8cf4dc8f8df64561c9ad653f6d2bf0c48fd9d1a534276a22ebc13fa2d5b27d
data,PU,/home/jeffwork/data_pu/KI04/N15_M07_F10_KI04_5.mat,8717880,2015-07-10T13:39:41,65844dfbaf87208e490960fb0f7ae9c8f69dc6d85a171becf76abfa5629213bb
data,PU,/home/jeffwork/data_pu/KI04/N15_M07_F10_KI04_6.mat,8714904,2015-07-10T13:40:10,02710f54333f645b2ad1c89cf446b01d8ae3008bdd879552d475ef16dff6c100
data,PU,/home/jeffwork/data_pu/KI04/N15_M07_F10_KI04_7.mat,8714904,2015-07-10T13:40:38,bd8d95f004bed7212fc54648edf53d146ab06a1569deeb9719d041b0b86db1e0
data,PU,/home/jeffwork/data_pu/KI04/N15_M07_F10_KI04_8.mat,8742040,2015-07-10T13:41:23,2b8c81e7a2a0648880625b253bc55f8afb47ec38f3e6e2f79ef6163e128a1eef
data,PU,/home/jeffwork/data_pu/KI04/N15_M07_F10_KI04_9.mat,8717624,2015-07-10T13:41:56,a469993c92fe27379c16ea2db3587b931e8076a805a83296f5b9cf5be1e706fe
data,PU,/home/jeffwork/data_pu/KI05/N09_M07_F10_KI01_1.mat,8714904,2015-09-18T10:52:29,b8e3628db7ad70db6b8677d9011aeb75cf10ace259241ab18ba9b43e19bf3b2e
data,PU,/home/jeffwork/data_pu/KI05/N09_M07_F10_KI01_10.mat,8739416,2015-09-18T10:58:19,3dfd3dfd7281878692617bfff6c8ea6d04c5141d00f641387dae8ef64b5de1f3
data,PU,/home/jeffwork/data_pu/KI05/N09_M07_F10_KI01_11.mat,8718392,2015-09-18T10:59:01,3b8c8d8c1a632c522648d8dabadcda024377a4d2582de32b797cd9667c50d6f0
data,PU,/home/jeffwork/data_pu/KI05/N09_M07_F10_KI01_12.mat,8717816,2015-09-18T10:59:35,d62ada27d981df04a5f55a682c1594f266a47ea46160c35e67fbacc1b352ccd1
data,PU,/home/jeffwork/data_pu/KI05/N09_M07_F10_KI01_13.mat,8714872,2015-09-18T11:00:12,9a5d6fc4a8e84565595755f61a510d55a7e455a08f197ad4f032f7af8f9affd1
data,PU,/home/jeffwork/data_pu/KI05/N09_M07_F10_KI01_14.mat,8770904,2015-09-18T11:00:40,16abe9e49bdb2d7355e20241dd3f7a626b32036a7d8511cc430a2d661d4575e0
data,PU,/home/jeffwork/data_pu/KI05/N09_M07_F10_KI01_15.mat,8718328,2015-09-18T11:01:12,093df5f667d83d49854cdaf3fdb8bfc0996d354d1353b53469873da262d35271
data,PU,/home/jeffwork/data_pu/KI05/N09_M07_F10_KI01_16.mat,8714904,2015-09-18T11:01:41,6af197da98abb2283828bca44629051c83a3ff2f9824e602bfc5abd7d29a997f
data,PU,/home/jeffwork/data_pu/KI05/N09_M07_F10_KI01_17.mat,8714904,2015-09-18T11:02:10,27021c612c756976cc62a1586061a5fe973783dfa291b448496826f98a2a17eb
data,PU,/home/jeffwork/data_pu/KI05/N09_M07_F10_KI01_18.mat,8717720,2015-09-18T11:02:44,6754b41e9d6e987fa4b2e02d8b5ec4e70b174791aaf6db270c52da4d863ce9bc
data,PU,/home/jeffwork/data_pu/KI05/N09_M07_F10_KI01_19.mat,8718328,2015-09-18T11:03:17,e06bcf62da979273bfe791251d71f6a1c7ef97a710c830266a97eca22052bfea
data,PU,/home/jeffwork/data_pu/KI05/N09_M07_F10_KI01_2.mat,8714904,2015-09-18T10:54:01,98cc02d4f468d200b0230d76994453211a148ccec8ca4b80fb2cc9fc235d158a
data,PU,/home/jeffwork/data_pu/KI05/N09_M07_F10_KI01_20.mat,8718680,2015-09-18T11:03:52,b05386927957291babbcea1a156eafb5e8b6c67b8c116013bcbaa95b067b8aca
data,PU,/home/jeffwork/data_pu/KI05/N09_M07_F10_KI01_3.mat,8714904,2015-09-18T10:54:33,9d175818da704f9ce868e7ffcead3ab0df4c9573f43a2ef180949e623e6f1037
data,PU,/home/jeffwork/data_pu/KI05/N09_M07_F10_KI01_4.mat,8714904,2015-09-18T10:55:05,340402afa1949a55b6c9743fe88b20cf691635fc35df763b2c51797b1ab412c5
data,PU,/home/jeffwork/data_pu/KI05/N09_M07_F10_KI01_5.mat,8714904,2015-09-18T10:55:35,a0b5f779135bd1543d9b8960aeb5f6f16c38a3cc9dfb5b74623b2e869fefd6bb
data,PU,/home/jeffwork/data_pu/KI05/N09_M07_F10_KI01_6.mat,8714904,2015-09-18T10:56:07,92930c9d6ca0ac40afcfdfcc992c5684210026b8aff7c5b6035657ab19f83248
data,PU,/home/jeffwork/data_pu/KI05/N09_M07_F10_KI01_7.mat,8714904,2015-09-18T10:56:35,da509095c3a1ef2aada55925992da4ddd7fb0769809a243e21696eee075d69bf
data,PU,/home/jeffwork/data_pu/KI05/N09_M07_F10_KI01_8.mat,8723032,2015-09-18T10:57:06,9decfb98e5fa62cbca50fce2b404a48e02bb9711653087cf345901907f7dd1e1
data,PU,/home/jeffwork/data_pu/KI05/N09_M07_F10_KI01_9.mat,8714904,2015-09-18T10:57:43,8a26c402a4ab19db1b1c5fe7c98b63a65d5fd59ee4f19901a911d02355c648dd
data,PU,/home/jeffwork/data_pu/KI05/N15_M01_F10_KI01_1.mat,8740728,2015-09-18T11:05:59,a7b69399749e07b82648fd730613db60e639cbe55ea892447eda433ab459094d
data,PU,/home/jeffwork/data_pu/KI05/N15_M01_F10_KI01_10.mat,8799224,2015-09-18T11:10:46,13ba72e8ff278f3f497bf34d2cd3f595164d3818e46a0a91ba9c9f53f123f9f6
data,PU,/home/jeffwork/data_pu/KI05/N15_M01_F10_KI01_11.mat,8714904,2015-09-18T11:11:14,0bd7c597a270ea4d1c9c18717919bc1793222804980f894fb34b2a1fff2563b1
data,PU,/home/jeffwork/data_pu/KI05/N15_M01_F10_KI01_12.mat,8717760,2015-09-18T11:17:27,79c0fb24cc17cc0f63f586cf25ed752916a071743877f3e1c7f0c80c75c2baca
data,PU,/home/jeffwork/data_pu/KI05/N15_M01_F10_KI01_13.mat,8714904,2015-09-18T11:12:14,9340673e82a3ed2b86971252af47c7d75ef40b4d80d362c6989245e8e3ed42c2
data,PU,/home/jeffwork/data_pu/KI05/N15_M01_F10_KI01_14.mat,8750232,2015-09-18T11:12:50,6aa8210c25140f8a39e6bb5e9055a463d25cd63ecfd09a25982880aacc04d952
data,PU,/home/jeffwork/data_pu/KI05/N15_M01_F10_KI01_15.mat,8750840,2015-09-18T11:13:33,48532ee7acfe07466f22f35a06b90af39757b07a0ed6793fbb1ea2a3ffa65d12
data,PU,/home/jeffwork/data_pu/KI05/N15_M01_F10_KI01_16.mat,8756024,2015-09-18T11:14:06,b6ad7187b5897903424baf0b77c1917d8a10044eac66aff9763fb5a5c8fcd3c2
data,PU,/home/jeffwork/data_pu/KI05/N15_M01_F10_KI01_17.mat,8714904,2015-09-18T11:14:35,06a5f2c531d02d3a2d7fc6cf49d5a91d894a272bfeec3af803d6efffc71fb927
data,PU,/home/jeffwork/data_pu/KI05/N15_M01_F10_KI01_18.mat,8732608,2015-09-18T11:15:10,c0fea8eb12a80705a3a43000569353065880f66bd8f6387f220dfb84bd8f3148
data,PU,/home/jeffwork/data_pu/KI05/N15_M01_F10_KI01_19.mat,8714904,2015-09-18T11:15:40,bf767a6b94bdbbe3ed7aa91e9ad639c5188f133c0c2950ac938b4bd36054b98d
data,PU,/home/jeffwork/data_pu/KI05/N15_M01_F10_KI01_2.mat,8714904,2015-09-18T11:06:28,fdf8b10f5cb06fcda4c5913fa3f01e831c6abac4a1711f839662b58e9ad57835
data,PU,/home/jeffwork/data_pu/KI05/N15_M01_F10_KI01_20.mat,8714904,2015-09-18T11:16:08,791819c84f58832587c95619076838a4f1685f5669f819cd02c8c88d65a51ce3
data,PU,/home/jeffwork/data_pu/KI05/N15_M01_F10_KI01_3.mat,8717720,2015-09-18T11:07:00,6266347e56c21354bd05cc8ff0b916f67ec0baa0917b476a3d19688f05b325c8
data,PU,/home/jeffwork/data_pu/KI05/N15_M01_F10_KI01_4.mat,8737528,2015-09-18T11:07:35,82b92867a0be4a8867fbbdbb8ee113d72a4c3fe4b171ffc30b50fc76dd4baa6d
data,PU,/home/jeffwork/data_pu/KI05/N15_M01_F10_KI01_5.mat,8718112,2015-09-18T11:08:05,c5c90699737d3d45a5e39e9b529d49acc3fa627789375c63abeca1c967d63f02
data,PU,/home/jeffwork/data_pu/KI05/N15_M01_F10_KI01_6.mat,8732088,2015-09-18T11:08:38,41c6a66e104f6bb46cb1a08a3710665f52ebe8c48945b038745b0f25cf6eff4a
data,PU,/home/jeffwork/data_pu/KI05/N15_M01_F10_KI01_7.mat,8719576,2015-09-18T11:09:09,e13d7cb88740073833d82c540343954de857b2b635929d65528eead62ccb67cd
data,PU,/home/jeffwork/data_pu/KI05/N15_M01_F10_KI01_8.mat,8737240,2015-09-18T11:09:43,7b107f0bc07eb3fa137447e95029760b47676d544d3a4e2d70e40a7ea9ce31ed
data,PU,/home/jeffwork/data_pu/KI05/N15_M01_F10_KI01_9.mat,8718328,2015-09-18T11:10:16,674421d6301f3d3692e4eeb4d310ed1792c0d343041e5ff2f953b31373ceff66
data,PU,/home/jeffwork/data_pu/KI05/N15_M07_F04_KI01_1.mat,8757400,2015-09-18T11:21:50,b29c7a7433fa7e6210b500eb2ed808bcfccd24d1c4761af07abb21538823ff7a
data,PU,/home/jeffwork/data_pu/KI05/N15_M07_F04_KI01_10.mat,8744376,2015-09-18T11:26:47,b4392644d340eb700d9b177c61e82f14fae695277e529a3093427d878a3b7248
data,PU,/home/jeffwork/data_pu/KI05/N15_M07_F04_KI01_11.mat,8732120,2015-09-18T11:27:21,886fffd93051339ad931cb81d3d9be22989781f6147bfeaf2e4ab0e2d9d5f95d
data,PU,/home/jeffwork/data_pu/KI05/N15_M07_F04_KI01_12.mat,8714904,2015-09-18T11:27:50,c5678f40ad88adf32dd954f41ec2d8ea6aae2c8bcea56a838e1caa793e3e1d40
data,PU,/home/jeffwork/data_pu/KI05/N15_M07_F04_KI01_13.mat,8714904,2015-09-18T11:28:17,fa0e73cf0d0a752a1976be90b7cc1456bde228cfa281860de6e11c67a129f3a4
data,PU,/home/jeffwork/data_pu/KI05/N15_M07_F04_KI01_14.mat,8714904,2015-09-18T11:28:48,73772188ddbfcf4056fccdca6794311dde040b3cc51f635e2dab10b58ab7365f
data,PU,/home/jeffwork/data_pu/KI05/N15_M07_F04_KI01_15.mat,8714904,2015-09-18T11:29:17,cace8fceba913e53f93b5956d5ca5fb899c117220e1f5e0c279f07358923f4d8
data,PU,/home/jeffwork/data_pu/KI05/N15_M07_F04_KI01_16.mat,8717624,2015-09-18T11:29:52,7020310e980d9089f713a028d732f0163a71c25e94890752b581eda214094a1a
data,PU,/home/jeffwork/data_pu/KI05/N15_M07_F04_KI01_17.mat,8718264,2015-09-18T11:30:25,7b3455e642446804946062a39d5f5fc034709a4c5d8199a47b3b146fdcb993f7
data,PU,/home/jeffwork/data_pu/KI05/N15_M07_F04_KI01_18.mat,8714968,2015-09-18T11:30:55,6dd989990cd5932e6c09e64843269a35dd65770c1a3b962ae52f467e20a16dd3
data,PU,/home/jeffwork/data_pu/KI05/N15_M07_F04_KI01_19.mat,8714904,2015-09-18T11:31:31,af8126c67c81fb6ef89bda5277c52bec7959429c4bf09451fa691d19273086fc
data,PU,/home/jeffwork/data_pu/KI05/N15_M07_F04_KI01_2.mat,8745184,2015-09-18T11:22:21,4317c1b7a873a15a45dbcc70a716af14307c45742c44f171cd6627bf616b0b84
data,PU,/home/jeffwork/data_pu/KI05/N15_M07_F04_KI01_20.mat,8744056,2015-09-18T11:32:09,246b854ce48f412563a4b80f0a62055bf4b2924c9725c7c3eec05a144f51c1c7
data,PU,/home/jeffwork/data_pu/KI05/N15_M07_F04_KI01_3.mat,8717784,2015-09-18T11:22:54,db9405a1fc35e6f198ad0e3408b402a250cbf859eb9bc3def765ef5c9aa4ff08
data,PU,/home/jeffwork/data_pu/KI05/N15_M07_F04_KI01_4.mat,8717752,2015-09-18T11:23:27,2e80f4baa40270f7f642121a2e8730eb55e1179388c0046d85532ec5d16e0846
data,PU,/home/jeffwork/data_pu/KI05/N15_M07_F04_KI01_5.mat,8717752,2015-09-18T11:24:02,5f3b39b7343fa5a31e8a087ff7200648a57e782ecb779307180696e5b191c7a3
data,PU,/home/jeffwork/data_pu/KI05/N15_M07_F04_KI01_6.mat,8718200,2015-09-18T11:24:35,9bd126e69f884e58b504146af136b9d0738e2072b3c10b1061c00cf37222e19a
data,PU,/home/jeffwork/data_pu/KI05/N15_M07_F04_KI01_7.mat,8717624,2015-09-18T11:25:08,6548db0eb2b0357bd998ea0f7e11f75dbc3205e6fa482fee01e7f2964a911a48
data,PU,/home/jeffwork/data_pu/KI05/N15_M07_F04_KI01_8.mat,8718008,2015-09-18T11:25:41,dda0e360d2af6125376d89ec89f16e427611596b9ee437c9631873b0917f8e38
data,PU,/home/jeffwork/data_pu/KI05/N15_M07_F04_KI01_9.mat,8722968,2015-09-18T11:26:15,2a1003d39c36712c3678cb84e8270612d68f5cc89f49ea941548ddb00660f02d
data,PU,/home/jeffwork/data_pu/KI05/N15_M07_F10_KI01_1.mat,8779128,2015-09-18T10:41:37,2c416a31264ec26cabff14922cd204c62bf0ee95fa309289a94e4ddb6c66d8fd
data,PU,/home/jeffwork/data_pu/KI05/N15_M07_F10_KI01_10.mat,8714904,2015-09-18T10:46:13,ab3b7fecbb05af1a7f55af8b9215eacc747592de7e862c6218aabc47f37e1377
data,PU,/home/jeffwork/data_pu/KI05/N15_M07_F10_KI01_11.mat,8714904,2015-09-18T10:46:41,8c4ed55f1271d38ec4581d84768e9d4178a556478c33641162346683f11022d6
data,PU,/home/jeffwork/data_pu/KI05/N15_M07_F10_KI01_12.mat,8714904,2015-09-18T10:47:12,fa91e98845e2f25607e68d126dfacef2ecdb50e764bdfd9dc7cf4462f6cae36c
data,PU,/home/jeffwork/data_pu/KI05/N15_M07_F10_KI01_13.mat,8731384,2015-09-18T10:47:41,038c7050da37c42c628891adda771693de73fa52434875d66fa273c142b2a3bd
data,PU,/home/jeffwork/data_pu/KI05/N15_M07_F10_KI01_14.mat,8714904,2015-09-18T10:48:09,248be6cbfe4634c2827dd3f7c4b5bb820fd6113b0516fac2cea835b9daa0db41
data,PU,/home/jeffwork/data_pu/KI05/N15_M07_F10_KI01_15.mat,8762168,2015-09-18T10:48:40,c059e26c619313c596438292bf923c950d74d2a3f136824eb959f80d9abeef28
data,PU,/home/jeffwork/data_pu/KI05/N15_M07_F10_KI01_16.mat,8718552,2015-09-18T10:49:16,1a388b5dd0e5ce390d70af6b5ac4162a0fbef732a409d992393aedab71bcc34b
data,PU,/home/jeffwork/data_pu/KI05/N15_M07_F10_KI01_17.mat,8718104,2015-09-18T10:49:49,3656b4d0b017ce8dce7e51372cd823401e3e8e42fc1308dd97894aa982b5cb13
data,PU,/home/jeffwork/data_pu/KI05/N15_M07_F10_KI01_18.mat,8717720,2015-09-18T10:50:21,69b4fcf3c406e54a03d3b78753246306abfee0c755608db2e29e9a7a8cf47aad
data,PU,/home/jeffwork/data_pu/KI05/N15_M07_F10_KI01_19.mat,8714904,2015-09-18T10:50:52,14fed48dc854e1d43d13cb119fd805d7ab3efeda606a7dd0c6e592fdc0702eba
data,PU,/home/jeffwork/data_pu/KI05/N15_M07_F10_KI01_2.mat,8748216,2015-09-18T10:42:09,902fe4136dc86d9c5e339e77fa0918de8f5e2cb87e3d3cf90a9aa28ec7cdbc88
data,PU,/home/jeffwork/data_pu/KI05/N15_M07_F10_KI01_20.mat,8719264,2015-09-18T10:51:22,47f30d3a48b82c3ccfdb8bd043ac4ce94346ed14e89231044b1cba65427e5364
data,PU,/home/jeffwork/data_pu/KI05/N15_M07_F10_KI01_3.mat,8739264,2015-09-18T10:42:43,eb79d3d244b2953f7dc8bf4b0fa82e8b13f49ef2521b965bab00d8e7d9c4ef38
data,PU,/home/jeffwork/data_pu/KI05/N15_M07_F10_KI01_4.mat,8714904,2015-09-18T10:43:14,894bf7614c775e22a1a4c238271e4f8897482702d38a7216361a9c7a5bef85a8
data,PU,/home/jeffwork/data_pu/KI05/N15_M07_F10_KI01_5.mat,8730488,2015-09-18T10:43:49,5690ee8737db060c50cb8bd9aefdd58f34a423c574b40ffb77a4aa260e5cac26
data,PU,/home/jeffwork/data_pu/KI05/N15_M07_F10_KI01_6.mat,8718272,2015-09-18T10:44:20,60cefa19c058bcb9c0c8450f7c1f92e18b926ac9fced1e221273133f4314e155
data,PU,/home/jeffwork/data_pu/KI05/N15_M07_F10_KI01_7.mat,8714904,2015-09-18T10:44:46,29618bab3066e2104c8a445a8d96b9975632a8315e7084b01adb10a7f5684e51
data,PU,/home/jeffwork/data_pu/KI05/N15_M07_F10_KI01_8.mat,8714904,2015-09-18T10:45:17,280f8ca2a61bb089d090f20500e5c866e46108225302749e2557b336e9ccb349
data,PU,/home/jeffwork/data_pu/KI05/N15_M07_F10_KI01_9.mat,8714904,2015-09-18T10:45:45,e5f67622e471184684d77c123d68a43238c28d62d47b92ba6651d93223cb0299
data,PU,/home/jeffwork/data_pu/KI08/N09_M07_F10_KI08_1.mat,8714872,2015-03-27T13:20:58,cd1641a2073bb9e76830a08913f34f6068ca69ecf67de67c283c98723c54f21a
data,PU,/home/jeffwork/data_pu/KI08/N09_M07_F10_KI08_10.mat,8714904,2015-03-27T13:27:34,008b0c83f926bc09d0fb4c4b8604109ebf1c4639f4e25b76bb21c654d069fc2a
data,PU,/home/jeffwork/data_pu/KI08/N09_M07_F10_KI08_11.mat,8714904,2015-03-27T13:28:46,f99e6b924b78820049ed1dd6e0f89326fc8ae52cf82f245f95b36e77441460c1
data,PU,/home/jeffwork/data_pu/KI08/N09_M07_F10_KI08_12.mat,8714936,2015-03-27T13:38:12,df7c7de03e0362ca7dad9f20f9a122414ed7269a630c144082983f54d7461e00
data,PU,/home/jeffwork/data_pu/KI08/N09_M07_F10_KI08_13.mat,8714936,2015-03-27T13:29:48,5aa75d26d75e7f1326aa85c00281e66fc6616dc532afbefbafddc04a256362be
data,PU,/home/jeffwork/data_pu/KI08/N09_M07_F10_KI08_14.mat,8714904,2015-03-27T13:31:46,66f07d946ab990f1608ed91df797ded2522334bf14f55de029585d4d6bb1a320
data,PU,/home/jeffwork/data_pu/KI08/N09_M07_F10_KI08_15.mat,8714904,2015-03-27T13:38:36,ee5b4d40f7b2758f3424d4f78aac60295b561f902f1e0c3338d01f35f758c1f7
data,PU,/home/jeffwork/data_pu/KI08/N09_M07_F10_KI08_16.mat,8714904,2015-03-27T13:33:06,ae76d567638770b04c750c7b5ce6ffb538a894b6333e17812850e4bdf034ccf2
data,PU,/home/jeffwork/data_pu/KI08/N09_M07_F10_KI08_17.mat,8714872,2015-03-27T13:34:30,be8ddb8039f02de8db94066755ce01cd1a537d0e7333fcb2f951192fdb18a7a6
data,PU,/home/jeffwork/data_pu/KI08/N09_M07_F10_KI08_18.mat,8714904,2015-03-27T13:34:50,7d2afc6194801822c4ac05f2bc4f4f9a78ba0637a1024e9171634ec573410d06
data,PU,/home/jeffwork/data_pu/KI08/N09_M07_F10_KI08_19.mat,8714904,2015-03-27T13:39:44,171e548f83a430acdbc0325838b122073e1ebb1cde38d045f382c80f57ef5a33
data,PU,/home/jeffwork/data_pu/KI08/N09_M07_F10_KI08_2.mat,8714872,2015-03-27T13:21:32,6474659df370972aa4f3d72c52d2f4fcbf1bb6db019503f907a787030b78b110
data,PU,/home/jeffwork/data_pu/KI08/N09_M07_F10_KI08_20.mat,8714840,2015-03-27T13:35:28,03d88e7d49929852381011f842d2e4ca67a15bf720933d249d7a6d03d73cddf3
data,PU,/home/jeffwork/data_pu/KI08/N09_M07_F10_KI08_3.mat,8866776,2015-03-27T13:22:46,af6ea18286cdfa2bedefc636474c3985bd2781f82a4af5bdb20611a878fe65f9
data,PU,/home/jeffwork/data_pu/KI08/N09_M07_F10_KI08_4.mat,8714840,2015-03-27T13:36:14,b40ac1d7c336701beaf333eafc66ed70de740dcdb2b7e206d83a206c33b7a4ed
data,PU,/home/jeffwork/data_pu/KI08/N09_M07_F10_KI08_5.mat,8714936,2015-03-27T13:24:20,1784c307fd1900346b58ee9fa316707d4e5c29882c1232c38a0e1e2b2f52f123
data,PU,/home/jeffwork/data_pu/KI08/N09_M07_F10_KI08_6.mat,8714872,2015-03-27T13:36:50,c7667515b6e045e279ac4ab3e405c8615e5b854ba3c671fa63e8bc4b79bb3d08
data,PU,/home/jeffwork/data_pu/KI08/N09_M07_F10_KI08_7.mat,8714968,2015-03-27T13:25:24,91a6e245c934b20b0beb0b8f8f74cfe5f68c9d68fe434be8618764e570ca3daf
data,PU,/home/jeffwork/data_pu/KI08/N09_M07_F10_KI08_8.mat,8714904,2015-03-27T13:25:44,e85e5f27ab120ed235c9882463df20bcee741ab11feba84dfe7218d34898117e
data,PU,/home/jeffwork/data_pu/KI08/N09_M07_F10_KI08_9.mat,9379736,2015-03-27T13:37:22,faa21315a02052ff814b8cc54573716b1ace74183de8ee9a6fe84d45333e2489
data,PU,/home/jeffwork/data_pu/KI08/N15_M01_F10_KI08_1.mat,8714904,2015-03-27T13:53:32,0ce31d335442d477954aed2a38fe31b549f3559ea0e0210095604057df5aafd4
data,PU,/home/jeffwork/data_pu/KI08/N15_M01_F10_KI08_10.mat,8714904,2015-03-27T13:51:12,3baa858cf0cb624ab17475ec12a6e91cb117a7b5b860f79671c6486468ec6955
data,PU,/home/jeffwork/data_pu/KI08/N15_M01_F10_KI08_11.mat,8714904,2015-03-27T13:44:56,6bd7a4776d8d6742d82d36d4b0c840d06bf0f6f3ab8e24994bcb146bc1c0a8de
data,PU,/home/jeffwork/data_pu/KI08/N15_M01_F10_KI08_12.mat,8714904,2015-03-27T13:45:20,852fdd03308d7995dc955208cca6936707220795de243233fe5de04dfcb83cbe
data,PU,/home/jeffwork/data_pu/KI08/N15_M01_F10_KI08_13.mat,8714904,2015-03-27T13:45:44,4576ad5959e932a745717fcfc12a86edba79e2ac33d1cc1daa51d7f057dc22b2
data,PU,/home/jeffwork/data_pu/KI08/N15_M01_F10_KI08_14.mat,8714872,2015-03-27T13:56:08,9f70fb91278b6ce6c7d34390fa45f7639414740cef08b5beb3ab1624b5b5149a
data,PU,/home/jeffwork/data_pu/KI08/N15_M01_F10_KI08_15.mat,8714904,2015-03-27T13:46:20,0e8d5d5aa31aa840764f4fba8be81dd710284b1a27b09cc92dad01a25b34bad2
data,PU,/home/jeffwork/data_pu/KI08/N15_M01_F10_KI08_16.mat,8714904,2015-03-27T13:52:02,b93eea5fa7fb60c846eaf26d77d98e6ea755fe36340c2fcb4755a26c80f67153
data,PU,/home/jeffwork/data_pu/KI08/N15_M01_F10_KI08_17.mat,8714904,2015-03-27T13:58:04,bf4687518407be4d0bbc40f85a29330cec54d49ab6be4084be394c3dbbcc6c77
data,PU,/home/jeffwork/data_pu/KI08/N15_M01_F10_KI08_18.mat,8714872,2015-03-27T13:47:18,173c6b2a4ea902976aa434d148f08deb649893d5506286eef019ac8fcb75b312
data,PU,/home/jeffwork/data_pu/KI08/N15_M01_F10_KI08_19.mat,8714904,2015-03-27T13:47:38,34b9c69a247bf477ed7c85f9b70dbd4e3718c34ac1e7e850aca48281a2a300d3
data,PU,/home/jeffwork/data_pu/KI08/N15_M01_F10_KI08_2.mat,8714904,2015-03-27T13:41:44,0b6f37b400c6ecc44d817c5e81d9d4b2ca234d44809b30e19e54141f8d431fef
data,PU,/home/jeffwork/data_pu/KI08/N15_M01_F10_KI08_20.mat,8714872,2015-03-27T13:52:54,2017e2dd348bd5eeed011a7712bdeb0011524a30cd201e1e0e9d4756e93a9871
data,PU,/home/jeffwork/data_pu/KI08/N15_M01_F10_KI08_3.mat,8714904,2015-03-27T13:42:18,40cd6748b66acf70e0c6c7ec1bbdb7a54df74b0ea5f2015e2742f5fcaf31a2a2
data,PU,/home/jeffwork/data_pu/KI08/N15_M01_F10_KI08_4.mat,8714904,2015-03-27T13:54:02,0b824a63d4498bc2e73db87ad613377b4f98c0719e2262ca948ac9e5de97fee0
data,PU,/home/jeffwork/data_pu/KI08/N15_M01_F10_KI08_5.mat,8714904,2015-03-27T13:57:14,882ba39822eebb31cc6d6af6d51031a660d0371f40b7c76fd4c7af9e3c3dd2b6
data,PU,/home/jeffwork/data_pu/KI08/N15_M01_F10_KI08_6.mat,8714904,2015-03-27T13:57:38,62594eccc4b88be78c3b543ee5e6cc63f0938d4e8f50c4329e4564cf5c55cf3a
data,PU,/home/jeffwork/data_pu/KI08/N15_M01_F10_KI08_7.mat,8714904,2015-03-27T13:55:04,7cfb3f2e168917129a5f4dc1a07e29caccc84c089930aee1262f88181fc8328b
data,PU,/home/jeffwork/data_pu/KI08/N15_M01_F10_KI08_8.mat,8714904,2015-03-27T13:55:32,4ddfa80bb3e1c33d20b2efc593a0d8fc1cda956409fe54d351e171bb93b50a41
data,PU,/home/jeffwork/data_pu/KI08/N15_M01_F10_KI08_9.mat,8714904,2015-03-27T13:50:46,0735e2f8c575b29ff77cde8188cb94bba343b23c8de08a17a6bd2ba6c753917a
data,PU,/home/jeffwork/data_pu/KI08/N15_M07_F04_KI08_1.mat,8726296,2015-03-27T14:00:44,5c254ced5443357bec0d68ae1064d6699a07c63609ac4f41e3a14b5749b84428
data,PU,/home/jeffwork/data_pu/KI08/N15_M07_F04_KI08_10.mat,8714904,2015-03-27T14:10:34,5385bb162a2fc6df36e66718dbd338558c83ba6fe1d069d7669c7626a1b86685
data,PU,/home/jeffwork/data_pu/KI08/N15_M07_F04_KI08_11.mat,8714904,2015-03-27T14:05:36,97f3a907bd8f2e13e8f1b2cbe8057d4a55470600643d4227beabba3b89d9be85
data,PU,/home/jeffwork/data_pu/KI08/N15_M07_F04_KI08_12.mat,8714904,2015-03-27T14:14:56,fbfe1a2b15fd1ca35c94113b70239ab14818acdd57a4b250a3bd03b21137a255
data,PU,/home/jeffwork/data_pu/KI08/N15_M07_F04_KI08_13.mat,8714776,2015-03-27T14:06:38,d499061ed108a478043bc0c512f0b32fdc76c43957e6985390e280fcc948cbb3
data,PU,/home/jeffwork/data_pu/KI08/N15_M07_F04_KI08_14.mat,8714904,2015-03-27T14:11:20,c7866ed8f28dad30f62c526035b08fcf15846899ecdce5efd6e12c029c0f3573
data,PU,/home/jeffwork/data_pu/KI08/N15_M07_F04_KI08_15.mat,8714872,2015-03-27T14:07:26,a15247677f62e9949f58b8510e9cabf7207a3760345ed5b79fb9e4c46e5377d2
data,PU,/home/jeffwork/data_pu/KI08/N15_M07_F04_KI08_16.mat,8714872,2015-03-27T14:07:52,3393c3e802cd8232218f92695ce1bfce3f137bcae53e279d4791c179996691fb
data,PU,/home/jeffwork/data_pu/KI08/N15_M07_F04_KI08_17.mat,8714968,2015-03-27T14:08:14,684a2bd6997cefe48dcef287c1b4d3c30c59754bdd1e67bca730fbbf68b6a80d
data,PU,/home/jeffwork/data_pu/KI08/N15_M07_F04_KI08_18.mat,8714872,2015-03-27T14:12:02,6a43fa77d7eba51c7e323534ee7dac4d09bc15b3eef175fd30868f580d04e849
data,PU,/home/jeffwork/data_pu/KI08/N15_M07_F04_KI08_19.mat,8714936,2015-03-27T14:12:26,9d58481bd4fa4cedb92031fce17ce7b8adc8176ab6964af313f5148e031fc678
data,PU,/home/jeffwork/data_pu/KI08/N15_M07_F04_KI08_2.mat,8714936,2015-03-27T14:01:10,5f9e6c2b1e10c86be7d1cb4cb6748f2861378fcbff9aea512a6129ccbe80630e
data,PU,/home/jeffwork/data_pu/KI08/N15_M07_F04_KI08_20.mat,8714904,2015-03-27T14:12:52,ea6dbca12898c8b2856133bcd34ad427519229b97d27fa7d21c36236502861cc
data,PU,/home/jeffwork/data_pu/KI08/N15_M07_F04_KI08_3.mat,8714904,2015-03-27T14:01:38,c80d86e69ed19b8eda644d89e499a1fa868e23eaf98872965eba6b4bb73d0167
data,PU,/home/jeffwork/data_pu/KI08/N15_M07_F04_KI08_4.mat,9435544,2015-03-27T14:13:28,aed75c5d2f123e348930b289f5dc31eb3d2ea0e62ca8cd8d44820fae004bae25
data,PU,/home/jeffwork/data_pu/KI08/N15_M07_F04_KI08_5.mat,8714904,2015-03-27T14:14:08,0828f5fbe464cc6e2395dfbb437cb7025880ba82089e6cb5d0d15e0d1f4839a2
data,PU,/home/jeffwork/data_pu/KI08/N15_M07_F04_KI08_6.mat,8714872,2015-03-27T14:02:54,4cfe31fb2001199892f76b0c88f84e99cb24de6d803a2f0c0571bc7cfa6e7af0
data,PU,/home/jeffwork/data_pu/KI08/N15_M07_F04_KI08_7.mat,8714904,2015-03-27T14:03:28,0ec6b6a3ba230a246347c985ac243cf9d818cd94542a13d7f67cba8a6d49cdc9
data,PU,/home/jeffwork/data_pu/KI08/N15_M07_F04_KI08_8.mat,8714904,2015-03-27T14:04:08,fa41d3d0cb624e68c1cdd30a4d31432ad2d34f3f7204430e7d390bdcf2d25cd4
data,PU,/home/jeffwork/data_pu/KI08/N15_M07_F04_KI08_9.mat,8714904,2015-03-27T14:04:36,4b07cfafa5fc2c339db68262bc65327401e13e2ec2ab2381fda26ed680178862
data,PU,/home/jeffwork/data_pu/KI08/N15_M07_F10_KI08_1.mat,8714904,2015-03-27T13:03:24,17028537f2d4b29c4862ba973f10fff777b8233044336f9b90e7fe8a9b47aa01
data,PU,/home/jeffwork/data_pu/KI08/N15_M07_F10_KI08_10.mat,8714936,2015-03-27T13:15:54,bbfda8cf3ddcaaf0b93fc5a2ae32770645721d225a3b8662c78c9429347ddd46
data,PU,/home/jeffwork/data_pu/KI08/N15_M07_F10_KI08_11.mat,8714840,2015-03-27T13:10:36,a92278c6d0b9b0a6fca523fbb5e810eec13e1077f0b210c72d7917584e0efd82
data,PU,/home/jeffwork/data_pu/KI08/N15_M07_F10_KI08_12.mat,9379832,2015-03-27T13:16:22,1cd5098eb52e1bc295e33692c00dcc87e7399db6518fe72bad33718709c169a9
data,PU,/home/jeffwork/data_pu/KI08/N15_M07_F10_KI08_13.mat,8714936,2015-03-27T13:11:52,5b91345d8bfa12e5f6c48478fd1108c0e7610b69ceecd3149025bd30cb27fa73
data,PU,/home/jeffwork/data_pu/KI08/N15_M07_F10_KI08_14.mat,8714968,2015-03-27T13:12:30,793380d6da5b5e8642922a1dbd3073fb88a8345492ae204f827f9f1087775879
data,PU,/home/jeffwork/data_pu/KI08/N15_M07_F10_KI08_15.mat,8714904,2015-03-27T13:18:10,e4adaced19fd71f4cd3bcce7436604dfa081f0f1babc4e1f7f87918688840fa0
data,PU,/home/jeffwork/data_pu/KI08/N15_M07_F10_KI08_16.mat,8714904,2015-03-27T13:13:30,c08eb268b7cbb40e10e894168b09eac11d00101f20c58200c1d3dac63a20b716
data,PU,/home/jeffwork/data_pu/KI08/N15_M07_F10_KI08_17.mat,8714808,2015-03-27T13:13:54,616a9011e5d5e4300a3b5afecf81d8d9c79982dce6aa330bf44b71011863910b
data,PU,/home/jeffwork/data_pu/KI08/N15_M07_F10_KI08_18.mat,8858040,2015-03-27T13:14:14,4b77737e37ea5a5e16d943648581af28e92e561deb84e1ad417153ed6da19800
data,PU,/home/jeffwork/data_pu/KI08/N15_M07_F10_KI08_19.mat,8735960,2015-03-27T13:18:38,5beda159ac086dfa6809d06a0ae2e8015d4e121c635a4a094933123f92794dd5
data,PU,/home/jeffwork/data_pu/KI08/N15_M07_F10_KI08_2.mat,8714968,2015-03-27T13:06:56,90b9e9f2aeac34ce9a0607be09759c15a57bd1496f6e5e06b7dd8cae8dce83d2
data,PU,/home/jeffwork/data_pu/KI08/N15_M07_F10_KI08_20.mat,8714904,2015-03-27T13:14:50,37828d17ab04ff25382591b8dbe14967616138898b0334e45a14a2d6ade79725
data,PU,/home/jeffwork/data_pu/KI08/N15_M07_F10_KI08_3.mat,8714936,2015-03-27T13:07:22,66cfa0f01a283823e5246555522514ac6291ca45bc3bc84c1165168ba69f6fa8
data,PU,/home/jeffwork/data_pu/KI08/N15_M07_F10_KI08_4.mat,8714904,2015-03-27T13:08:02,5ae5fbe40d50623e0d6c7304b9b94142a67928ebaceeb8b73afc5e9a87961ba3
data,PU,/home/jeffwork/data_pu/KI08/N15_M07_F10_KI08_5.mat,8714968,2015-03-27T13:08:22,bc62080483a313615e34d27708040bdf8bb9a9af9547ecf7aa10f546458cb66e
data,PU,/home/jeffwork/data_pu/KI08/N15_M07_F10_KI08_6.mat,8714936,2015-03-27T13:17:36,7ee3fc26937d1c336f89aa3b37bd881556820b5498b2cf714aa33bf8b80e61e6
data,PU,/home/jeffwork/data_pu/KI08/N15_M07_F10_KI08_7.mat,8714968,2015-03-27T13:08:56,4c35a21f82708abb03b2a6aa9a546588a51b7291540147657b0fb103a8c90b25
data,PU,/home/jeffwork/data_pu/KI08/N15_M07_F10_KI08_8.mat,8714904,2015-03-27T13:09:18,a374ae593e6fc2072dbb7d1b75e489d8e97d9468dbbe96a51312624cf602f717
data,PU,/home/jeffwork/data_pu/KI08/N15_M07_F10_KI08_9.mat,8714904,2015-03-27T13:09:44,7201ca211621abbc8c0341f53e7ed89ff67a5e7b7d42eac52fa0816c32dee651
data,PU,/home/jeffwork/data_pu/KI14/N09_M07_F10_KI14_1.mat,8714904,2014-06-12T15:03:20,97c9bbab8538db4ffc265e927d684b87c94a80449a1c024c608e380457dd840e
data,PU,/home/jeffwork/data_pu/KI14/N09_M07_F10_KI14_10.mat,8714936,2014-06-12T15:14:24,2366470b159c84844828080189886e5f87784b9891d1a95f913e91ced8e9c452
data,PU,/home/jeffwork/data_pu/KI14/N09_M07_F10_KI14_11.mat,8714936,2014-06-12T15:14:52,fbf3e7d71d79cc001d3634e1b6ec7081b58cfdf5d2a9e70d5371fb6c7a50b513
data,PU,/home/jeffwork/data_pu/KI14/N09_M07_F10_KI14_12.mat,8770968,2014-06-12T15:15:48,ff3280755e948ba97636de2b3f6b051187d20f49c3d1021bb53199c4465e74d4
data,PU,/home/jeffwork/data_pu/KI14/N09_M07_F10_KI14_13.mat,8714904,2014-06-12T15:18:28,5a88351ccbd0450ba5438ba6c3c770a3a3ecfb16f3a7cf6b6ef2b0ea2b53883a
data,PU,/home/jeffwork/data_pu/KI14/N09_M07_F10_KI14_14.mat,8714904,2014-06-12T15:18:56,665114a56ab12b3bbad7e866cb485561a4e796c8d05d49e7b76d4437eb03f328
data,PU,/home/jeffwork/data_pu/KI14/N09_M07_F10_KI14_15.mat,8717704,2014-06-12T15:20:16,b1fe27caf87de69385fe76b5661bf0c361893c8bfbada1a999f61369d6637feb
data,PU,/home/jeffwork/data_pu/KI14/N09_M07_F10_KI14_16.mat,8714904,2014-06-12T15:21:10,5ed0f48eeb59d00963cbe12b32cdbc392f3d8c3179bb9973fdc91f349c3975fa
data,PU,/home/jeffwork/data_pu/KI14/N09_M07_F10_KI14_17.mat,8714968,2014-06-12T15:21:54,91bcdfec7684a5998e2505b1e396a998a910dd2937ccf6045380f9c5235524bf
data,PU,/home/jeffwork/data_pu/KI14/N09_M07_F10_KI14_18.mat,8714904,2014-06-12T15:23:46,7ff8089b4646a22bd38d4eb87251d64e4c7222059a705e877ddbd985ed848898
data,PU,/home/jeffwork/data_pu/KI14/N09_M07_F10_KI14_19.mat,8717672,2014-06-12T15:25:32,6307e07cd2dc5431ab82d4833f9025ec21cedde5cbdfa3ee8994e5a0153bf1a2
data,PU,/home/jeffwork/data_pu/KI14/N09_M07_F10_KI14_2.mat,8717864,2014-06-12T15:04:26,59c9382c396471faf980cecfcf6a049da58a613e46f62a54c267d5f826818970
data,PU,/home/jeffwork/data_pu/KI14/N09_M07_F10_KI14_20.mat,8717800,2014-06-12T15:26:00,3fc4da35539504738153c02101fc6889e3bc10b04674f9a69bcef66ce4d17ae0
data,PU,/home/jeffwork/data_pu/KI14/N09_M07_F10_KI14_3.mat,8718016,2014-06-12T15:06:28,a79cd75f744671f23924f43352145757d8622f6ea8d022e6f0dd598e12226bdb
data,PU,/home/jeffwork/data_pu/KI14/N09_M07_F10_KI14_4.mat,8714904,2014-06-12T15:06:58,33308d67ffd0833b7c7340550c18ee17d2188c09c2c543f6b7348b36f2a01473
data,PU,/home/jeffwork/data_pu/KI14/N09_M07_F10_KI14_5.mat,8717768,2014-06-12T15:07:54,d2bec7b7e92049f7720bdc4c860f513013a4455f4fae0176f57e156419865ee7
data,PU,/home/jeffwork/data_pu/KI14/N09_M07_F10_KI14_6.mat,8714904,2014-06-12T15:08:56,17bb26c0ed36c7c7431c8cb8295aaa9769f30eb7a62666c2d740e983654d4d99
data,PU,/home/jeffwork/data_pu/KI14/N09_M07_F10_KI14_7.mat,8714904,2014-06-12T15:10:30,642f2ee4ae13b1e4d4fa679c26b8732b6454ca5412379515f45715beb3120f69
data,PU,/home/jeffwork/data_pu/KI14/N09_M07_F10_KI14_8.mat,8726360,2014-06-12T15:11:20,5f989f35f39a1328cbd9312c63a030f8017232eeb9bf35c38ebf40aa1f00a487
data,PU,/home/jeffwork/data_pu/KI14/N09_M07_F10_KI14_9.mat,8714904,2014-06-12T15:13:06,f9c616bc83fd97b0a1c169b35628772b8bfd2d6c7cd8581bb709a4dc0092d12d
data,PU,/home/jeffwork/data_pu/KI14/N15_M01_F10_KI14_1.mat,8714872,2014-06-12T15:30:58,f65da4178bd90119000884c52137586fa12e7126fd8c0c241adf1f0391824eed
data,PU,/home/jeffwork/data_pu/KI14/N15_M01_F10_KI14_10.mat,8714872,2014-06-12T15:40:28,2fa6800421e9eae950eedaf28a2add716ebadc203f561332bd9a100218f1b9ec
data,PU,/home/jeffwork/data_pu/KI14/N15_M01_F10_KI14_11.mat,8714872,2014-06-12T15:40:52,e743f33ba4737ad0ded98d36dac96b5bdcee7168340a61e073a8d3bdccebfdc3
data,PU,/home/jeffwork/data_pu/KI14/N15_M01_F10_KI14_12.mat,8714904,2014-06-12T15:41:20,243175f978f1ba5b0a132b475e7007f7e58cad7ee4522671b1d41def137186ce
data,PU,/home/jeffwork/data_pu/KI14/N15_M01_F10_KI14_13.mat,8717896,2014-06-12T15:42:32,d29f6838b7902de71c59e40bb869f6eb787a991203e8a491b035c446a4d006e0
data,PU,/home/jeffwork/data_pu/KI14/N15_M01_F10_KI14_14.mat,8714968,2014-06-12T15:42:58,4308770d1e001e6fef795df2f90e08f03ddac8443ca149029d7c00decafd96c2
data,PU,/home/jeffwork/data_pu/KI14/N15_M01_F10_KI14_15.mat,8715064,2014-06-12T15:44:14,7ad7872905d08a21cd2bd1df57ac1f63c13f1314800020204ac50d09973b160f
data,PU,/home/jeffwork/data_pu/KI14/N15_M01_F10_KI14_16.mat,8714904,2014-06-12T15:44:38,5b957c0d7e710d5a1d8629c598cde7f437918ef687770f06976ddb5dad4ec525
data,PU,/home/jeffwork/data_pu/KI14/N15_M01_F10_KI14_17.mat,8714872,2014-06-12T15:45:04,2bd5baaea230fc1b234292cd288b26ca9e74531d6dbf772ca622fbab71759981
data,PU,/home/jeffwork/data_pu/KI14/N15_M01_F10_KI14_18.mat,8714904,2014-06-12T15:45:32,85b4b78d9508a415fd58607fe1445ec72ed52306999da1f9493dc2d81bed9229
data,PU,/home/jeffwork/data_pu/KI14/N15_M01_F10_KI14_19.mat,8714904,2014-06-12T15:46:00,2645499b87b4ff3dd6e717b3c06de06f74d6b812a75f5ae33e69dfeedd5c581f
data,PU,/home/jeffwork/data_pu/KI14/N15_M01_F10_KI14_2.mat,8717672,2014-06-12T15:32:12,86bd3861a0bac0450acc5aaf014247a5349c2813a6511f190d63ec70f47131a5
data,PU,/home/jeffwork/data_pu/KI14/N15_M01_F10_KI14_20.mat,8717864,2014-06-12T15:46:26,6a2f98151d0d5076bd349a6ac3223b2f84c5bbc58429e8cbc4f66addbc88c98a
data,PU,/home/jeffwork/data_pu/KI14/N15_M01_F10_KI14_3.mat,8717864,2014-06-12T15:32:38,ffdfb9a392376b6ddc8457c2bcb4f0240b9d959b166c85dff7b972202af6b259
data,PU,/home/jeffwork/data_pu/KI14/N15_M01_F10_KI14_4.mat,8717928,2014-06-12T15:35:04,335650c55cce80a0bd2a34cd6faec242e5c37907338cde2a848940cd99432c57
data,PU,/home/jeffwork/data_pu/KI14/N15_M01_F10_KI14_5.mat,8714936,2014-06-12T15:35:30,7302830af19af7b4f62faab4cbda422e66ff75dee725c29872a352586df2ca9e
data,PU,/home/jeffwork/data_pu/KI14/N15_M01_F10_KI14_6.mat,8714872,2014-06-12T15:35:58,d21c7f1926b4f43ab6bc800762574cef315ed0d0379287b463285871c7440a48
data,PU,/home/jeffwork/data_pu/KI14/N15_M01_F10_KI14_7.mat,8717832,2014-06-12T15:37:44,77f1e6dbf213234382e6bc71606d060a5c96f143df000c6e3f199ece7fa087ac
data,PU,/home/jeffwork/data_pu/KI14/N15_M01_F10_KI14_8.mat,8714904,2014-06-12T15:38:18,73d1350c042f029d63d0148520646df6c4146015a0ab2cd0f222b6640b12aac4
data,PU,/home/jeffwork/data_pu/KI14/N15_M01_F10_KI14_9.mat,8714904,2014-06-12T15:39:36,949c4bc89cca13038fc8bbe12c1a93d61b9caa219251f7e755fadb9d4eeec3ed
data,PU,/home/jeffwork/data_pu/KI14/N15_M07_F04_KI14_1.mat,8714968,2014-06-12T16:01:50,b272e218e344c1d3c0874792a643f7b859198f64b57de5f7d20da7172a3a1821
data,PU,/home/jeffwork/data_pu/KI14/N15_M07_F04_KI14_10.mat,8714904,2014-06-12T16:13:04,3631872bddc26dfb0b48b30bd23620d5a4213cd59ac37068b71c09f6791714d4
data,PU,/home/jeffwork/data_pu/KI14/N15_M07_F04_KI14_11.mat,8717704,2014-06-12T16:13:30,d366f606bb75acb369c9fb8755f4ba8a0a312d33a95db235f8b1f785c5c5805d
data,PU,/home/jeffwork/data_pu/KI14/N15_M07_F04_KI14_12.mat,8750584,2014-06-12T16:14:26,7244ae43354fbc7c0f93cfa1e9e8855b4b8978c981f68fae555e64f10f00593f
data,PU,/home/jeffwork/data_pu/KI14/N15_M07_F04_KI14_13.mat,8714904,2014-06-12T16:14:52,c46e034a805d7cf8efbabc2f82f991acc05ed860ddc7bbcbc8f181fd536e751a
data,PU,/home/jeffwork/data_pu/KI14/N15_M07_F04_KI14_14.mat,8714872,2014-06-12T16:15:18,666ffa2eb6df2edbbbbbed1fd641848b8b29a806f1808080aa28699aae60f062
data,PU,/home/jeffwork/data_pu/KI14/N15_M07_F04_KI14_15.mat,8717832,2014-06-12T16:15:46,5d7a8f6c1a40556169b7d0d70a28a41dd4ebb504650e960950d72e06492b9492
data,PU,/home/jeffwork/data_pu/KI14/N15_M07_F04_KI14_16.mat,8717736,2014-06-12T16:16:38,90ab9af5e5bca544f039da63e34b9351e8535c917d5300dcd220143e09d52736
data,PU,/home/jeffwork/data_pu/KI14/N15_M07_F04_KI14_17.mat,8714872,2014-06-12T16:17:26,3e9110360ccb9e4643ea9649095700de385670b4541ec3b806ce5fc3a1fa190d
data,PU,/home/jeffwork/data_pu/KI14/N15_M07_F04_KI14_18.mat,8714872,2014-06-12T16:19:52,5635a0c865b23ed109b07dbd49c219c4bcaa416f6e1d047825ce7f4528c50f66
data,PU,/home/jeffwork/data_pu/KI14/N15_M07_F04_KI14_19.mat,8715288,2014-06-12T16:21:00,5664d1765a8f2b870e56de780dc9861ca3246de0f7616e96d40bcd5982b1c2df
data,PU,/home/jeffwork/data_pu/KI14/N15_M07_F04_KI14_2.mat,8714904,2014-06-12T16:03:28,38d303507a81007b0e67fff5e63638bf0c8a9052f890b1fbd16dc2d143785cf9
data,PU,/home/jeffwork/data_pu/KI14/N15_M07_F04_KI14_20.mat,8714904,2014-06-12T16:21:24,b0b27f1e5429a9614e3d59f354ba1071b277f280bfbdfe7ed4ceed77569320dc
data,PU,/home/jeffwork/data_pu/KI14/N15_M07_F04_KI14_3.mat,9255000,2014-06-12T16:05:54,6e1fde3cb0bf3d9ed1c19a8a4bdad5a4ae3ef98dcb4f6e6ee79a49a064e6b7af
data,PU,/home/jeffwork/data_pu/KI14/N15_M07_F04_KI14_4.mat,8717704,2014-06-12T16:06:42,e84f7bd68f9d4185e934f1090305cfe9bfcab3f4d6c3435388bf9d84097781a9
data,PU,/home/jeffwork/data_pu/KI14/N15_M07_F04_KI14_5.mat,8714968,2014-06-12T16:09:18,22bbed028e8823db69c8036f9f3f20479bfadcdb9279e06e5aa7d3110d1303cf
data,PU,/home/jeffwork/data_pu/KI14/N15_M07_F04_KI14_6.mat,8715192,2014-06-12T16:09:42,03ec62afe73b077ba1f50c850bb9871e7b396f5da6aa916dd4247b85f450d7a3
data,PU,/home/jeffwork/data_pu/KI14/N15_M07_F04_KI14_7.mat,8714904,2014-06-12T16:10:10,8e7d0d41d1dae34d4cea27d3eaee5afb3ebb177e5c26dc9472b1a9b2e99e5a09
data,PU,/home/jeffwork/data_pu/KI14/N15_M07_F04_KI14_8.mat,8715096,2014-06-12T16:11:28,e87abc8d4ad2759db6a1c89a49e141453be1c03bd4139163672513e1710be0a8
data,PU,/home/jeffwork/data_pu/KI14/N15_M07_F04_KI14_9.mat,8737976,2014-06-12T16:11:52,0b41ca4cd8707b988734762f0873397256648ff789031c6572694254cf5f74be
data,PU,/home/jeffwork/data_pu/KI14/N15_M07_F10_KI14_1.mat,8714904,2014-06-12T14:37:00,0561c09a89dff7fe5f78eeaa09b8c1d8f85174862418d970b5091d0b54b63fc3
data,PU,/home/jeffwork/data_pu/KI14/N15_M07_F10_KI14_10.mat,8851512,2014-06-12T14:49:40,e282d0733f510c75aafb70d9cb7a3526bb1919d57d1cd47074b92609081e34cf
data,PU,/home/jeffwork/data_pu/KI14/N15_M07_F10_KI14_11.mat,8714904,2014-06-12T14:50:06,388eb5419dec3e38c904f18159b6bdff0f0280d7d2d410d2a83f566959585a3a
data,PU,/home/jeffwork/data_pu/KI14/N15_M07_F10_KI14_12.mat,8714904,2014-06-12T14:50:34,427b2455564cd1483c205545230b887c36cee5a0c3845b121a2bce96788db6b8
data,PU,/home/jeffwork/data_pu/KI14/N15_M07_F10_KI14_13.mat,8714904,2014-06-12T14:51:02,a48c8ce43a371c80f7a9e9a8ec09c3419989c7e11d19d214e307620c5d0279b2
data,PU,/home/jeffwork/data_pu/KI14/N15_M07_F10_KI14_14.mat,8714904,2014-06-12T14:52:46,6230ab3331b38f0289852da204356045d55f77be57b1015e3239eea9f2d8c60f
data,PU,/home/jeffwork/data_pu/KI14/N15_M07_F10_KI14_15.mat,8717704,2014-06-12T14:53:38,ba1005a6e4be464985677412a17ad9cf6f9571fdbefc0d154cf5b910aae7b40a
data,PU,/home/jeffwork/data_pu/KI14/N15_M07_F10_KI14_16.mat,8714936,2014-06-12T14:54:54,05044d8b7de79f37003bf2846b9fab6edbb7a413171bc93832b11071ebad732c
data,PU,/home/jeffwork/data_pu/KI14/N15_M07_F10_KI14_17.mat,8714872,2014-06-12T14:57:04,77c33beca0376fcf5b98af9f704631ee1a03a2b04d82d9836744c6ba1bfc53a3
data,PU,/home/jeffwork/data_pu/KI14/N15_M07_F10_KI14_18.mat,9027832,2014-06-12T14:57:30,187c7bb5cce4a48f8df5ef02759d19509de6d4f9a5f29b71b87c5fc24c448d76
data,PU,/home/jeffwork/data_pu/KI14/N15_M07_F10_KI14_19.mat,8714936,2014-06-12T14:57:56,8dd282ee039be0f07d0539548f73fc4ad98e08d8aa9cf6c578a5052dcf7d0062
data,PU,/home/jeffwork/data_pu/KI14/N15_M07_F10_KI14_2.mat,8714904,2014-06-12T14:38:36,33fb8ee231dac36ef2d03d69309f4eec88cffb2256eda96597028a521aac9878
data,PU,/home/jeffwork/data_pu/KI14/N15_M07_F10_KI14_20.mat,9295960,2014-06-12T14:58:26,a2e6abbfb8158cb2f240acad3a62da98b4eb34e678bd9f87b4244776ad652304
data,PU,/home/jeffwork/data_pu/KI14/N15_M07_F10_KI14_3.mat,8715032,2014-06-12T14:39:56,2f8905cbf37b74c8f11af54978b5b7fe249b6652833e02aefdc60df95a968695
data,PU,/home/jeffwork/data_pu/KI14/N15_M07_F10_KI14_4.mat,8727288,2014-06-12T14:41:46,90918df547d1fd4e2db1aff2df6d4ec8c4c16d95e2c59f383abf0e505d1d7e30
data,PU,/home/jeffwork/data_pu/KI14/N15_M07_F10_KI14_5.mat,8714904,2014-06-12T14:43:08,5d7ea53cbf5796f50a7d205182fda7b2394bf9fb9428af486237c9e056f1e606
data,PU,/home/jeffwork/data_pu/KI14/N15_M07_F10_KI14_6.mat,8714904,2014-06-12T14:43:44,85880ef6206be15aac7eabb853cbc68e6efc6e197aaad4f3117796b26f3e91db
data,PU,/home/jeffwork/data_pu/KI14/N15_M07_F10_KI14_7.mat,8714904,2014-06-12T14:45:40,e9247060bcd2bc9e3fad97559992c233056fef9180261d73a41a7ee477a423bc
data,PU,/home/jeffwork/data_pu/KI14/N15_M07_F10_KI14_8.mat,8714904,2014-06-12T14:47:24,8112c2b89104a1d53fcca4dfe914f38fd94be1e7cb0240e850f299604da51598
data,PU,/home/jeffwork/data_pu/KI14/N15_M07_F10_KI14_9.mat,8714904,2014-06-12T14:48:48,fb980f53787f3a0a7d0d563f67ec46959cef9b32991a09d19f9e235d16b5af30
data,PU,/home/jeffwork/data_pu/KI17/N09_M07_F10_KI17_1.mat,8714904,2014-06-17T16:12:16,16af3bdd365ed0a95e822c70bc73ac01818c411932d6dfaeab457ea63f49f071
data,PU,/home/jeffwork/data_pu/KI17/N09_M07_F10_KI17_10.mat,9212792,2014-06-17T16:17:42,2e1de6e7c6215228a6d4f21035b17b7ad618d98a7d59532a1200a7a423173b94
data,PU,/home/jeffwork/data_pu/KI17/N09_M07_F10_KI17_11.mat,8715000,2014-06-17T16:18:24,d4bf72c63595a32b9d5faa90b0cbc1cbd66bdbb0a452b1f6227f89f9ac24a4a8
data,PU,/home/jeffwork/data_pu/KI17/N09_M07_F10_KI17_12.mat,8714904,2014-06-17T16:18:50,de0893c9bdbfe93678bec97db206f5f5e6e5d2602684ee012cdc15ab22566524
data,PU,/home/jeffwork/data_pu/KI17/N09_M07_F10_KI17_13.mat,8714968,2014-06-17T16:19:16,26ad33132d0e156e3434b0330c0b9f2ed39e2c46f8a35ea1a2cca343459805c3
data,PU,/home/jeffwork/data_pu/KI17/N09_M07_F10_KI17_14.mat,8714904,2014-06-17T16:19:44,70f77057e27eeb697c7bc3083090ea463c5bc4d44fdbfbad5bd6ce71f4c8b6dc
data,PU,/home/jeffwork/data_pu/KI17/N09_M07_F10_KI17_15.mat,8714904,2014-06-17T16:20:58,0bd1736f55ca4c418ad4deb9da131049d7b4ae39797e9b3ef75df03c1f26bbec
data,PU,/home/jeffwork/data_pu/KI17/N09_M07_F10_KI17_16.mat,8714872,2014-06-17T16:21:22,67b4d824777e1724c44f95b76f43d112815ab186eb381e7772adb56f7ab1b1aa
data,PU,/home/jeffwork/data_pu/KI17/N09_M07_F10_KI17_17.mat,8714936,2014-06-17T16:21:50,d41cce6ecb50b91deb5093151c112a5712279426bb60f0e8650721849ab3ff23
data,PU,/home/jeffwork/data_pu/KI17/N09_M07_F10_KI17_18.mat,8714936,2014-06-17T16:22:38,d85938ecdf7ee60cb8de2aa5cb94c442c3aa8d50db66636d10d51b8cbc5e02c9
data,PU,/home/jeffwork/data_pu/KI17/N09_M07_F10_KI17_19.mat,8714872,2014-06-17T16:23:20,1888edc3ce589c5a76c5e6e8472903bc2a7f3bcb046a2ee25db362fcf31edbe9
data,PU,/home/jeffwork/data_pu/KI17/N09_M07_F10_KI17_2.mat,8714872,2014-06-17T16:13:34,8fa7c6f5b1df64a52c794f43d375c5d651f8d1dbd6fd7619e676e70538876f98
data,PU,/home/jeffwork/data_pu/KI17/N09_M07_F10_KI17_20.mat,8714904,2014-06-17T16:23:44,b908bd8ee457d75035c70289020fee5766380996881d81aa84ce5783ad58e3d2
data,PU,/home/jeffwork/data_pu/KI17/N09_M07_F10_KI17_3.mat,8714872,2014-06-17T16:14:04,f577e19dfa8f2479d6754fbb6927af20f7754a084242de5089a36259216bc9c6
data,PU,/home/jeffwork/data_pu/KI17/N09_M07_F10_KI17_4.mat,8714904,2014-06-17T16:14:32,4acd37fc92c672613b9348f98d06c06bd646fd6561af8dba404c3a0912e2744e
data,PU,/home/jeffwork/data_pu/KI17/N09_M07_F10_KI17_5.mat,8714872,2014-06-17T16:14:56,34b0eee96ad432267f3ec35886e001e6a6c7b11f600aed59a551c38440f2dbbe
data,PU,/home/jeffwork/data_pu/KI17/N09_M07_F10_KI17_6.mat,8715032,2014-06-17T16:15:18,10431f6a6142dd8ab133411a91b6420a2208bc595818b7a670f3478fc1b2cd80
data,PU,/home/jeffwork/data_pu/KI17/N09_M07_F10_KI17_7.mat,8714904,2014-06-17T16:15:42,1dd6d05ac11576e586ecd413df1becc0e09c29016ac0e3fb37f0eb51328e162d
data,PU,/home/jeffwork/data_pu/KI17/N09_M07_F10_KI17_8.mat,9336504,2014-06-17T16:16:30,26b400c2effbb156b9b783c0d4b76d9dda7810dcbe50b4645bea24bbc10619c2
data,PU,/home/jeffwork/data_pu/KI17/N09_M07_F10_KI17_9.mat,8714904,2014-06-17T16:16:54,1a2834631e8d29807519dc141e183291e862bb53513389c25ea02f579af286d9
data,PU,/home/jeffwork/data_pu/KI17/N15_M01_F10_KI17_1.mat,8714904,2014-06-17T16:25:48,46763fd63175d5fa5e389b5696ac363b9dacc9b30e07cb78fef80fc39359905a
data,PU,/home/jeffwork/data_pu/KI17/N15_M01_F10_KI17_10.mat,9421368,2014-06-17T16:31:18,fe523a22572bdcdacef59ea646d5dae970a0ffc23e13f693236511ea88c76fa4
data,PU,/home/jeffwork/data_pu/KI17/N15_M01_F10_KI17_11.mat,8714904,2014-06-17T16:32:18,a0e137119bd75250b776160922b40eeab870753e5146a9c3802605f5870ce5df
data,PU,/home/jeffwork/data_pu/KI17/N15_M01_F10_KI17_12.mat,8714872,2014-06-17T16:32:44,05b911e481a3c0e61aa6b65ac88f30f010eab961bc3da3809772bed4051ab073
data,PU,/home/jeffwork/data_pu/KI17/N15_M01_F10_KI17_13.mat,8714904,2014-06-17T16:33:22,1939b57e42a5b5e016a9026cc08c07c9c1ba6daadfaa4684503d0a6a823d19c8
data,PU,/home/jeffwork/data_pu/KI17/N15_M01_F10_KI17_14.mat,8714904,2014-06-17T16:33:48,ffe48abb06c21ca9ccc342b2b06299f903e79256092d7651f9dfbb6a7d9cfc0e
data,PU,/home/jeffwork/data_pu/KI17/N15_M01_F10_KI17_15.mat,8714872,2014-06-17T16:34:12,9b22f508a3f5ebc7394fda05450ce5ed7da3dfcd90a6cf556090e7392ca578d5
data,PU,/home/jeffwork/data_pu/KI17/N15_M01_F10_KI17_16.mat,8714904,2014-06-17T16:35:28,f6f80916183b3ac70e994edd80f80917c24e4cc96b9427b3b346be300a7ff519
data,PU,/home/jeffwork/data_pu/KI17/N15_M01_F10_KI17_17.mat,8714904,2014-06-17T16:35:54,48dd45719169eda416d62024f0f8f78aff56d1475e71d49034510aac7387b93a
data,PU,/home/jeffwork/data_pu/KI17/N15_M01_F10_KI17_18.mat,8714968,2014-06-17T16:37:08,7dbd8f1ee1f29f966a6dc70fd23b8146e711771f60951c0e2daebf8313c1698b
data,PU,/home/jeffwork/data_pu/KI17/N15_M01_F10_KI17_19.mat,9248344,2014-06-17T16:37:32,397689f8b1f3db4382bea3dab9dcf2deeb69bd3f64f5cd0efdf30a4ef88a1f3e
data,PU,/home/jeffwork/data_pu/KI17/N15_M01_F10_KI17_2.mat,8714904,2014-06-17T16:26:38,852f0a08a665ebbb8f79bdcf186e21eb9b67c2b5c53c80335c032faef40ae1d6
data,PU,/home/jeffwork/data_pu/KI17/N15_M01_F10_KI17_20.mat,8714936,2014-06-17T16:38:20,e17e70b819ca617f3454a7fd73e3a1f72f9d11a2139f3a9d4584c01627838b87
data,PU,/home/jeffwork/data_pu/KI17/N15_M01_F10_KI17_3.mat,8714872,2014-06-17T16:27:04,d85322b07466aa99d87563880861a83fad40ef1fef7897989c09ec6930946837
data,PU,/home/jeffwork/data_pu/KI17/N15_M01_F10_KI17_4.mat,8714872,2014-06-17T16:28:12,4d998733c240ca47fc0c0246c1106b451738739ef1a7b05693826ca0d63d1771
data,PU,/home/jeffwork/data_pu/KI17/N15_M01_F10_KI17_5.mat,8714904,2014-06-17T16:28:56,62d2ac64d9bdcebf0371a8b9822cb07e64f4c13f8ff82688a8e10f58302d9fa3
data,PU,/home/jeffwork/data_pu/KI17/N15_M01_F10_KI17_6.mat,8796280,2014-06-17T16:29:20,86dd29b60bcd524e1f85b81722223b146059c408191998c056d6cd6ef1bb6b99
data,PU,/home/jeffwork/data_pu/KI17/N15_M01_F10_KI17_7.mat,8714936,2014-06-17T16:29:46,6aee748526c8dce4a71b0d27fce531fb876dfcd174cdd30c77419e838dc66269
data,PU,/home/jeffwork/data_pu/KI17/N15_M01_F10_KI17_8.mat,8768152,2014-06-17T16:30:28,c5d1a984e77f642b6ae2893145f8b0e743f1522c1998252b9da4d84ff3673999
data,PU,/home/jeffwork/data_pu/KI17/N15_M01_F10_KI17_9.mat,8714904,2014-06-17T16:30:52,9995c23f9983a4340e7923d2d88206357a670d21a99fea7b7b7c643ff5659a16
data,PU,/home/jeffwork/data_pu/KI17/N15_M07_F04_KI17_1.mat,8714904,2014-06-17T16:41:46,c0ba2bce18fab5b57f911e1175b91da4ac6ca37440bb65ab1aa2e7ba2be1cd8a
data,PU,/home/jeffwork/data_pu/KI17/N15_M07_F04_KI17_10.mat,8714904,2014-06-17T16:47:10,c1a6fae6618ba50b73a07e244e633c3dddd07eb12e9e1912940b7aaf1645987b
data,PU,/home/jeffwork/data_pu/KI17/N15_M07_F04_KI17_11.mat,8714904,2014-06-17T16:47:36,be4d747e90e58b700e07b30b438e1705257eb2cabc547bc02fa242f96f6242ee
data,PU,/home/jeffwork/data_pu/KI17/N15_M07_F04_KI17_12.mat,8714872,2014-06-17T16:48:02,715cde515dbf457c654f7c9699f76b7600306052660731b697c142323fe84436
data,PU,/home/jeffwork/data_pu/KI17/N15_M07_F04_KI17_13.mat,8714904,2014-06-17T16:48:50,5397c1fa620b9b7e1a0b4926985a116cce25b631f4105151d5f1fc5acec01aa3
data,PU,/home/jeffwork/data_pu/KI17/N15_M07_F04_KI17_14.mat,8714968,2014-06-17T16:49:12,108857b90dcc9c1a2ef3ce849d1caf1ac5f9e31c8f1608ca77273ba0700fde0a
data,PU,/home/jeffwork/data_pu/KI17/N15_M07_F04_KI17_15.mat,8782584,2014-06-17T16:49:36,4a5b4fe7924401a5daf69e6c320d5eaa75b1c0f812e8098fd188926ac8c8993b
data,PU,/home/jeffwork/data_pu/KI17/N15_M07_F04_KI17_16.mat,8714936,2014-06-17T16:51:16,a9b2bf7a27edbae9a14febd410be1cf0d0e3488071e21af9c1c27859e14efc2d
data,PU,/home/jeffwork/data_pu/KI17/N15_M07_F04_KI17_17.mat,8714968,2014-06-17T16:51:40,fc9588dd0035a614b48d81c0296280086cca7372e115c1b2ea928ac2924ee930
data,PU,/home/jeffwork/data_pu/KI17/N15_M07_F04_KI17_18.mat,8714904,2014-06-17T16:52:24,4e132ba9868f49f20ff14b88da558af3b422de15917d0716689595c6a6d64f2a
data,PU,/home/jeffwork/data_pu/KI17/N15_M07_F04_KI17_19.mat,8714872,2014-06-17T16:52:48,5a0d3658676fdcce44a8b10ccd052e513af0061ca00ab1764c3d6f1783ceaac1
data,PU,/home/jeffwork/data_pu/KI17/N15_M07_F04_KI17_2.mat,8714904,2014-06-17T16:42:14,249c7af1f0f17ce9f7351b0f7f3f37edc13736f5a8c92bfec0ea464846dd00e2
data,PU,/home/jeffwork/data_pu/KI17/N15_M07_F04_KI17_20.mat,8714904,2014-06-17T16:53:34,a2ca2f536f518f7cea62114faba1b6be5189171e87fbde05bf7146d24895ddf6
data,PU,/home/jeffwork/data_pu/KI17/N15_M07_F04_KI17_3.mat,9363896,2014-06-17T16:43:36,6480b750f08d5e9097f6ded342df3f5c6ca772569893694600264b82cb60fa47
data,PU,/home/jeffwork/data_pu/KI17/N15_M07_F04_KI17_4.mat,8714904,2014-06-17T16:44:00,18130e919d7a11c89d0c68301f9ce2a19342b4f9ad0051f7a29ddffa52f26f17
data,PU,/home/jeffwork/data_pu/KI17/N15_M07_F04_KI17_5.mat,8714904,2014-06-17T16:44:24,094f727900bf4d360f5334e1b4a4a6040175d908bab24c1adca18d6ec92ab4b0
data,PU,/home/jeffwork/data_pu/KI17/N15_M07_F04_KI17_6.mat,8714904,2014-06-17T16:45:04,7a91ee9014fbee496e55bf8334fb40817f91503c4af86203056a6964854869c4
data,PU,/home/jeffwork/data_pu/KI17/N15_M07_F04_KI17_7.mat,8714904,2014-06-17T16:45:50,52b85183ca75105113b279b7397feffcda41c4549bd835eed8f759e26bd4ee02
data,PU,/home/jeffwork/data_pu/KI17/N15_M07_F04_KI17_8.mat,8714872,2014-06-17T16:46:16,d965fa45864c385950aa91a6a1d5c27fb190daa3ccdbadefb6ae39c296a6a43f
data,PU,/home/jeffwork/data_pu/KI17/N15_M07_F04_KI17_9.mat,8714904,2014-06-17T16:46:42,36786abef3aa826c75a338e3c139aae6450cb548f054d98f3fe9500d6775624a
data,PU,/home/jeffwork/data_pu/KI17/N15_M07_F10_KI17_1.mat,8897720,2014-06-17T15:59:42,cf0a8a71b99f959a2319ab5e95ecc48ffeca251e396f5081762e5791cf56922e
data,PU,/home/jeffwork/data_pu/KI17/N15_M07_F10_KI17_10.mat,8714808,2014-06-17T16:05:58,189f19734b11a9196e6585f36b69f96c0f2eafdabd62938c14385793c04adeb3
data,PU,/home/jeffwork/data_pu/KI17/N15_M07_F10_KI17_11.mat,8714936,2014-06-17T16:06:22,3ace4c72859d27ee7d936abe883891e91c1491a664e26d6d03d10c3cbbd4a351
data,PU,/home/jeffwork/data_pu/KI17/N15_M07_F10_KI17_12.mat,8714904,2014-06-17T16:06:46,ef0193a9068a49674c02aef25b33ab2ded19efda8912fbcdd0da82d4aba323e1
data,PU,/home/jeffwork/data_pu/KI17/N15_M07_F10_KI17_13.mat,8714904,2014-06-17T16:07:30,1872e4bc9988ef98dc565396b0e28e94aca1c2ee05a33d965f4ed6251bd9b257
data,PU,/home/jeffwork/data_pu/KI17/N15_M07_F10_KI17_14.mat,8714872,2014-06-17T16:07:52,4b1ffca93268d22ec9fa063ad3991b42c9b736adc8a985116a04a0f8bd6be268
data,PU,/home/jeffwork/data_pu/KI17/N15_M07_F10_KI17_15.mat,8714936,2014-06-17T16:08:18,7f6ffb4226b7d7b58605d9a553eeea6dada6fcc403ca5e8c0e9d4036d37a02ef
data,PU,/home/jeffwork/data_pu/KI17/N15_M07_F10_KI17_16.mat,8714872,2014-06-17T16:08:40,5328bf44b6b8143112f8884a1ec17d8372014d3ebc4b34d00c0c2a187a4f037d
data,PU,/home/jeffwork/data_pu/KI17/N15_M07_F10_KI17_17.mat,8714872,2014-06-17T16:09:04,1478ee806c70f328294c830ce884ec993e044df332846d3484a0c11627b04439
data,PU,/home/jeffwork/data_pu/KI17/N15_M07_F10_KI17_18.mat,8714968,2014-06-17T16:09:28,3d66aca262451f6a04aa2a316b463c332db651b91cdbbb287b9e67b097ec1052
data,PU,/home/jeffwork/data_pu/KI17/N15_M07_F10_KI17_19.mat,8715000,2014-06-17T16:10:00,9c1da278fb358bc34d8dc78e66c3ac3670ae3c85b45fe52e09bef85c92913026
data,PU,/home/jeffwork/data_pu/KI17/N15_M07_F10_KI17_2.mat,8714936,2014-06-17T16:00:40,d70f380c88faacd886296da0505b5599ce159169d139fe03344bafba5e9c8c17
data,PU,/home/jeffwork/data_pu/KI17/N15_M07_F10_KI17_20.mat,8714872,2014-06-17T16:10:26,78e978a39deb52cdd28651ef78cd2b21291fd313dcc73d4cb32cb2c882c9979f
data,PU,/home/jeffwork/data_pu/KI17/N15_M07_F10_KI17_3.mat,8715000,2014-06-17T16:01:08,704e60731094aa263501bdb7e310bf39a7258349ec3f393b43559157ef750dcc
data,PU,/home/jeffwork/data_pu/KI17/N15_M07_F10_KI17_4.mat,8714936,2014-06-17T16:01:36,478e5e3af8a5c43ad3b00253e4baec99dac87090299363d529e315444b9ebf53
data,PU,/home/jeffwork/data_pu/KI17/N15_M07_F10_KI17_5.mat,8714968,2014-06-17T16:02:02,4986d340cfd389ffabf958fbc5568cdb37c4fbe8a382c2adb51a26f2a1de2bd4
data,PU,/home/jeffwork/data_pu/KI17/N15_M07_F10_KI17_6.mat,8714904,2014-06-17T16:03:46,1f6e5f7b198799e65b1089f36995dc46561f58a6e227e603a52a45f268cbf152
data,PU,/home/jeffwork/data_pu/KI17/N15_M07_F10_KI17_7.mat,8714968,2014-06-17T16:04:44,37971033a3e8f1313f7603618a9eb4a0c28ebcdae40f268d3fec9dff362916ac
data,PU,/home/jeffwork/data_pu/KI17/N15_M07_F10_KI17_8.mat,8714904,2014-06-17T16:05:08,dd85de476c5d8e8684ced61cd4d4c9b45014ae7415454d7e3a63386ff7ad1e9f
data,PU,/home/jeffwork/data_pu/KI17/N15_M07_F10_KI17_9.mat,8714904,2014-06-17T16:05:32,245d84023ad2c128b89733eedeacf984cb123b0652dbffff154972eae92e8805
data,PU,/home/jeffwork/data_pu/KI18/N09_M07_F10_KI18_1.mat,8714904,2014-06-17T12:54:06,da5e268cc4999cff8123cd1fc05fdc8aa7ccef7dba127042294eaa664e3f2808
data,PU,/home/jeffwork/data_pu/KI18/N09_M07_F10_KI18_10.mat,8714936,2014-06-17T13:00:52,74170377cbaa598fe53f45748bd0ff90a1db5c34ed2686771c9facb554702e23
data,PU,/home/jeffwork/data_pu/KI18/N09_M07_F10_KI18_11.mat,8714904,2014-06-17T13:01:16,880b89cbb290f6534f823d95e3aeb77006d68824bc3022beb3e836ba6496d7d6
data,PU,/home/jeffwork/data_pu/KI18/N09_M07_F10_KI18_12.mat,8714968,2014-06-17T13:01:40,cc406427553b0312ff3f76015df8f0f61bd908a6706e9f9ff4e0703e21db924b
data,PU,/home/jeffwork/data_pu/KI18/N09_M07_F10_KI18_13.mat,8715000,2014-06-17T13:02:32,814a27e78c65995b40ac44786687bcb230b97bb8b2163eef3b128bdfa7f30382
data,PU,/home/jeffwork/data_pu/KI18/N09_M07_F10_KI18_14.mat,8714904,2014-06-17T13:02:54,d4f261d91edbd8836fbbf9fd51e2914197dc2b002146225a24bdd55ed58366da
data,PU,/home/jeffwork/data_pu/KI18/N09_M07_F10_KI18_15.mat,8714968,2014-06-17T13:03:46,948f4bf0b90eb8361885b621c7a824784132fa8a6bbbb43e334547348ce7be6c
data,PU,/home/jeffwork/data_pu/KI18/N09_M07_F10_KI18_16.mat,8715000,2014-06-17T13:04:10,54313b6924da00d2d72433c4749f7fdd416f3cea11df9c88f0f674e300868f67
data,PU,/home/jeffwork/data_pu/KI18/N09_M07_F10_KI18_17.mat,8714904,2014-06-17T13:04:34,3096b21ec12202a4c2a842042f146453fc4772973f79bd61e9f6d5139e381df0
data,PU,/home/jeffwork/data_pu/KI18/N09_M07_F10_KI18_18.mat,8714872,2014-06-17T13:04:58,37ac52c5b413a7075abb12a807ecc751b10c21be15b674a8c491bbb11dba4ef9
data,PU,/home/jeffwork/data_pu/KI18/N09_M07_F10_KI18_19.mat,8714872,2014-06-17T13:06:08,e5122ef8fabede6d0f063bec605919ae16ed65a27db10fa4e3bb85c13946b4d1
data,PU,/home/jeffwork/data_pu/KI18/N09_M07_F10_KI18_2.mat,8714936,2014-06-17T12:54:34,ae89ea8991810d55b59bceff8113b87bd7357e164972f3d18bf5e7cc0b835cec
data,PU,/home/jeffwork/data_pu/KI18/N09_M07_F10_KI18_20.mat,8714872,2014-06-17T13:06:30,bddfcc457fb8bb9858b77af29940e5523d41d3b22fc8b8b40293df48ad6b8ada
data,PU,/home/jeffwork/data_pu/KI18/N09_M07_F10_KI18_3.mat,8714968,2014-06-17T12:55:00,ce868de3da7204637d90ef34986579168afd97911f8cbe3e5cb59dbb88d786bb
data,PU,/home/jeffwork/data_pu/KI18/N09_M07_F10_KI18_4.mat,8714872,2014-06-17T12:55:24,c41cc6671a8939b00f3d39a8d3eae028f03b6b90c584a0d9c0bba7015dfcea9b
data,PU,/home/jeffwork/data_pu/KI18/N09_M07_F10_KI18_5.mat,8714936,2014-06-17T12:55:52,b845b25d24785d80f7645ab4768080e0919da6876f579373c861c94d23a34b66
data,PU,/home/jeffwork/data_pu/KI18/N09_M07_F10_KI18_6.mat,8714872,2014-06-17T12:58:00,1c15a8b47b922cb52b9d0fa0f3be20bc34bf6cfb7db9fce28ca37ac0a0299985
data,PU,/home/jeffwork/data_pu/KI18/N09_M07_F10_KI18_7.mat,8714872,2014-06-17T12:58:24,cb55112be80780502be915e8c32a1ac077f46853362c2caa05be6132a6438bbf
data,PU,/home/jeffwork/data_pu/KI18/N09_M07_F10_KI18_8.mat,8714904,2014-06-17T12:59:16,fd6a15b454445e0d39273154858e0ebf7eae67381b85c1f48bd3fddf73dd216e
data,PU,/home/jeffwork/data_pu/KI18/N09_M07_F10_KI18_9.mat,8913304,2014-06-17T13:00:28,f399fa68f73106ed4cce991670571ba5da40dac7694e755774fc573c6a1c163b
data,PU,/home/jeffwork/data_pu/KI18/N15_M01_F10_KI18_1.mat,8714904,2014-06-17T13:09:16,cc0cf84a61ee321928fba53c46982fe1f64a25dc5b1028d9c4f3ccd17d6dd20d
data,PU,/home/jeffwork/data_pu/KI18/N15_M01_F10_KI18_10.mat,8714936,2014-06-17T13:13:52,539c2e769dba420eb059969288c3f09a0d9eec791d5f083cdd42831b17b29b20
data,PU,/home/jeffwork/data_pu/KI18/N15_M01_F10_KI18_11.mat,8714936,2014-06-17T13:14:14,c1d8f423007cb21926dff1d9ad677d7ea3049310ce986f60f8aea9e5c370a66e
data,PU,/home/jeffwork/data_pu/KI18/N15_M01_F10_KI18_12.mat,8714872,2014-06-17T13:15:02,a21adde756f28a99b33b9e3a210577368d76471052d664ff10ad35869e6f9be7
data,PU,/home/jeffwork/data_pu/KI18/N15_M01_F10_KI18_13.mat,8714936,2014-06-17T13:15:24,800440a7f3684c5fa3a3b02b6deb0d74400489ce81fe201675a1e70531354f55
data,PU,/home/jeffwork/data_pu/KI18/N15_M01_F10_KI18_14.mat,8714936,2014-06-17T13:16:14,3763cb5a42c277b750848a933bb8c46a592286c6193c5de1d84bc299a9c352fe
data,PU,/home/jeffwork/data_pu/KI18/N15_M01_F10_KI18_15.mat,8714872,2014-06-17T13:16:36,8cb2f49e33455dee8a885042feab1f7308630221654f61282cc19ab875682e35
data,PU,/home/jeffwork/data_pu/KI18/N15_M01_F10_KI18_16.mat,8714904,2014-06-17T13:17:08,d7f37017dd1a57e65bc8eff8e685abd29cbbac4d2d58c2dde981eef6d9804e86
data,PU,/home/jeffwork/data_pu/KI18/N15_M01_F10_KI18_17.mat,8714872,2014-06-17T13:17:36,cb6edc835514b2ded2764688f66aec025e7f7e5eb5fce0d2bcac412afa316218
data,PU,/home/jeffwork/data_pu/KI18/N15_M01_F10_KI18_18.mat,8714904,2014-06-17T13:18:06,e50d72802ecc04c6ef220cc304a8de7783b24bdf905547187a3eade4e568470c
data,PU,/home/jeffwork/data_pu/KI18/N15_M01_F10_KI18_19.mat,8714936,2014-06-17T13:18:30,9578e34c204cff822daaaabcb76a87afe73455afb69e234218770cfff2316275
data,PU,/home/jeffwork/data_pu/KI18/N15_M01_F10_KI18_2.mat,8714872,2014-06-17T13:09:40,fc438702e9aca2535245382f26ec124b8705bed321c6a5eab444d466b0e0b34d
data,PU,/home/jeffwork/data_pu/KI18/N15_M01_F10_KI18_20.mat,8714776,2014-06-17T13:19:22,d7e372adb38ba806676a77723c581bbd091beaca170e5abda5028a952c748f25
data,PU,/home/jeffwork/data_pu/KI18/N15_M01_F10_KI18_3.mat,8714968,2014-06-17T13:10:06,857966feb865c1e89211f0c1eb8103c455ea157a9fde56f5baeaf2813bae4b77
data,PU,/home/jeffwork/data_pu/KI18/N15_M01_F10_KI18_4.mat,8714904,2014-06-17T13:10:30,30263ea7d065126a57807c19aebe04cef0ff82e68d59b6c086f286f431c2ca7f
data,PU,/home/jeffwork/data_pu/KI18/N15_M01_F10_KI18_5.mat,8714904,2014-06-17T13:10:56,1bc54f81f2491823156aab6a18ced56f701c1d1b42fa4fbeff0327d4c3a6e961
data,PU,/home/jeffwork/data_pu/KI18/N15_M01_F10_KI18_6.mat,8714872,2014-06-17T13:11:48,215207487b047516634b8828ae05a161fe6d054b924eb6a72c5fc53b7c1b5a42
data,PU,/home/jeffwork/data_pu/KI18/N15_M01_F10_KI18_7.mat,8714872,2014-06-17T13:12:36,cd31a06ee8bc4a706aae917d7cddf376e96f4d36d597ed523695225b7332fb4e
data,PU,/home/jeffwork/data_pu/KI18/N15_M01_F10_KI18_8.mat,8714936,2014-06-17T13:13:02,d2a0db5adb0db3b0b6413eabe940cbd0151e0705552043e3a0c67931497dc145
data,PU,/home/jeffwork/data_pu/KI18/N15_M01_F10_KI18_9.mat,8714872,2014-06-17T13:13:28,c1746f41147eb00cf5e631126692c59d93c2faf367a8dd94895e7819a6e1242f
data,PU,/home/jeffwork/data_pu/KI18/N15_M07_F04_KI18_1.mat,9401592,2014-06-17T13:41:16,405b02a18b5861e0900a262bd9ae44397bc403877222416922a69162c1de81ba
data,PU,/home/jeffwork/data_pu/KI18/N15_M07_F04_KI18_10.mat,8714936,2014-06-17T13:47:46,3319d1e35c31a9dd700b1a986290fa2f57aa57d1a4f7c34d14176e3c173f7964
data,PU,/home/jeffwork/data_pu/KI18/N15_M07_F04_KI18_11.mat,8714904,2014-06-17T13:48:16,dc93b46cff32fddeef272f89bfd93eb5fe70fcc45f32387b97868abcaa2d7e5a
data,PU,/home/jeffwork/data_pu/KI18/N15_M07_F04_KI18_12.mat,8714904,2014-06-17T13:48:42,60c385b4b373ec40aa4feab7fd4f6039deac086d426d9a4d868d535afdabe255
data,PU,/home/jeffwork/data_pu/KI18/N15_M07_F04_KI18_13.mat,8714840,2014-06-17T13:49:06,7ddbbbcb29836fa162099701a1100440c4a912d9b1f0dd24211658712bab84b8
data,PU,/home/jeffwork/data_pu/KI18/N15_M07_F04_KI18_14.mat,8714904,2014-06-17T13:49:34,642ec0944eb6bbf044fa7eba1c9414eccb201b1ca9651b4fcf2847ed4b978e0a
data,PU,/home/jeffwork/data_pu/KI18/N15_M07_F04_KI18_15.mat,8714904,2014-06-17T13:50:00,dd15c866a97140496c1b42533fe7717baeefe84bad074b2d279911647c58941e
data,PU,/home/jeffwork/data_pu/KI18/N15_M07_F04_KI18_16.mat,8714936,2014-06-17T13:51:20,d974a8cc65bf4c032dd73b96d2d332502c05ffc8ea49b59ae4dc238d131b190c
data,PU,/home/jeffwork/data_pu/KI18/N15_M07_F04_KI18_17.mat,8714872,2014-06-17T13:51:44,65eaf48729f5f890084a6a45ead473a79d8728019900013b3c5568659961c4a4
data,PU,/home/jeffwork/data_pu/KI18/N15_M07_F04_KI18_18.mat,8714904,2014-06-17T13:52:10,e3562eb5c39a0484e2f746a2281bd453c933a77c99f5b2d18bd4aa11f1a72909
data,PU,/home/jeffwork/data_pu/KI18/N15_M07_F04_KI18_19.mat,8891288,2014-06-17T13:52:36,77dd5fb71b5a6bf321d956f15d05ffb49f839863610f06d87c029994f2b7ba8f
data,PU,/home/jeffwork/data_pu/KI18/N15_M07_F04_KI18_2.mat,8714904,2014-06-17T13:41:54,c2dbd95842f0d3b415ed5c79af2e913b431aab57df6b75b4fc8aa1049f877c1d
data,PU,/home/jeffwork/data_pu/KI18/N15_M07_F04_KI18_20.mat,8714904,2014-06-17T13:53:28,5f618916137479330c8e3a254605bf7b89d6614ddb463857d76d99a1fe31ab70
data,PU,/home/jeffwork/data_pu/KI18/N15_M07_F04_KI18_3.mat,8715000,2014-06-17T13:42:50,ad766a76f856ebabfdca83ed33aaf2f8d97bd187598bcc14c82a3ddb2c108c2b
data,PU,/home/jeffwork/data_pu/KI18/N15_M07_F04_KI18_4.mat,8714968,2014-06-17T13:43:36,bf0229d4be423d1e4a4317d458820a172b71872482960dff4cb9ed9c27fc75d3
data,PU,/home/jeffwork/data_pu/KI18/N15_M07_F04_KI18_5.mat,8717784,2014-06-17T13:44:06,605558597d3626663c5a6c851bbbe45b13de3ab06e6885895296b1ed71bc791e
data,PU,/home/jeffwork/data_pu/KI18/N15_M07_F04_KI18_6.mat,8714968,2014-06-17T13:44:52,fe11c9c7e6123f5a3cc93dad287e98ea1a9077bd988227f50efb82dc7403226e
data,PU,/home/jeffwork/data_pu/KI18/N15_M07_F04_KI18_7.mat,8714840,2014-06-17T13:45:58,059ee9ad1adbee9e7b005f3a05cf5412fce30dd5be81603c831a805143a35037
data,PU,/home/jeffwork/data_pu/KI18/N15_M07_F04_KI18_8.mat,8714904,2014-06-17T13:46:52,f7b9803b25a820666940982de9683c0f1b898b7de1534c2155ba9d50ed20ffe1
data,PU,/home/jeffwork/data_pu/KI18/N15_M07_F04_KI18_9.mat,8714936,2014-06-17T13:47:20,935ee71b8ee9747c839593a81f73e3ca59ec5eff493e59da0057d7e58a3ca9ce
data,PU,/home/jeffwork/data_pu/KI18/N15_M07_F10_KI18_1.mat,8714904,2014-06-17T12:37:36,f7bfc841ba0c66c0c012166e714d6e331a76362e6628f849d7ede201c25eab6d
data,PU,/home/jeffwork/data_pu/KI18/N15_M07_F10_KI18_10.mat,8714904,2014-06-17T12:43:50,1221fad85f0e60bbb77853fce0c8327f26b4c41b00ee8b00449a8328929abbb5
data,PU,/home/jeffwork/data_pu/KI18/N15_M07_F10_KI18_11.mat,8714968,2014-06-17T12:44:12,3faa4c6c4a27d701cac69d712ec8092a12bbfa8a9fcf6b247e5da9a6cf7cf7ef
data,PU,/home/jeffwork/data_pu/KI18/N15_M07_F10_KI18_12.mat,8714936,2014-06-17T12:44:36,01ae849c9424592fb2dd274678ed78be60cf7ddcaa65e0ab72c6326cd3923bbc
data,PU,/home/jeffwork/data_pu/KI18/N15_M07_F10_KI18_13.mat,8714968,2014-06-17T12:45:00,7a404e958e739af8b9bd93283592b9c6ba2f446476ec2fdebc67d2c805947c4f
data,PU,/home/jeffwork/data_pu/KI18/N15_M07_F10_KI18_14.mat,8714904,2014-06-17T12:46:10,df90b59b449ac02cc72cb7eb62c04947aa9c3e398d28c7da2cda09fe0de0dc27
data,PU,/home/jeffwork/data_pu/KI18/N15_M07_F10_KI18_15.mat,8714936,2014-06-17T12:47:00,07939f5175fe13492a5b6e731c64b6d387b1ed4267ac224ce064296aba4bc9ea
data,PU,/home/jeffwork/data_pu/KI18/N15_M07_F10_KI18_16.mat,8714904,2014-06-17T12:48:10,8a846b56c745233f01c17c36bb3c7a6ba3a3f7c4d35bc9711d21369d764e0227
data,PU,/home/jeffwork/data_pu/KI18/N15_M07_F10_KI18_17.mat,8714872,2014-06-17T12:49:32,91600fbe7eac032769fbffecce495b2a594aec6fcb215f1c1eae3ba66b490e34
data,PU,/home/jeffwork/data_pu/KI18/N15_M07_F10_KI18_18.mat,8714904,2014-06-17T12:50:24,00570d95ea398f0300ed366f10aa93f73df5a362d88c31650028101e9531f652
data,PU,/home/jeffwork/data_pu/KI18/N15_M07_F10_KI18_19.mat,8714872,2014-06-17T12:50:46,2bcbe05479787619e22fbdad0a8d25c61816e4ba21fd456cbf687823204a1593
data,PU,/home/jeffwork/data_pu/KI18/N15_M07_F10_KI18_2.mat,8714904,2014-06-17T12:38:02,d42806eeae4f2170d35f2fdff6c23666b9db049fb8a63ffee27ea9d6486a8e6d
data,PU,/home/jeffwork/data_pu/KI18/N15_M07_F10_KI18_20.mat,8714904,2014-06-17T12:51:34,269c5efe217c2818576cf0b17974713abdac1a89f7ef85667e5652dbcb4f6a67
data,PU,/home/jeffwork/data_pu/KI18/N15_M07_F10_KI18_3.mat,8714872,2014-06-17T12:38:42,169aad7dfa0c65e42973c39ed3459ec0862a14a5d062ec8296463ad6773df5e8
data,PU,/home/jeffwork/data_pu/KI18/N15_M07_F10_KI18_4.mat,8714904,2014-06-17T12:39:06,f30d513c5b5bbafaed05aefbdb39c9d6a8509a3ebcfbc8f76a5ff32ad1807a4a
data,PU,/home/jeffwork/data_pu/KI18/N15_M07_F10_KI18_5.mat,8714872,2014-06-17T12:39:32,6cf79b87f9209ab3f6887def69f6773e565ef16026e2c6158d4258c41f5881c8
data,PU,/home/jeffwork/data_pu/KI18/N15_M07_F10_KI18_6.mat,8714904,2014-06-17T12:40:48,c79126ee53ce771f83e2a97f602cae8b44d4642c361d388b8de231b4e058678d
data,PU,/home/jeffwork/data_pu/KI18/N15_M07_F10_KI18_7.mat,8714904,2014-06-17T12:41:12,46a4c0da0fe97ba25220ba9eac694d99d76df27d9d695fafac5f7695e32910c2
data,PU,/home/jeffwork/data_pu/KI18/N15_M07_F10_KI18_8.mat,8714904,2014-06-17T12:42:02,8a32db150f378b85372b834b524eb8cfefc11a34605c1282351f5e172ee96206
data,PU,/home/jeffwork/data_pu/KI18/N15_M07_F10_KI18_9.mat,8714904,2014-06-17T12:43:00,023e8c9f25c0562a92f660109e18f20af0a5361b72754ec928b43db01097920e
data,PU,/home/jeffwork/data_pu/KI21/N09_M07_F10_KI21_1.mat,8714968,2014-07-29T11:54:13,ca7080753b0456ca1cb4811882d4d3caa7f28d2168268e56fa6e7a89347484db
data,PU,/home/jeffwork/data_pu/KI21/N09_M07_F10_KI21_10.mat,8714872,2014-07-29T12:03:47,d3ac81129a0d5447ff3c7d4595e1be197f64adc01bac91f8b6f94ef976525972
data,PU,/home/jeffwork/data_pu/KI21/N09_M07_F10_KI21_11.mat,8717800,2014-07-29T12:04:13,b726095f71e839ed3641efd52a744896d9af521274c6e5d47de5a06ccd77a586
data,PU,/home/jeffwork/data_pu/KI21/N09_M07_F10_KI21_12.mat,8718120,2014-07-29T12:06:40,13c2eed9ad478d20e5a6fbd5f27794965682561c3fba4745c9301ce170adf47d
data,PU,/home/jeffwork/data_pu/KI21/N09_M07_F10_KI21_13.mat,8717992,2014-07-29T12:07:08,1f4a7ff5b7afdb6b25be60837244c5ccaa8d9f2694f36902dbc021e2ed5f413b
data,PU,/home/jeffwork/data_pu/KI21/N09_M07_F10_KI21_14.mat,8714904,2014-07-29T12:07:34,0fc4ffe3e63cdb3d5173d738390b7a1f11376e7d13f3a96d768fbc59086fc3e2
data,PU,/home/jeffwork/data_pu/KI21/N09_M07_F10_KI21_15.mat,8757528,2014-07-29T12:08:16,f70eddadbf67d936c0863125db8befc33fef444b0ecb2d7fb690afa02ba0b625
data,PU,/home/jeffwork/data_pu/KI21/N09_M07_F10_KI21_16.mat,8714872,2014-07-29T12:08:42,b2578e10523253bc0846ffe0c0b11039e3e832be930307fcc5dc7a513e27af4d
data,PU,/home/jeffwork/data_pu/KI21/N09_M07_F10_KI21_17.mat,9237624,2014-07-29T12:09:15,676943c35465439b57be539fbbec4787582e3c8b44f66fb81e2753e1ec123005
data,PU,/home/jeffwork/data_pu/KI21/N09_M07_F10_KI21_18.mat,8714872,2014-07-29T12:10:03,544faaba613e5ebda7312b78ec1ab1e5a15b4fae9bbd3d507b9faac587e8beb5
data,PU,/home/jeffwork/data_pu/KI21/N09_M07_F10_KI21_19.mat,8714904,2014-07-29T12:10:49,da9b1e4422b6dcefff7db095fee6e1d5d7844aba1c061d67797258a2dc5d0486
data,PU,/home/jeffwork/data_pu/KI21/N09_M07_F10_KI21_2.mat,8714776,2014-07-29T11:55:14,c1e7127f4fa0330a3039115e0d2b524757f7ee840a4c181a93abe51e5ee53f8f
data,PU,/home/jeffwork/data_pu/KI21/N09_M07_F10_KI21_20.mat,8714872,2014-07-29T12:11:14,a8a0aacfe15db58a97192b68c8e59c88ab0e3033271e35dc6013cf8bf1d39c5c
data,PU,/home/jeffwork/data_pu/KI21/N09_M07_F10_KI21_3.mat,8767192,2014-07-29T11:56:43,70e41bc2ce53eb5f8b45a4591942333694456aab18005d538202cbd4fcdc4c2e
data,PU,/home/jeffwork/data_pu/KI21/N09_M07_F10_KI21_4.mat,8715000,2014-07-29T11:57:09,64726d0d0cf8301ae0d06ac8435656dc0a12b0d65c03fa30f79c833ec6c47cbb
data,PU,/home/jeffwork/data_pu/KI21/N09_M07_F10_KI21_5.mat,8717768,2014-07-29T11:57:38,5f56717f172e19dd66c15fdbfbf34a6997c4ca4978d188fa716d1d2db8d72e92
data,PU,/home/jeffwork/data_pu/KI21/N09_M07_F10_KI21_6.mat,8714936,2014-07-29T11:58:47,34fedd4e714ffbea1393b45b3c9fa4fbb921cb9fc504e025f19c5e2954f9c3e4
data,PU,/home/jeffwork/data_pu/KI21/N09_M07_F10_KI21_7.mat,8714904,2014-07-29T12:00:31,dfc5ea2c38a89bcc7c6335c3ff418c9a6cadcdc9b5542b5c2f65d2a043401d82
data,PU,/home/jeffwork/data_pu/KI21/N09_M07_F10_KI21_8.mat,8714872,2014-07-29T12:01:18,f057defd28924a17aa0bb92f450f179ee4a9723272f4de101979473142cc668e
data,PU,/home/jeffwork/data_pu/KI21/N09_M07_F10_KI21_9.mat,8714904,2014-07-29T12:02:21,62baf979aeeebd010c750d8bb9268913c81d7e06ffc416c3c0ad7cf365d844d7
data,PU,/home/jeffwork/data_pu/KI21/N15_M01_F10_KI21_1.mat,8714968,2014-07-29T12:13:48,2ef272e09696ca6a05f2ab24bb7d60d7890a699fdd05d49a78c73a58693498b1
data,PU,/home/jeffwork/data_pu/KI21/N15_M01_F10_KI21_10.mat,8717832,2014-07-29T12:27:59,0c8a3d573577743d82df6097183742d0d98e98d3d070609960d0e9f894f3c3e4
data,PU,/home/jeffwork/data_pu/KI21/N15_M01_F10_KI21_11.mat,8714904,2014-07-29T12:28:23,41f362a860e12d675a80acc1fe0f3759b4fb321cf3329f785ff65ef126097ace
data,PU,/home/jeffwork/data_pu/KI21/N15_M01_F10_KI21_12.mat,8717960,2014-07-29T12:28:50,c6a2773947328819894560414f84cccffd3f49570fc8b097497969c23e4a41fa
data,PU,/home/jeffwork/data_pu/KI21/N15_M01_F10_KI21_13.mat,8714936,2014-07-29T12:29:16,512a84539becf29a3b9667e61c8a3184910864dbac3f506a57ebec38502dea87
data,PU,/home/jeffwork/data_pu/KI21/N15_M01_F10_KI21_14.mat,8717800,2014-07-29T12:31:04,5d17bf5eab120b581c481a02a9400350521267c7a2f172f762ba5355c0050fa6
data,PU,/home/jeffwork/data_pu/KI21/N15_M01_F10_KI21_15.mat,8717880,2014-07-29T12:31:32,83694b1ffed56f3a8298f9b7dec1091266644ed3c91942e92bd91f23a8ad15b1
data,PU,/home/jeffwork/data_pu/KI21/N15_M01_F10_KI21_16.mat,8717832,2014-07-29T12:32:19,277922b4f7e27644b2e5b8f49d91ebf56e7941759fafa29e0324d4eb2f404d0c
data,PU,/home/jeffwork/data_pu/KI21/N15_M01_F10_KI21_17.mat,8717800,2014-07-29T12:33:19,59d0ff9431068cefb684474f62f41808f4dae7612d57d7792cb56594b4171547
data,PU,/home/jeffwork/data_pu/KI21/N15_M01_F10_KI21_18.mat,8714872,2014-07-29T12:35:52,09abcbfcd6bd9c8c0f95f4110044fb5af5a4551cf3128eb3b3d776573325a851
data,PU,/home/jeffwork/data_pu/KI21/N15_M01_F10_KI21_19.mat,8714872,2014-07-29T12:36:17,aad7be4f7ac3a5a69d0c653cb23d3ed8aa17fdbcf18ebecd8484071dce84df04
data,PU,/home/jeffwork/data_pu/KI21/N15_M01_F10_KI21_2.mat,8714872,2014-07-29T12:16:10,d8a908f03a0a87c36c67b74698dde09d2351510ba06448e600ad24e06fb30ad9
data,PU,/home/jeffwork/data_pu/KI21/N15_M01_F10_KI21_20.mat,8717832,2014-07-29T12:36:43,b3dff1f8875febe579ddf8e8a3513852d09ca1bcde7706319368335b65487b64
data,PU,/home/jeffwork/data_pu/KI21/N15_M01_F10_KI21_3.mat,8714968,2014-07-29T12:16:57,5594d41271e6d1f7fc8722e9b44117d2588a05db16933c2b2efa0fad45150809
data,PU,/home/jeffwork/data_pu/KI21/N15_M01_F10_KI21_4.mat,8714840,2014-07-29T12:17:23,f83facd71e8adfb59af0347ba2a3bcde67f7e592b57ba05d2a1640f0f442b5b2
data,PU,/home/jeffwork/data_pu/KI21/N15_M01_F10_KI21_5.mat,8717928,2014-07-29T12:17:51,8e1d80e71df6e8dd1419763fa4a6bcc784f672c77c3501152bdeeb292d5688d3
data,PU,/home/jeffwork/data_pu/KI21/N15_M01_F10_KI21_6.mat,8717704,2014-07-29T12:18:56,41f2e80a7b39fa31b360fd7ed1a54e1a962c81f68733ae3c0e4d5eedca456764
data,PU,/home/jeffwork/data_pu/KI21/N15_M01_F10_KI21_7.mat,8718072,2014-07-29T12:20:45,d7efc4edd8d571bf60c17784c28e45e224439ba238ba3a3dd6db8b99c7e7e057
data,PU,/home/jeffwork/data_pu/KI21/N15_M01_F10_KI21_8.mat,8718024,2014-07-29T12:24:11,928c422f6375175bed6b6b942b617fc527dc749b23066e43e4ecd115928cfaab
data,PU,/home/jeffwork/data_pu/KI21/N15_M01_F10_KI21_9.mat,8717864,2014-07-29T12:25:18,79c440a1eee8942f7a7a28c39e1a2adc5838bba6aac86765966a46679e4acffb
data,PU,/home/jeffwork/data_pu/KI21/N15_M07_F04_KI21_1.mat,8714872,2014-07-29T12:40:21,d5b10d0f3de86539ec585b15cfb43d1833cca275af907996c3bbba36e64043ba
data,PU,/home/jeffwork/data_pu/KI21/N15_M07_F04_KI21_10.mat,8714904,2014-07-29T12:48:04,02bff115cecd3cf1f7b3aa77595b90297084a8d749b30620ba88b2b665ead77a
data,PU,/home/jeffwork/data_pu/KI21/N15_M07_F04_KI21_11.mat,8714904,2014-07-29T12:49:26,dfabba366c1a49e34e0c64eab925b99b5c7640535ba60b5ad607ea01fc53e608
data,PU,/home/jeffwork/data_pu/KI21/N15_M07_F04_KI21_12.mat,8714904,2014-07-29T12:49:51,2b4041b7faaaa0536fb4546c7dd987e732a5181be621dd9188bb1acab320abe8
data,PU,/home/jeffwork/data_pu/KI21/N15_M07_F04_KI21_13.mat,8714904,2014-07-29T12:51:26,661ac0eddead7c2617b2feddabc254c5ece178a3af7d59a6e79e2adaf8a162db
data,PU,/home/jeffwork/data_pu/KI21/N15_M07_F04_KI21_14.mat,8714904,2014-07-29T12:51:51,0ca2d0d4b416fca74e773074f1890fca4dcb17a30c3ef947f705bee0f8c8ab1a
data,PU,/home/jeffwork/data_pu/KI21/N15_M07_F04_KI21_15.mat,8714904,2014-07-29T12:52:18,8bdad46fb265a6abc09bcea718b81cb3ce242fcb9cc0340d25b213d459e2bcad
data,PU,/home/jeffwork/data_pu/KI21/N15_M07_F04_KI21_16.mat,8771256,2014-07-29T12:53:02,0b2ca52bdc508f0a4fe8d968b83e2330b475379c3723728de8fe70c6ebf99f22
data,PU,/home/jeffwork/data_pu/KI21/N15_M07_F04_KI21_17.mat,8715032,2014-07-29T12:53:47,3ea9f7d1eae4711faf1077fcb6fe56eeb131bbe2efe3f657818f439ee086bfa6
data,PU,/home/jeffwork/data_pu/KI21/N15_M07_F04_KI21_18.mat,8714936,2014-07-29T12:54:14,8f4ba4798d368410ff9aa5c66350367e543bc1771ff70807c454d0478755cf32
data,PU,/home/jeffwork/data_pu/KI21/N15_M07_F04_KI21_19.mat,8714904,2014-07-29T12:55:16,eb4791e987a49953630741bdda9eab3c5b2c11b555d20916e822ce2cb9c563ce
data,PU,/home/jeffwork/data_pu/KI21/N15_M07_F04_KI21_2.mat,8714872,2014-07-29T12:40:48,d98c70fc6260ed9ccb74296dd137ce3e2cb60f3786d69b40d76c7ca91db9b975
data,PU,/home/jeffwork/data_pu/KI21/N15_M07_F04_KI21_20.mat,8714872,2014-07-29T12:56:36,e2f79f1dfc40ef877e10e3870b3581222aaeb61c5a7d4abf77835476d032725d
data,PU,/home/jeffwork/data_pu/KI21/N15_M07_F04_KI21_3.mat,8715000,2014-07-29T12:41:16,c5f552086deebb9695bdb108c1a4b83715a871fc09df75e60438cb34ab7b8453
data,PU,/home/jeffwork/data_pu/KI21/N15_M07_F04_KI21_4.mat,8714872,2014-07-29T12:41:45,1af819f2c5b85a0a94b1adf6b685721bb0ebb719d868cd15029f60c2d3f5de57
data,PU,/home/jeffwork/data_pu/KI21/N15_M07_F04_KI21_5.mat,8714872,2014-07-29T12:42:17,c53a220f35590fe0f63d48c68924e5bf2af665c9018addfefb6b26369a90074e
data,PU,/home/jeffwork/data_pu/KI21/N15_M07_F04_KI21_6.mat,8761624,2014-07-29T12:43:40,c16614743fbcc7c8fb6deea2e88fb119a15e065add6cfec877f9ba14fca80ffd
data,PU,/home/jeffwork/data_pu/KI21/N15_M07_F04_KI21_7.mat,8717832,2014-07-29T12:44:21,8cf6efe381eea1f4f159b4b6b4568834ea9f30388af3bbd6804d0390dcf5633e
data,PU,/home/jeffwork/data_pu/KI21/N15_M07_F04_KI21_8.mat,8714904,2014-07-29T12:45:06,da93cde0f28622db0f80f39caea68246ebdc5a9ea94442326972c33350694418
data,PU,/home/jeffwork/data_pu/KI21/N15_M07_F04_KI21_9.mat,8718136,2014-07-29T12:45:57,f8906d0f6c3de3c9cd335104e7bdebd5f04b020efaf7aced7a859ada29faf320
data,PU,/home/jeffwork/data_pu/KI21/N15_M07_F10_KI21_1.mat,8718024,2014-07-29T11:37:06,0b63bc4656f67793fb181406cef43215ea63ae22e9def23fde2fc64cf95f1632
data,PU,/home/jeffwork/data_pu/KI21/N15_M07_F10_KI21_10.mat,8714872,2014-07-29T11:45:10,5b758e71621c4c0a08dc54a500e19e94e1b9d7f7317f1702245763310ad58364
data,PU,/home/jeffwork/data_pu/KI21/N15_M07_F10_KI21_11.mat,8714872,2014-07-29T11:46:19,cba549892b8ccc498150717bc4b64d81a147dcd7cce554f08e8d9ad275174345
data,PU,/home/jeffwork/data_pu/KI21/N15_M07_F10_KI21_12.mat,8717768,2014-07-29T11:46:45,3b297473520dfc83bd67c032758ba6aefe3a092b14a70bee17454e67cc9482a1
data,PU,/home/jeffwork/data_pu/KI21/N15_M07_F10_KI21_13.mat,8717896,2014-07-29T11:47:11,880c3534c67879898b7547f93fb20aa00c477136e6eba8bccb0134e0c4c3dd51
data,PU,/home/jeffwork/data_pu/KI21/N15_M07_F10_KI21_14.mat,8718024,2014-07-29T11:47:56,2228a2e39087ad5fab3a2a3ef2a4be068097549f3df226a87919f3929fd9a992
data,PU,/home/jeffwork/data_pu/KI21/N15_M07_F10_KI21_15.mat,8714936,2014-07-29T11:48:22,43a99ff290a8f5c847edee79c4533584d98d4aff3fe42b9c4e29680483803612
data,PU,/home/jeffwork/data_pu/KI21/N15_M07_F10_KI21_16.mat,8718024,2014-07-29T11:48:49,4fcfc771e2ea6a0cb575ac0db439509a52771bbf64ec60ac803f97af0c4af527
data,PU,/home/jeffwork/data_pu/KI21/N15_M07_F10_KI21_17.mat,8717832,2014-07-29T11:49:37,9ca6f68ba7a777b6e730d3217faf193ad8af6d945f8bc5465992306666300038
data,PU,/home/jeffwork/data_pu/KI21/N15_M07_F10_KI21_18.mat,8714872,2014-07-29T11:50:03,9006d62f00394ee6a395679fc75b92978676afa1b9299fef8c85b71e7530d05a
data,PU,/home/jeffwork/data_pu/KI21/N15_M07_F10_KI21_19.mat,8717992,2014-07-29T11:51:28,9e0c56f9197286fb206612c642042212885a88096ab0a40f2f775a1601e927d6
data,PU,/home/jeffwork/data_pu/KI21/N15_M07_F10_KI21_2.mat,8714904,2014-07-29T11:38:15,40d3793c1ebc8d49a364fc4dced0599ad31e5229146b47be3528635ce2f7427c
data,PU,/home/jeffwork/data_pu/KI21/N15_M07_F10_KI21_20.mat,8717864,2014-07-29T11:51:55,65775e240b11dc6012b270cbee6da64ddbaf44fa51cbd89cc5708f1d4ff53a17
data,PU,/home/jeffwork/data_pu/KI21/N15_M07_F10_KI21_3.mat,8714872,2014-07-29T11:39:04,f74a70ff318b9051e4db2430a878027ac17265dc143c9a4da7e5c12bdc67ed80
data,PU,/home/jeffwork/data_pu/KI21/N15_M07_F10_KI21_4.mat,8714936,2014-07-29T11:40:51,0c5461009b798a28e2d6b94498a34621c87d890116c7b7d9a870649692ea87dd
data,PU,/home/jeffwork/data_pu/KI21/N15_M07_F10_KI21_5.mat,8893176,2014-07-29T11:41:38,b672d5287eda8b47af67d2cf2d99f444bbf8408181214d41d3cde8399ccefe0c
data,PU,/home/jeffwork/data_pu/KI21/N15_M07_F10_KI21_6.mat,8846360,2014-07-29T11:42:05,bfd1501de971436741da5af2bca26a337cc671a6a8c82b4cfe81c2920eb5772f
data,PU,/home/jeffwork/data_pu/KI21/N15_M07_F10_KI21_7.mat,8714872,2014-07-29T11:42:33,7f3603ee6c3e1eda3124bea50af762036e561ba42e2974f5311b5762f7879bba
data,PU,/home/jeffwork/data_pu/KI21/N15_M07_F10_KI21_8.mat,8714808,2014-07-29T11:43:17,7ca72bceef894cd189304925d2a140398ca2a7a0e1b6116f1cb7dba59b7c3d8f
data,PU,/home/jeffwork/data_pu/KI21/N15_M07_F10_KI21_9.mat,8714872,2014-07-29T11:44:21,5662ea73e1dd582c403173895a7a92d94d147d4d2a82bfcade71c32c3f5baf8f
data,PU,/home/jeffwork/data_pu/N09_M07_F10_K001_1.mat,8741432,2015-09-17T19:51:48,c55f4c6a5d6d9a83d18d24dce4f164ffc85721e4e358df1c1ac9886583c2269f
data,PU,/home/jeffwork/data_pu/N09_M07_F10_K001_10.mat,8734520,2015-09-17T20:00:28,048fca3a6d4942eeb42e16108801af0ee88486951a10a24458f59cf7c0865c3b
data,PU,/home/jeffwork/data_pu/N09_M07_F10_K001_11.mat,8718136,2015-09-17T20:01:01,9c6f9ca0fe8886a2a8118abd6d854e3696863c9882867e56fdac37f7ab1cdcdc
data,PU,/home/jeffwork/data_pu/N09_M07_F10_K001_12.mat,8714872,2015-09-17T20:01:33,74e0a9f88da4deb8732747600070b5e323944ebc14dcad3a1f6bad84f5bcc531
data,PU,/home/jeffwork/data_pu/N09_M07_F10_K001_13.mat,8714872,2015-09-17T20:02:02,11c369eb0688536e8835eb3c2f80b233de270bd29e0145ecf2e60fbd04a6b83f
data,PU,/home/jeffwork/data_pu/N09_M07_F10_K001_14.mat,8714936,2015-09-17T20:02:33,49eae59140b37ca1a047fe9dc84485d14129adc18a5669329e4bd11faa418aef
data,PU,/home/jeffwork/data_pu/N09_M07_F10_K001_15.mat,8714904,2015-09-17T20:02:59,619f41c2167c02b85490d83b91adf60f2b2167ac4124a863d16f6b108c49ab29
data,PU,/home/jeffwork/data_pu/N09_M07_F10_K001_16.mat,8714904,2015-09-17T20:03:28,5c344ac7ff97e8c197819dff8b0d536051bb505fe0a77f9484b0edf71972e34e
data,PU,/home/jeffwork/data_pu/N09_M07_F10_K001_17.mat,8714904,2015-09-17T20:03:57,6d515acf0fd3d76ab3f430b96b23207b5879bcf973504e6f47e2ca35bd6c2084
data,PU,/home/jeffwork/data_pu/N09_M07_F10_K001_18.mat,8714872,2015-09-17T20:04:25,8310bc89cf5915610c693887ceb9cdd3c1f8ab3bae7827f691496d1544aefb70
data,PU,/home/jeffwork/data_pu/N09_M07_F10_K001_19.mat,8714904,2015-09-17T20:04:57,12c2d2c88211281094511b26fc7adcc9c656781313985d40a8dc865f475d75d7
data,PU,/home/jeffwork/data_pu/N09_M07_F10_K001_2.mat,8714904,2015-09-17T19:52:24,353451b91afc757be1883b4af2ba36724d58534a24b310662be7cd93dba156bb
data,PU,/home/jeffwork/data_pu/N09_M07_F10_K001_20.mat,8714904,2015-09-17T20:05:25,f5f510e3153b3327f398c0396d3631e4923d9450465282b7910328666c1e276c
data,PU,/home/jeffwork/data_pu/N09_M07_F10_K001_3.mat,8714904,2015-09-17T19:52:55,6c4d86af80479b864b57966669574a00b218370b1e75f75411bbc50599e60dd3
data,PU,/home/jeffwork/data_pu/N09_M07_F10_K001_4.mat,8714904,2015-09-17T19:53:25,8396cebc4fe63ee49b4282ae6e4f6989ed5f9fdd65dcec9b89c13a6ff4ab201e
data,PU,/home/jeffwork/data_pu/N09_M07_F10_K001_5.mat,8714904,2015-09-17T19:53:54,44c8d4df1c288ba321c10795122da1cacb37471302aa41183b131f655d90088d
data,PU,/home/jeffwork/data_pu/N09_M07_F10_K001_6.mat,8761816,2015-09-17T19:54:26,b92664766ba37c9bde910207ad65ce8bc08ee3d3978133fe75793e69563d08e6
data,PU,/home/jeffwork/data_pu/N09_M07_F10_K001_7.mat,8714968,2015-09-17T19:58:25,780298e958182f42edf581af01184208e8069a56e32e46ec0d3ceb621b772760
data,PU,/home/jeffwork/data_pu/N09_M07_F10_K001_8.mat,8741048,2015-09-17T19:59:24,477499b31da6fa82a8a7f9a9a0af6365be4dbf2c0b60c6a6293549eb56f72cb9
data,PU,/home/jeffwork/data_pu/N09_M07_F10_K001_9.mat,8714904,2015-09-17T19:59:55,d805b827dc2fad6168a30caf68d25d2ee93b9cfb78fc4b38c95184f4db11dc0d
data,PU,/home/jeffwork/data_pu/N09_M07_F10_K002_1.mat,8714904,2015-03-25T17:18:44,b5707fd0384a6ca21c5bfb370f23345daa0678be2cb345279eccd2761b2aeace
data,PU,/home/jeffwork/data_pu/N09_M07_F10_K002_10.mat,8723800,2015-03-25T17:09:58,b22f239b3ef2ebba3fb86eea63e72d1a20210218939b105ee288e7f02365a946
data,PU,/home/jeffwork/data_pu/N09_M07_F10_K002_11.mat,8714872,2015-03-25T17:10:20,02a3d090cc3813e735a7fee1b943c1e46718abe2958b800bc8fd5a570ef79290
data,PU,/home/jeffwork/data_pu/N09_M07_F10_K002_12.mat,8714968,2015-03-25T17:16:36,94b2dd38daa5533bbb58813b31fb149eaf4f4fa9ab1536947a7d7a98e89a7114
data,PU,/home/jeffwork/data_pu/N09_M07_F10_K002_13.mat,8715128,2015-03-25T17:11:01,bde79f400019169737a99c629631b7c47c9c280d56a0874109a8184c60502a26
data,PU,/home/jeffwork/data_pu/N09_M07_F10_K002_14.mat,8714904,2015-03-25T17:11:30,f11581530e0a91fa44d231f19ad3e51e28de59c8817d2eb0e61659c2182b7909
data,PU,/home/jeffwork/data_pu/N09_M07_F10_K002_15.mat,8714968,2015-03-25T17:17:04,e248af36ef9fa78ec767e7e2fdd2f4a9d2bb8516ed1197d090004388822b1782
data,PU,/home/jeffwork/data_pu/N09_M07_F10_K002_16.mat,8714904,2015-03-25T17:22:09,d9e01579f92cf4775bd4a862a970a3c435264e036b92d37c8e5d8d147c5828ff
data,PU,/home/jeffwork/data_pu/N09_M07_F10_K002_17.mat,8714872,2015-03-25T17:12:23,00cb386c36975746ee7a0c0989a64fbb1f5f3b0dcd43fa7632ba6da227e18788
data,PU,/home/jeffwork/data_pu/N09_M07_F10_K002_18.mat,8727256,2015-03-25T17:22:35,b005846bad34ed01746e0035fce135211ad1f1f122b433f8691c6aa76a0c834f
data,PU,/home/jeffwork/data_pu/N09_M07_F10_K002_19.mat,8715064,2015-03-25T17:13:05,72a229cf7eb29053baf0a9ee5e396355e8610abaca94a683e62f5ff352d9e8fa
data,PU,/home/jeffwork/data_pu/N09_M07_F10_K002_2.mat,8714904,2015-03-25T17:07:22,38a19ddad1da41d320b43bf814708a750d54cfd071c45ac5498582912e4b933f
data,PU,/home/jeffwork/data_pu/N09_M07_F10_K002_20.mat,8714904,2015-03-25T17:13:27,3ce4c0e3b5d6eb54a9562092f362c9b1717acb5645e6f8b050ad36f8a1d08414
data,PU,/home/jeffwork/data_pu/N09_M07_F10_K002_3.mat,8714904,2015-03-25T17:07:44,b6d19c399d78bf5d923aebc3fe5e0d6162fb85c3c7e47ad55157b6efd31ba9ac
data,PU,/home/jeffwork/data_pu/N09_M07_F10_K002_4.mat,8714872,2015-03-25T17:19:27,817546de0f37a106d11bfe8253434e3192c57dc51e13e206f4c84bcc69da2624
data,PU,/home/jeffwork/data_pu/N09_M07_F10_K002_5.mat,8714904,2015-03-25T17:14:55,5b37f8c17e8c96ffc0a1f7e9b23557fd5e9c8f54867d3cb30c3a8cf743989ec3
data,PU,/home/jeffwork/data_pu/N09_M07_F10_K002_6.mat,8714840,2015-03-25T17:08:38,936fddb0f3797bb0ad1c1a375131b490f0fb87386b247def82b38d4e92c5fdc5
data,PU,/home/jeffwork/data_pu/N09_M07_F10_K002_7.mat,8714872,2015-03-25T17:15:20,1e72f1f1e590f8fac9c09532d8aa999c7a9fd2088775847ff8407c8936afd01d
data,PU,/home/jeffwork/data_pu/N09_M07_F10_K002_8.mat,8714904,2015-03-25T17:09:19,5f4ab77e09448ed9dae1396d9010f25c5e787556046932d53eaf75dd6c4919bb
data,PU,/home/jeffwork/data_pu/N09_M07_F10_K002_9.mat,8714872,2015-03-25T17:16:02,75f7ca637ee7156418ba4fcc502f9769464443aa303138946726a4aebd650498
data,PU,/home/jeffwork/data_pu/N09_M07_F10_KA04_1.mat,8714904,2014-06-10T18:19:58,7db59955c834c4f74e8360bc873a4adc27beb569cf4406ba857777b1f986f138
data,PU,/home/jeffwork/data_pu/N09_M07_F10_KA04_10.mat,8714904,2014-06-10T18:29:23,289744a10c76513aeaaf1ae7eb5156cfc6ae935e7cadc955f7a07ca6ef279f13
data,PU,/home/jeffwork/data_pu/N09_M07_F10_KA04_11.mat,8717536,2014-06-10T18:31:13,9e4a783f8ff132b0f7e844e6f3f4f88175e2f8416a45ab657c3a085d9d7855d4
data,PU,/home/jeffwork/data_pu/N09_M07_F10_KA04_12.mat,8714904,2014-06-10T18:30:06,367cd0470bdf06b252ef942940c9351b290d07352ed4b91fd464cc0f75549671
data,PU,/home/jeffwork/data_pu/N09_M07_F10_KA04_13.mat,8714968,2014-06-10T18:32:16,35e9b19959533f7a326992374f6cd4d36aa8a0f4e053bf6506e4c7683038f890
data,PU,/home/jeffwork/data_pu/N09_M07_F10_KA04_14.mat,8718168,2014-06-10T18:33:26,b0d59a3fa20ae02c3b5a4694b5e1696d6e1514fc124d8914a1a707f3584c90ce
data,PU,/home/jeffwork/data_pu/N09_M07_F10_KA04_15.mat,8718120,2014-06-10T18:34:29,394c9bcd9d09d20ae6366a60d1c6d8bdb3878809f0e412c57c13b5f557c5fb58
data,PU,/home/jeffwork/data_pu/N09_M07_F10_KA04_16.mat,8714872,2014-06-10T18:55:39,b464305d2add5c9dfcf888273148106cfa812dfbbb1955d5d22ebb2044e399b7
data,PU,/home/jeffwork/data_pu/N09_M07_F10_KA04_17.mat,5864439,2015-03-02T11:35:41,f309c8f26012c0cc088d8858b3b328d473cca93eb83d7d3c4b5ca046cf100cd5
data,PU,/home/jeffwork/data_pu/N09_M07_F10_KA04_18.mat,8717640,2014-06-10T19:00:34,f07e5a1c5a5b3f94fa3ba0c390a63db889fe0e60213f353b1a40a309bb4bc78d
data,PU,/home/jeffwork/data_pu/N09_M07_F10_KA04_19.mat,8714904,2014-06-10T19:02:07,86ab63fbb76616284b21737fcacc90c4bd52dfed6a49afb93dc6599fe09662b4
data,PU,/home/jeffwork/data_pu/N09_M07_F10_KA04_2.mat,8717528,2014-06-10T18:23:47,4e66934fe250625318364b3973468faedd555b66156f8d9212f5f14a2fd1f4a5
data,PU,/home/jeffwork/data_pu/N09_M07_F10_KA04_20.mat,8717544,2014-06-10T19:03:56,71345d884bf2b18fd80eaf4db706130af876c4160fe2cee7665edb9b9ea1eb76
data,PU,/home/jeffwork/data_pu/N09_M07_F10_KA04_3.mat,8714904,2014-06-10T18:21:15,2e543cbd0d246ac0eff03b95f4d9e0e94a72c39000d70c93d6608239ab03d259
data,PU,/home/jeffwork/data_pu/N09_M07_F10_KA04_4.mat,8714872,2014-06-10T18:24:48,09426652f1cd315bc515fe78efda2b990c8c6b89bcf1e77db721bbfe638e5638
data,PU,/home/jeffwork/data_pu/N09_M07_F10_KA04_5.mat,8714904,2014-06-10T18:25:15,8bd04b23789c5f09a360c144784223f857c462ac7df113450061ecef66ebd9db
data,PU,/home/jeffwork/data_pu/N09_M07_F10_KA04_6.mat,8717912,2014-06-10T18:25:45,089cb63671075e9fe7fa0e8d8f0fa61aef22a6f90301825672e5eacc62107467
data,PU,/home/jeffwork/data_pu/N09_M07_F10_KA04_7.mat,8745368,2014-06-10T18:26:19,fd69ac9778ede7a592280b74addc0daf3d4389e9cf70b6d5234bc1000d46ffb8
data,PU,/home/jeffwork/data_pu/N09_M07_F10_KA04_8.mat,8714936,2014-06-10T18:26:54,356bb61c4daa97abff5fe9cde729a001c954bfba29191c2b1e3de9ad092c5e72
data,PU,/home/jeffwork/data_pu/N09_M07_F10_KA04_9.mat,8714904,2014-06-10T18:28:55,13eee14a0a063e74575294e13906bce1eac415d250430285bc54eb413b72bb37
data,PU,/home/jeffwork/data_pu/N09_M07_F10_KA15_1.mat,8714904,2014-07-29T15:20:06,fe68d586af365f9d1b296a6cedee6875a2e382c10cc8cb86e95373f2bf7b2d7e
data,PU,/home/jeffwork/data_pu/N09_M07_F10_KA15_10.mat,8714904,2014-07-29T15:24:40,b72e5d155c9e3a192fae9378e9fb97062cc47604f260ecd9907b0e98710d9460
data,PU,/home/jeffwork/data_pu/N09_M07_F10_KA15_11.mat,8714904,2014-07-29T15:25:04,e53cb5e1bb1b06ea176afd2480c913c34257c90f7e7e91dea5341c2590939374
data,PU,/home/jeffwork/data_pu/N09_M07_F10_KA15_12.mat,8714904,2014-07-29T15:26:53,480db0283f18a11d7a3b2e0f01e00c22af6a6116ccf9a02e09d36ef73b70d71d
data,PU,/home/jeffwork/data_pu/N09_M07_F10_KA15_13.mat,8714904,2014-07-29T15:27:15,12884153a77537b29575422c79c1680ebba52dbac7e5eb38d488a7bd8af69245
data,PU,/home/jeffwork/data_pu/N09_M07_F10_KA15_14.mat,8714904,2014-07-29T15:27:39,365dd44b083788df00fa5939ca8ba4785689863286e0a03bec77aa3f610bb7ad
data,PU,/home/jeffwork/data_pu/N09_M07_F10_KA15_15.mat,8714968,2014-07-29T15:28:04,5c8139b3216e92fa68283d555a222ba596cf79c8a1246684fb9939133fe15c62
data,PU,/home/jeffwork/data_pu/N09_M07_F10_KA15_16.mat,8714872,2014-07-29T15:28:29,999274f096043f7fce4263223eb6436268844ebccd78710b993c6d81589957bb
data,PU,/home/jeffwork/data_pu/N09_M07_F10_KA15_17.mat,8714872,2014-07-29T15:28:53,fd436bfd5ba2c0c2c0c3573567eff2ea59515733d5076afea618ab3f0d83904e
data,PU,/home/jeffwork/data_pu/N09_M07_F10_KA15_18.mat,8714904,2014-07-29T15:29:17,00fd0f58bc1583b84310ddbac3b56f3ea1feed314bcd255cb1fa849e57c94d10
data,PU,/home/jeffwork/data_pu/N09_M07_F10_KA15_19.mat,8714936,2014-07-29T15:29:41,45d07f5cf829883c1473d988b268b24edd2512a6519b40930f2f21e8cb39ec00
data,PU,/home/jeffwork/data_pu/N09_M07_F10_KA15_2.mat,8714904,2014-07-29T15:20:36,c6a45ba802b9168f59d23b8e83df82b83ad8c9ef6176c53ec3e4aa0a55e76def
data,PU,/home/jeffwork/data_pu/N09_M07_F10_KA15_20.mat,8714904,2014-07-29T15:30:25,e0d9af114c167bd8d81d81194f5cb8bbf0e0342e06524d4c2f5c31bdea4e6c29
data,PU,/home/jeffwork/data_pu/N09_M07_F10_KA15_3.mat,8714904,2014-07-29T15:21:01,bc9090ccef9fcb4c45bd49584f63cbc47a59be589ce26d8de038ff7d64e721f4
data,PU,/home/jeffwork/data_pu/N09_M07_F10_KA15_4.mat,8714936,2014-07-29T15:21:26,47ccfb5e5844f44877d9fa179fcf0b4666efd6470186fad33ff2662021b5b4a5
data,PU,/home/jeffwork/data_pu/N09_M07_F10_KA15_5.mat,8714904,2014-07-29T15:21:49,252dc596b3d3ee0331f63530e9070a807065b5f85af933eb531330c1118d2c01
data,PU,/home/jeffwork/data_pu/N09_M07_F10_KA15_6.mat,8714904,2014-07-29T15:22:12,3b81f010cd8edf599539beebdd826a142b8a892860b2670d65e0a7cc3c825f4d
data,PU,/home/jeffwork/data_pu/N09_M07_F10_KA15_7.mat,8714872,2014-07-29T15:22:35,6901dba830100187db48e636483732e809e950712959bd69711a060eae89f650
data,PU,/home/jeffwork/data_pu/N09_M07_F10_KA15_8.mat,8714840,2014-07-29T15:23:01,d3acc896d6ac51ee53314b478dbe0e7659ea2584f5b8cb3d4e224f0c6cb27a33
data,PU,/home/jeffwork/data_pu/N09_M07_F10_KA15_9.mat,8714872,2014-07-29T15:24:17,dc2f1f47245b6f5c87607c9415b4d1b0d8c60568797b980d476a70140488e2f0
data,PU,/home/jeffwork/data_pu/N09_M07_F10_KB23_1.mat,8714904,2015-03-25T13:46:41,6c8db66162262c90e3b26de20fb6dba3f9816d2d693b43d633657f33ad2d825f
data,PU,/home/jeffwork/data_pu/N09_M07_F10_KB23_10.mat,8717896,2015-03-25T13:59:46,1a9ea9ae036144fff7fd54690b812bcb49651ede6484681b82cbb19b34c9ba26
data,PU,/home/jeffwork/data_pu/N09_M07_F10_KB23_11.mat,8714840,2015-03-25T14:00:09,77afb424eeb7c8976365f5ae6e2e057fdbf5ee8575ab8877965bdd45c3354a3a
data,PU,/home/jeffwork/data_pu/N09_M07_F10_KB23_12.mat,8714904,2015-03-25T13:51:46,fa0e16a38430ff170fb87b3045b45f5a2e147c3f9531d12c7ab89273a19b356e
data,PU,/home/jeffwork/data_pu/N09_M07_F10_KB23_13.mat,8718048,2015-03-25T13:52:21,51dec6c9129968266afe83d4683ea13948df6913ab50f6f17d11c33e089c9577
data,PU,/home/jeffwork/data_pu/N09_M07_F10_KB23_14.mat,8717624,2015-03-25T13:52:47,e33ace170ef35116396950194ecdf9c57b8f0b943e9de6468ec9689565fc06e1
data,PU,/home/jeffwork/data_pu/N09_M07_F10_KB23_15.mat,8714904,2015-03-25T14:00:40,be18f40594e49b85a4dcc114d1bba088e1a2d09b0cbabd52eae4a8a1d49e0b7c
data,PU,/home/jeffwork/data_pu/N09_M07_F10_KB23_16.mat,8717992,2015-03-25T14:01:01,e945cb0e7ba1065742739a6b9f9c111edb0032d9998dcb07d02ece3c0c7e25ef
data,PU,/home/jeffwork/data_pu/N09_M07_F10_KB23_17.mat,8714904,2015-03-25T13:54:30,9863f83ad7aeab116026671c17161d8e5d617d7ddd7b6b00faffbce06474ecff
data,PU,/home/jeffwork/data_pu/N09_M07_F10_KB23_18.mat,8717304,2015-03-25T13:55:42,3886774e392404f1aca4df8b4cc8ba7eb2b3ccf71ed99feedef2a5b1d1dd709e
data,PU,/home/jeffwork/data_pu/N09_M07_F10_KB23_19.mat,8714936,2015-03-25T14:01:29,acb1783501789c20c421d5a266d5764147a038bba3ba6f0d246443d4da2d8805
data,PU,/home/jeffwork/data_pu/N09_M07_F10_KB23_2.mat,8717784,2015-03-25T13:57:57,53bbac3f63eb9c36403b797241241652a10c19d4f3e37de71d7453cff89b76a7
data,PU,/home/jeffwork/data_pu/N09_M07_F10_KB23_20.mat,8714904,2015-03-25T13:57:03,4c9b0b1a54dd3f114ec1accb105dc10e39f51896d1c4501363330a2d9d647b0e
data,PU,/home/jeffwork/data_pu/N09_M07_F10_KB23_3.mat,8714840,2015-03-25T13:48:03,f3b44be440316d6fba22b80c7be84369f32fbabbf011528c4214d2a4e84b72ad
data,PU,/home/jeffwork/data_pu/N09_M07_F10_KB23_4.mat,8714872,2015-03-25T14:02:04,23e35e9fe63235536b85c32d9047bdc834c31185f4266c4bbb6b889d8a724565
data,PU,/home/jeffwork/data_pu/N09_M07_F10_KB23_5.mat,8714872,2015-03-25T14:03:47,9da88be00dd3d7e336baf2cd05b4b8ef5f35a42ce673e3747f3e85bc10029e85
data,PU,/home/jeffwork/data_pu/N09_M07_F10_KB23_6.mat,8717432,2015-03-25T13:49:15,8dcde7a14bc1cfe8d664e8bbb6e717cf535a392625eba1916b1380984e99787d
data,PU,/home/jeffwork/data_pu/N09_M07_F10_KB23_7.mat,8717832,2015-03-25T13:49:48,f8777e608a7bfcd0a06e8a5ec751981caec00deaf3ee700dce1d7ac93ad8731d
data,PU,/home/jeffwork/data_pu/N09_M07_F10_KB23_8.mat,8717736,2015-03-25T13:50:12,8ccc5c9a28fadf1ee7327d922562088b0083646cab2f74cb5b52ff5425eeed8b
data,PU,/home/jeffwork/data_pu/N09_M07_F10_KB23_9.mat,8714904,2015-03-25T14:04:18,90941335370a0b7450f9d637c3979c9605f8eda883bde901d697bb17dcbd0c42
data,PU,/home/jeffwork/data_pu/N09_M07_F10_KB24_1.mat,8965400,2015-09-21T11:31:33,21f9caf872d9f507240626f4ba833264d49a2f22b983726d28c86ae0922b8261
data,PU,/home/jeffwork/data_pu/N09_M07_F10_KB24_10.mat,8717496,2015-09-21T11:36:02,4a2cd17149aafc77c93b24894d9d8ae4558ab7410c0f06628f4a3f048434127c
data,PU,/home/jeffwork/data_pu/N09_M07_F10_KB24_11.mat,8761400,2015-09-21T11:36:34,f7690f1413fc84d63d4f9c7c8838be6f2217d692e0e6f31b6949516917bbc906
data,PU,/home/jeffwork/data_pu/N09_M07_F10_KB24_12.mat,8714904,2015-09-21T11:37:00,d78c6dd4c48114c6c5bb6717cfaf3d7af4661570fca86047402cdc64058a4365
data,PU,/home/jeffwork/data_pu/N09_M07_F10_KB24_13.mat,8717784,2015-09-21T11:37:30,305a1cf7fb1d3eac8584eb78888198766bc4c09a2d5e28cb4c88223c13f76709
data,PU,/home/jeffwork/data_pu/N09_M07_F10_KB24_14.mat,8714968,2015-09-21T11:37:57,7ce92e6a83dec1c2494ba5aa770622f835c0a0781360457db34b861ee815ff59
data,PU,/home/jeffwork/data_pu/N09_M07_F10_KB24_15.mat,8745888,2015-09-21T11:38:28,0bf8c6e0c6a34396d892693a7b58ee70c608784db3ed8e42f25aa39fdd26319a
data,PU,/home/jeffwork/data_pu/N09_M07_F10_KB24_16.mat,8717376,2015-09-21T11:39:04,9d9da5889ab2389ba98da24af4fdb106201554a78ea9a2caa63f4439816846df
data,PU,/home/jeffwork/data_pu/N09_M07_F10_KB24_17.mat,8718360,2015-09-21T11:39:33,9606a0afae062c1eddf1fcd61fefb90e72edd0ff9d722492fd26cb01a01b7b4e
data,PU,/home/jeffwork/data_pu/N09_M07_F10_KB24_18.mat,8730008,2015-09-21T11:40:06,273ba47e48cbb8150cf82180ccaae6bd66171b06987a577e90fdc33c606d17d9
data,PU,/home/jeffwork/data_pu/N09_M07_F10_KB24_19.mat,8730624,2015-09-21T11:40:37,3f348c8703b4c39f4b29ab3c285e2868000884276203544369256446f2c0a652
data,PU,/home/jeffwork/data_pu/N09_M07_F10_KB24_2.mat,8729816,2015-09-21T11:32:04,c55c4de22750bdae987b57b626213228440a8904f6fab59b51027d43f845d4d0
data,PU,/home/jeffwork/data_pu/N09_M07_F10_KB24_20.mat,8714904,2015-09-21T11:41:04,364e111ec25dc6ee44dc1a49f79f2ee5d7900a1d143a06b877721101fe3adf9d
data,PU,/home/jeffwork/data_pu/N09_M07_F10_KB24_3.mat,8732376,2015-09-21T11:32:38,76519d3aefe835f05b97ff88c38afca01882a04a7fade3c3146625df04bba1f1
data,PU,/home/jeffwork/data_pu/N09_M07_F10_KB24_4.mat,8762040,2015-09-21T11:33:07,2000390b1390a10b9b41881e9ba91040cbd397491a46106416f0eb83e6e4e198
data,PU,/home/jeffwork/data_pu/N09_M07_F10_KB24_5.mat,8714904,2015-09-21T11:33:34,b3c584230ce78aba35920ba42924d0d20194899473c63e69b6be460817fa7b9d
data,PU,/home/jeffwork/data_pu/N09_M07_F10_KB24_6.mat,8741472,2015-09-21T11:34:06,637c2c908381180cd8607b881fde1d92948c2399eb07a6f330ea765ab9ccbd03
data,PU,/home/jeffwork/data_pu/N09_M07_F10_KB24_7.mat,8750872,2015-09-21T11:34:35,91d7ec9f989b5a61d8a295f5b40e943c9540184510c186fcb7c338f8a3f39937
data,PU,/home/jeffwork/data_pu/N09_M07_F10_KB24_8.mat,8799320,2015-09-21T11:35:03,efaa4b2ea0750a40d076c8374aea848309ea2d1298bdbc5e917f938e339712bc
data,PU,/home/jeffwork/data_pu/N09_M07_F10_KB24_9.mat,8714904,2015-09-21T11:35:29,e254037195c3785a8cdaae1f8a2a2ab1f3cb4fe31945ba2484da1d14c1066ee2
data,PU,/home/jeffwork/data_pu/N09_M07_F10_KB27_1.mat,8714904,2014-08-07T10:16:38,9060a349143c131f6d4ebddc09ae80d463b95c51380e10d2a5445da94174ec77
data,PU,/home/jeffwork/data_pu/N09_M07_F10_KB27_10.mat,8715064,2014-08-07T10:22:50,a24a92bda257e58e0758b758f06434fd54b72a1e1209f0dbc6cdbdc2dbaa2728
data,PU,/home/jeffwork/data_pu/N09_M07_F10_KB27_11.mat,8715000,2014-08-07T10:23:50,7f80ac9b07f36133abff4adc9675bb3e6eab808e9adf6f288152b2b3755db4af
data,PU,/home/jeffwork/data_pu/N09_M07_F10_KB27_12.mat,8717496,2014-08-07T10:24:17,fd49d9f8b8254feff87c798950d9cb1a5225e83713d54e25a63122d289fdd020
data,PU,/home/jeffwork/data_pu/N09_M07_F10_KB27_13.mat,8714904,2014-08-07T10:25:23,27a3d2c40a56d855d05df58a212414cd3446fa08770ea8be164d9864121dffd9
data,PU,/home/jeffwork/data_pu/N09_M07_F10_KB27_14.mat,8714936,2014-08-07T10:25:49,cf03b25965b361e78f0976b65ea0c3baa4edd13acdb120883aebe15c3a39b9b0
data,PU,/home/jeffwork/data_pu/N09_M07_F10_KB27_15.mat,9247512,2014-08-07T10:26:15,67b26c1bac8937767a9e5aaee73dbff1775a53810f12fbfa4ffb3b207af52b62
data,PU,/home/jeffwork/data_pu/N09_M07_F10_KB27_16.mat,8714808,2014-08-07T10:27:09,d1f1561b370a899df68ca649a872a3ad0f96a8e2dbf1900ac3bbdde71e82f801
data,PU,/home/jeffwork/data_pu/N09_M07_F10_KB27_17.mat,8714936,2014-08-07T10:28:52,baba9139238d0f3c6f206aaa728558e148491b2832a941dac4ac4254aa645dea
data,PU,/home/jeffwork/data_pu/N09_M07_F10_KB27_18.mat,8733976,2014-08-07T10:29:42,dc26cf57f7d5e21bc28d940cd5054e8887ef0da7e2f3d314178839cda04ed63d
data,PU,/home/jeffwork/data_pu/N09_M07_F10_KB27_19.mat,8717800,2014-08-07T10:30:45,c7455cbe2211fdda3e866bdd491cea13463666693af23f99a0b50bed8c82f019
data,PU,/home/jeffwork/data_pu/N09_M07_F10_KB27_2.mat,8717560,2014-08-07T10:17:06,d1dd7e67aba6c6086a0025928dbf903dac688dd483c4c0742b75be57e606d818
data,PU,/home/jeffwork/data_pu/N09_M07_F10_KB27_20.mat,8714904,2014-08-07T10:31:10,5a29af9a31f3c955397bb8432e1f61c09daa9c74fcf656c574fc7069ea1fc873
data,PU,/home/jeffwork/data_pu/N09_M07_F10_KB27_3.mat,8714904,2014-08-07T10:17:51,7b1daa29ec848b22b921af5a8e0857deed62f253e30367153cffb421cb39ee41
data,PU,/home/jeffwork/data_pu/N09_M07_F10_KB27_4.mat,8715000,2014-08-07T10:18:21,94d46382be93c9d99f3a40d34661fb4ab258d29155b2a14a161ef843db674424
data,PU,/home/jeffwork/data_pu/N09_M07_F10_KB27_5.mat,8740760,2014-08-07T10:18:47,70893ae484fc1d639420066395d95ce0940433cd64f073185076200860779dff
data,PU,/home/jeffwork/data_pu/N09_M07_F10_KB27_6.mat,8714904,2014-08-07T10:20:13,81077e44e5923261d7ef510ed40f08df14dd252f78c5bc7dfeb06210bdb01c6f
data,PU,/home/jeffwork/data_pu/N09_M07_F10_KB27_7.mat,8968376,2014-08-07T10:20:37,42c4b8c3725a87a4b725c708b0225ed44e1a245caecd419fc500c797e8863847
data,PU,/home/jeffwork/data_pu/N09_M07_F10_KB27_8.mat,8714904,2014-08-07T10:21:24,ff721c19a4ed588147abaa9022d03efe548f85bd52ecff8612b5df80932c5f80
data,PU,/home/jeffwork/data_pu/N09_M07_F10_KB27_9.mat,8715000,2014-08-07T10:22:25,6b614cd02c7771fccb673851e376efe2ac38c4dffc6e4917939c4447e728b7d8
data,PU,/home/jeffwork/data_pu/N09_M07_F10_KI01_1.mat,8714904,2015-09-18T10:52:29,b8e3628db7ad70db6b8677d9011aeb75cf10ace259241ab18ba9b43e19bf3b2e
data,PU,/home/jeffwork/data_pu/N09_M07_F10_KI01_10.mat,8739416,2015-09-18T10:58:19,3dfd3dfd7281878692617bfff6c8ea6d04c5141d00f641387dae8ef64b5de1f3
data,PU,/home/jeffwork/data_pu/N09_M07_F10_KI01_11.mat,8718392,2015-09-18T10:59:01,3b8c8d8c1a632c522648d8dabadcda024377a4d2582de32b797cd9667c50d6f0
data,PU,/home/jeffwork/data_pu/N09_M07_F10_KI01_12.mat,8717816,2015-09-18T10:59:35,d62ada27d981df04a5f55a682c1594f266a47ea46160c35e67fbacc1b352ccd1
data,PU,/home/jeffwork/data_pu/N09_M07_F10_KI01_13.mat,8714872,2015-09-18T11:00:12,9a5d6fc4a8e84565595755f61a510d55a7e455a08f197ad4f032f7af8f9affd1
data,PU,/home/jeffwork/data_pu/N09_M07_F10_KI01_14.mat,8770904,2015-09-18T11:00:40,16abe9e49bdb2d7355e20241dd3f7a626b32036a7d8511cc430a2d661d4575e0
data,PU,/home/jeffwork/data_pu/N09_M07_F10_KI01_15.mat,8718328,2015-09-18T11:01:12,093df5f667d83d49854cdaf3fdb8bfc0996d354d1353b53469873da262d35271
data,PU,/home/jeffwork/data_pu/N09_M07_F10_KI01_16.mat,8714904,2015-09-18T11:01:41,6af197da98abb2283828bca44629051c83a3ff2f9824e602bfc5abd7d29a997f
data,PU,/home/jeffwork/data_pu/N09_M07_F10_KI01_17.mat,8714904,2015-09-18T11:02:10,27021c612c756976cc62a1586061a5fe973783dfa291b448496826f98a2a17eb
data,PU,/home/jeffwork/data_pu/N09_M07_F10_KI01_18.mat,8717720,2015-09-18T11:02:44,6754b41e9d6e987fa4b2e02d8b5ec4e70b174791aaf6db270c52da4d863ce9bc
data,PU,/home/jeffwork/data_pu/N09_M07_F10_KI01_19.mat,8718328,2015-09-18T11:03:17,e06bcf62da979273bfe791251d71f6a1c7ef97a710c830266a97eca22052bfea
data,PU,/home/jeffwork/data_pu/N09_M07_F10_KI01_2.mat,8714904,2015-09-18T10:54:01,98cc02d4f468d200b0230d76994453211a148ccec8ca4b80fb2cc9fc235d158a
data,PU,/home/jeffwork/data_pu/N09_M07_F10_KI01_20.mat,8718680,2015-09-18T11:03:52,b05386927957291babbcea1a156eafb5e8b6c67b8c116013bcbaa95b067b8aca
data,PU,/home/jeffwork/data_pu/N09_M07_F10_KI01_3.mat,8714904,2015-09-18T10:54:33,9d175818da704f9ce868e7ffcead3ab0df4c9573f43a2ef180949e623e6f1037
data,PU,/home/jeffwork/data_pu/N09_M07_F10_KI01_4.mat,8714904,2015-09-18T10:55:05,340402afa1949a55b6c9743fe88b20cf691635fc35df763b2c51797b1ab412c5
data,PU,/home/jeffwork/data_pu/N09_M07_F10_KI01_5.mat,8714904,2015-09-18T10:55:35,a0b5f779135bd1543d9b8960aeb5f6f16c38a3cc9dfb5b74623b2e869fefd6bb
data,PU,/home/jeffwork/data_pu/N09_M07_F10_KI01_6.mat,8714904,2015-09-18T10:56:07,92930c9d6ca0ac40afcfdfcc992c5684210026b8aff7c5b6035657ab19f83248
data,PU,/home/jeffwork/data_pu/N09_M07_F10_KI01_7.mat,8714904,2015-09-18T10:56:35,da509095c3a1ef2aada55925992da4ddd7fb0769809a243e21696eee075d69bf
data,PU,/home/jeffwork/data_pu/N09_M07_F10_KI01_8.mat,8723032,2015-09-18T10:57:06,9decfb98e5fa62cbca50fce2b404a48e02bb9711653087cf345901907f7dd1e1
data,PU,/home/jeffwork/data_pu/N09_M07_F10_KI01_9.mat,8714904,2015-09-18T10:57:43,8a26c402a4ab19db1b1c5fe7c98b63a65d5fd59ee4f19901a911d02355c648dd
data,PU,/home/jeffwork/data_pu/N09_M07_F10_KI03_1.mat,8717592,2014-06-04T11:24:58,9fc7bf258f1593250898c1b4b66d3687cdfa4475070e2fa4049c61b01a6af90d
data,PU,/home/jeffwork/data_pu/N09_M07_F10_KI03_10.mat,8714968,2014-06-04T11:36:18,c3b584f0083b25c747a826cbb3ad4801afd9be65d4ceeb83fde158f7c1e0afc2
data,PU,/home/jeffwork/data_pu/N09_M07_F10_KI03_11.mat,8714904,2014-06-04T11:36:46,a81d5df60f894def83d75fafe21817cd4576e143cecfdbea2062217dd126b862
data,PU,/home/jeffwork/data_pu/N09_M07_F10_KI03_12.mat,8714904,2014-06-04T11:37:14,1de9e2a923d42b807b727ae56a47dfa812c56959a3248f4d89f09b19fc3a4dc1
data,PU,/home/jeffwork/data_pu/N09_M07_F10_KI03_13.mat,8714872,2014-06-04T11:39:02,a95195463fc2ecc1c478709f7b18c4048fb11a3bef4b1ecf7cff3097d87a272c
data,PU,/home/jeffwork/data_pu/N09_M07_F10_KI03_14.mat,8714904,2014-06-04T11:40:04,43c348be0467481332b9a5add0e86edb59b1394f974cc292d2f545e5debccaf2
data,PU,/home/jeffwork/data_pu/N09_M07_F10_KI03_15.mat,8717768,2014-06-04T11:40:42,0c858763c8f6ffda424bdcc0079819c07dcacce7fb8f2890c1dda44c28e152bb
data,PU,/home/jeffwork/data_pu/N09_M07_F10_KI03_16.mat,8714904,2014-06-04T11:42:46,6885fd016b1e638b9c74ae6162c56c8bbe3348ecbf46d3ac40970fa7b6315ced
data,PU,/home/jeffwork/data_pu/N09_M07_F10_KI03_17.mat,8714904,2014-06-04T11:43:42,6470181d63215309fb6c416333374c650a48df9e52705beae8f5ee0aa5d631cc
data,PU,/home/jeffwork/data_pu/N09_M07_F10_KI03_18.mat,8714840,2014-06-04T11:44:10,6040020267c0bafacba3c049dc3415f658dfeebf8b89372d2426d00aa4765570
data,PU,/home/jeffwork/data_pu/N09_M07_F10_KI03_19.mat,8714840,2014-06-04T11:47:58,31d3ba555740635e23f23e409e83a93fec1050b6703ec33d58039a21641daa5c
data,PU,/home/jeffwork/data_pu/N09_M07_F10_KI03_2.mat,8725240,2014-06-04T11:25:42,d507c8d822d50aa25887b20b70e6fd58af5a3692cdf4d7e3044722cb3f26c573
data,PU,/home/jeffwork/data_pu/N09_M07_F10_KI03_20.mat,8714872,2014-06-04T11:48:22,9cb3ad8491d7c513c5f6baf5e8e33031390968c16cbab5b1e636c6e76f142f16
data,PU,/home/jeffwork/data_pu/N09_M07_F10_KI03_3.mat,8714968,2014-06-04T11:29:34,e698e0278d1682159794f75cfa9d8d994baa3583136edd9fbd315410cf66f1b9
data,PU,/home/jeffwork/data_pu/N09_M07_F10_KI03_4.mat,8714904,2014-06-04T11:30:36,292c293c195df5929dcf7790d7bf81bd8859b9b1d29ea0a7db90ebe7bad2ba8b
data,PU,/home/jeffwork/data_pu/N09_M07_F10_KI03_5.mat,8714904,2014-06-04T11:32:06,028e7efed6ee3a04f6a128f3c8a26383e6830b512d32f2622aa459abf99fd19d
data,PU,/home/jeffwork/data_pu/N09_M07_F10_KI03_6.mat,8714968,2014-06-04T11:32:32,d707b2ad8f42132141fa10adc4121cecc605a3cd6345c8819c922b546735ddce
data,PU,/home/jeffwork/data_pu/N09_M07_F10_KI03_7.mat,8715192,2014-06-04T11:33:52,48047051e32003f27310e2c4b6c80a4ce1bcd8614f9a70e4b9df6d900968a0e0
data,PU,/home/jeffwork/data_pu/N09_M07_F10_KI03_8.mat,8717736,2014-06-04T11:35:18,962030f2cbeb0abad0ccebc6d5eb586c3975ebe6132f4d0bfd647c6499a5e9c6
data,PU,/home/jeffwork/data_pu/N09_M07_F10_KI03_9.mat,8714904,2014-06-04T11:35:48,e15b038934aaf6af6a8fa566b9a1b92e5e55159409a3760ac5fa7a3088233e6e
data,PU,/home/jeffwork/data_pu/N09_M07_F10_KI05_1.mat,8717600,2015-03-26T13:09:25,cd36e119bd9043dc6169d3c432a56ee811bfcdcedf7457d549d66e1c347dd1f5
data,PU,/home/jeffwork/data_pu/N09_M07_F10_KI05_10.mat,8714904,2015-03-26T13:14:13,ead689cc3238e203edf60688c2ee96e7730ee0f123da10f561264a25a1ff56aa
data,PU,/home/jeffwork/data_pu/N09_M07_F10_KI05_11.mat,8717832,2015-03-26T13:14:34,51405394fcc22855d9ff881a3ddcf697493bc438a905f92f65ff3189c665ea00
data,PU,/home/jeffwork/data_pu/N09_M07_F10_KI05_12.mat,8714904,2015-03-26T13:21:48,bfdb62f00c9d72f978df33912759ee94d97c997f6818ad6a8213cc548188e0bf
data,PU,/home/jeffwork/data_pu/N09_M07_F10_KI05_13.mat,8714872,2015-03-26T13:15:25,aa39b70dd76c2e585760870a2d240a878c90f3e911ec3c29b37b3b3bec86dfae
data,PU,/home/jeffwork/data_pu/N09_M07_F10_KI05_14.mat,8714904,2015-03-26T13:15:47,30f90b98eb06aeb15d5e7ccd5f7566b7e680a35075440462283e2e29d4f1644a
data,PU,/home/jeffwork/data_pu/N09_M07_F10_KI05_15.mat,8714872,2015-03-26T13:16:11,97a3a34f34390d9f7c7199442bc1c8a1d9996abccfcd62deb3f29b0130936e05
data,PU,/home/jeffwork/data_pu/N09_M07_F10_KI05_16.mat,8717848,2015-03-26T13:16:36,47d99e9e3c8f55220ac30ab5fc702932088574b58007a6f3cbed9e2e64cc8891
data,PU,/home/jeffwork/data_pu/N09_M07_F10_KI05_17.mat,8714872,2015-03-26T13:22:19,16a177f8314132bae4f6993ec4fc7671046096f12e4f4e626f2ca9b1364c5727
data,PU,/home/jeffwork/data_pu/N09_M07_F10_KI05_18.mat,8717368,2015-03-26T13:17:41,dc6c4dd20af7ee3ec8373864d21a748998d7bb4cfc474b8012ba247fd51df595
data,PU,/home/jeffwork/data_pu/N09_M07_F10_KI05_19.mat,8715032,2015-03-26T13:21:12,c34f3861da8223345b507c8f2363f547b9a959de3a051c9a69b9a74d8ec349ac
data,PU,/home/jeffwork/data_pu/N09_M07_F10_KI05_2.mat,8714904,2015-03-26T13:10:20,e2c7cb482ab588bd8befdf1209e979c041a12ce9277d63f3165e7ab6f7df8354
data,PU,/home/jeffwork/data_pu/N09_M07_F10_KI05_20.mat,8714840,2015-03-26T13:18:18,f99fbef9f41efdf01780e927d3ed12d7909e0e70dd5490e71f24f693aca81b3e
data,PU,/home/jeffwork/data_pu/N09_M07_F10_KI05_3.mat,8714904,2015-03-26T13:10:46,6bb903ab465e71c3a69fc1f764d10cafc4f4d2bda48140080133be32810e0859
data,PU,/home/jeffwork/data_pu/N09_M07_F10_KI05_4.mat,8714904,2015-03-26T13:19:05,f627de18597ec2898208aea2d0f615e4260f27d5dbe370358b235959bdcedd9f
data,PU,/home/jeffwork/data_pu/N09_M07_F10_KI05_5.mat,8714904,2015-03-26T13:11:36,bf084e9f5fe03fcbfc0f6696b0838cebd8c8e63956b59235213f509ae3aa03f3
data,PU,/home/jeffwork/data_pu/N09_M07_F10_KI05_6.mat,8714904,2015-03-26T13:12:18,ed5f4b90b775c34b9ef3578f77b360d64b003fe83e3a228309d9356b1f56eb48
data,PU,/home/jeffwork/data_pu/N09_M07_F10_KI05_7.mat,8822200,2015-03-26T13:12:41,cb6262ea4119398e3a98c5fa4bcf8183be9096734dd25e122ce6d90ad56ca336
data,PU,/home/jeffwork/data_pu/N09_M07_F10_KI05_8.mat,8714904,2015-03-26T13:13:17,0df6d6030a678961d35e207cd16189066f7dbb0943b06b1b5f7555e27e4127f9
data,PU,/home/jeffwork/data_pu/N09_M07_F10_KI05_9.mat,8717536,2015-03-26T13:13:48,3c9ec410ad722b4e5e79f3d35f925d51f8a8d8c92eb099a557db46b01733b61f
data,PU,/home/jeffwork/data_pu/N15_M01_F10_K001_1.mat,8717240,2015-09-17T20:08:23,84ff03769c3efa9cd2c3e0cbeefa60ed6bcec3436efa804637788a638b5f23f3
data,PU,/home/jeffwork/data_pu/N15_M01_F10_K001_10.mat,8725496,2015-09-17T20:13:19,a5c50eed5d13f968f61411933d9cc682523b6950796d52a40d9125a22e6027bb
data,PU,/home/jeffwork/data_pu/N15_M01_F10_K001_11.mat,8714904,2015-09-17T20:13:55,d2bc2b8f037990882d6381da2320a76bf60d93f34fe213e632237caae22aa1ca
data,PU,/home/jeffwork/data_pu/N15_M01_F10_K001_12.mat,8717752,2015-09-17T20:14:31,7232d6f92c9ab11e4eb8f924edc363714130bdc0a497d803fb858e5b9ad9923e
data,PU,/home/jeffwork/data_pu/N15_M01_F10_K001_13.mat,8750584,2015-09-17T20:15:10,0b595a9d38895433a81692d6230c70385a463c392afc59663e78d6cafa8151d1
data,PU,/home/jeffwork/data_pu/N15_M01_F10_K001_14.mat,8714904,2015-09-17T20:16:01,ce2eaefa7f4541ef86c8fd0409d13236106468f6f1e366ff70ededafb4cdb7da
data,PU,/home/jeffwork/data_pu/N15_M01_F10_K001_15.mat,8714904,2015-09-17T20:16:36,86dbdc90fbcd38e93290baa0894dfdb7f5156f5cfff4f4c269b851cedb25e339
data,PU,/home/jeffwork/data_pu/N15_M01_F10_K001_16.mat,8736600,2015-09-17T20:17:10,5183e821995cad2b434379eb705a6c9c5942f9c98c26162a1d66c44e8b9715b4
data,PU,/home/jeffwork/data_pu/N15_M01_F10_K001_17.mat,8714904,2015-09-17T20:17:48,819d0a272bee7eac94f5e4338271493a1f03925471e1a2f77974de42a7e31446
data,PU,/home/jeffwork/data_pu/N15_M01_F10_K001_18.mat,8714936,2015-09-17T20:18:17,bca9ff202a3617df324154f52717d580e495c4860106756d467eb3083686b844
data,PU,/home/jeffwork/data_pu/N15_M01_F10_K001_19.mat,8714936,2015-09-17T20:18:55,9be3c247d903671a6561a25cd893e5ba2128b97e74b38f915376b783e6da09e1
data,PU,/home/jeffwork/data_pu/N15_M01_F10_K001_2.mat,8714904,2015-09-17T20:08:52,a47179a2266ebb83132ccd844cc6b685cdfd5355c9d6fd53a13f1744d9e05304
data,PU,/home/jeffwork/data_pu/N15_M01_F10_K001_20.mat,8714872,2015-09-17T20:19:25,0d871f6b3467119a86dcdfcc504b0b0eb8d0ff95edf8393f1696c8001982a9b7
data,PU,/home/jeffwork/data_pu/N15_M01_F10_K001_3.mat,8714904,2015-09-17T20:09:22,2f385585e485962b0563651cae9c72c4ff178ceec5938950e0d87e2b754b9d94
data,PU,/home/jeffwork/data_pu/N15_M01_F10_K001_4.mat,8714904,2015-09-17T20:09:51,12746ba1bf85716ac7ae5c8e182792b412de83d82bf8daa0aef3ccf1ada3ad32
data,PU,/home/jeffwork/data_pu/N15_M01_F10_K001_5.mat,8714904,2015-09-17T20:10:22,19e5d6b775a3a810640adaef02354bced5f5dcb70f93b351f299ed92f1d96e91
data,PU,/home/jeffwork/data_pu/N15_M01_F10_K001_6.mat,8733432,2015-09-17T20:11:00,81c8b9b5cd1dc659c34ee10aff3bd997ee316202a1fd1c076dcd105c79895c1a
data,PU,/home/jeffwork/data_pu/N15_M01_F10_K001_7.mat,8714904,2015-09-17T20:11:32,8abfac8489a9747914ed5cc30fa7c1c5eba2625815772385a9133c83a49e8c80
data,PU,/home/jeffwork/data_pu/N15_M01_F10_K001_8.mat,8714904,2015-09-17T20:12:14,f9766972b8b0bb1d6aa191b616e708f468d37205cc9c7e8e77c42388f7f65042
data,PU,/home/jeffwork/data_pu/N15_M01_F10_K001_9.mat,8714904,2015-09-17T20:12:49,3f37ff5bed1f4986fa55ee4ae16d2dfb6e6dfd281fb3f09cd5d983e6749c9765
data,PU,/home/jeffwork/data_pu/N15_M01_F10_K002_1.mat,8883352,2015-03-25T17:24:43,f2797493d7bfcabd4f78a9137e7f97e08dfd1ef6aec72e482b007c69e900d2f4
data,PU,/home/jeffwork/data_pu/N15_M01_F10_K002_10.mat,9861976,2015-03-25T17:28:38,9186f4895119701ea4d3369e719b9ba6a45b1eacc6ae8df5474f28fa8ce791f9
data,PU,/home/jeffwork/data_pu/N15_M01_F10_K002_11.mat,8715000,2015-03-25T17:29:03,21141b1a2626f339d3c539e228c97c2dd4369cfe735b912ecc5ba5af55c77a53
data,PU,/home/jeffwork/data_pu/N15_M01_F10_K002_12.mat,8714904,2015-03-25T17:29:33,bb4e29bfc1b3de4aad47a531acb640c2855c7f68ea10859134f48b8fa7ec1276
data,PU,/home/jeffwork/data_pu/N15_M01_F10_K002_13.mat,8714904,2015-03-25T17:34:08,1bee0a25aabc5692c40553fac46a98febb73a975bcee3b3417ef2c63e76359d0
data,PU,/home/jeffwork/data_pu/N15_M01_F10_K002_14.mat,8714904,2015-03-25T17:30:11,aa31b37abf61d0f0c51a2a138bec4de2dc579f531e22c079d7adf1b64469c934
data,PU,/home/jeffwork/data_pu/N15_M01_F10_K002_15.mat,8714968,2015-03-25T17:30:32,65c57783c3c7456725145b5c1f47663daa7503a127c5d496cd8f6d00e8d85069
data,PU,/home/jeffwork/data_pu/N15_M01_F10_K002_16.mat,8714936,2015-03-25T17:34:48,82cc03c73f56b86c9a096a691db7eaaa3904cfc748bd5d24278f9b19f0a87b6e
data,PU,/home/jeffwork/data_pu/N15_M01_F10_K002_17.mat,8714904,2015-03-25T17:31:08,31fb3bce4383397cff771b2189bfc92c208f49355ea1e0fa2ee73bdda25466b8
data,PU,/home/jeffwork/data_pu/N15_M01_F10_K002_18.mat,8714904,2015-03-25T17:31:30,c2cc174d7e75fdd7396953b2cc87d63f79215cf2003c41c14eb5d9714f9c6ad5
data,PU,/home/jeffwork/data_pu/N15_M01_F10_K002_19.mat,8714904,2015-03-25T17:35:46,dc9b3b60982d702610bd31e79173b29b779ea8c868c57fdad2b8b7e65929181a
data,PU,/home/jeffwork/data_pu/N15_M01_F10_K002_2.mat,8714904,2015-03-25T17:32:50,51867f87e33af5c78d9f3321d413153490887aeb7a7edf23b18a614b1315bebb
data,PU,/home/jeffwork/data_pu/N15_M01_F10_K002_20.mat,8714872,2015-03-25T17:32:07,cd2fc8d8535069e8961de44f92573f3768f1adf0dc0b88e4fae8e5c0cb56bf7e
data,PU,/home/jeffwork/data_pu/N15_M01_F10_K002_3.mat,8714904,2015-03-25T17:25:48,9a1e624892876e4b3499b3b41d3e95d68b8fc6ca0ef1ec155a0362e3f47b70f9
data,PU,/home/jeffwork/data_pu/N15_M01_F10_K002_4.mat,8714904,2015-03-25T17:26:16,86001098a9725b105bf50f3d2b9727151cffc15c3383930073d98e32347f67ae
data,PU,/home/jeffwork/data_pu/N15_M01_F10_K002_5.mat,8714968,2015-03-25T17:26:42,93c0fb87e08a017e8e864a27ad066a2d5a58efa3f0aa5ca80703dbf8f6170c6d
data,PU,/home/jeffwork/data_pu/N15_M01_F10_K002_6.mat,8714904,2015-03-25T17:27:09,741ce6600425afef4e14c6540364eaceeab8cb5c8187746c52b07a24dee8cb55
data,PU,/home/jeffwork/data_pu/N15_M01_F10_K002_7.mat,8714904,2015-03-25T17:37:11,653388fdf2a87b25dd9fd62b278d90024ddda6c88030ced625c9d7b55774a515
data,PU,/home/jeffwork/data_pu/N15_M01_F10_K002_8.mat,8714904,2015-03-25T17:33:40,e4f2e073385948d446531619e5b8671c189d45dae9e6179973d8f1e40a084d4c
data,PU,/home/jeffwork/data_pu/N15_M01_F10_K002_9.mat,8714968,2015-03-25T17:28:14,06c33c0303678aebbefe2ed0a82be33b32521e9fe8edc85021cffe53a0043c54
data,PU,/home/jeffwork/data_pu/N15_M01_F10_KA04_1.mat,8725496,2014-06-10T19:05:55,060dc5acbcab35a2aaad7d19be4b771e993a29f5b927d66bec96d23a972fd040
data,PU,/home/jeffwork/data_pu/N15_M01_F10_KA04_10.mat,8714872,2014-06-10T19:14:09,1588ff7ef3c852798ec068f8e652d837bb09affdf1940002e544cccbdffd1cb6
data,PU,/home/jeffwork/data_pu/N15_M01_F10_KA04_11.mat,8714904,2014-06-10T19:15:23,02eae278f8fdfb86b6c219237b704e67f9c6be625c3eb8ff96ef8d0b4ba8a984
data,PU,/home/jeffwork/data_pu/N15_M01_F10_KA04_12.mat,8715000,2014-06-10T19:15:55,cd212392a951ad3967ac1a608b5da2dd917876e77288588026123a3715130771
data,PU,/home/jeffwork/data_pu/N15_M01_F10_KA04_13.mat,8718024,2014-06-10T19:16:18,5dd156e8b8ae2573588b3d8777d34ebec8076d33cdf95df1fb2f53eba9ce76e3
data,PU,/home/jeffwork/data_pu/N15_M01_F10_KA04_14.mat,8714904,2014-06-10T19:16:50,a7a7f73d6d9c311a061ed52ec33408a52510292452b17ee9659db05170f979be
data,PU,/home/jeffwork/data_pu/N15_M01_F10_KA04_15.mat,8714904,2014-06-10T19:17:15,5fbcbc4878ef241194fc2e0a1272b8e4de90d4250626e7e586e6ea137fe473d0
data,PU,/home/jeffwork/data_pu/N15_M01_F10_KA04_16.mat,8930392,2014-06-10T19:20:34,b886539a9c81963cf2e10bf854f5d5724dad9942bbafa28d25d9f062ac880300
data,PU,/home/jeffwork/data_pu/N15_M01_F10_KA04_17.mat,8714840,2014-06-10T19:19:52,0ba9e3295602442fbf6d94e167e147c5a14ff701a942178ba9753d952198dbd9
data,PU,/home/jeffwork/data_pu/N15_M01_F10_KA04_18.mat,8739576,2014-06-10T19:21:04,c53bbbc671a0cac0a09447f98d0c53652554a2476e29bf2a8735bd4c6c1e2788
data,PU,/home/jeffwork/data_pu/N15_M01_F10_KA04_19.mat,8717880,2014-06-10T19:23:19,b31bbd4691088049edbffe2d81996e3aa8b9802eb7b9c38ff6ea0bd47b736644
data,PU,/home/jeffwork/data_pu/N15_M01_F10_KA04_2.mat,8714936,2014-06-10T19:09:04,c0d941668d8f08ab37c3d2c248a43abbed2faea28b7823e1a3efeec29eb139dc
data,PU,/home/jeffwork/data_pu/N15_M01_F10_KA04_20.mat,8714904,2014-06-10T19:24:12,03f54970468b72ff072b363993f3692f88b83c1b9ad18b6f7c2e08c48b9e1b94
data,PU,/home/jeffwork/data_pu/N15_M01_F10_KA04_3.mat,8714904,2014-06-10T19:06:51,35c5de1a76b9016de9efda509006d91d9446e25765f6478a4d46914b4c8f4d98
data,PU,/home/jeffwork/data_pu/N15_M01_F10_KA04_4.mat,8717672,2014-06-10T19:09:29,51aeb6a22b9d40bf7ef5e42e71fd6b4034374cf51f0b782ecb440dbfbbca81db
data,PU,/home/jeffwork/data_pu/N15_M01_F10_KA04_5.mat,8714904,2014-06-10T19:12:17,e2b542b321ecfb15233795903eae2b45bc2d72c42d7cb5066952213e77f87ac9
data,PU,/home/jeffwork/data_pu/N15_M01_F10_KA04_6.mat,8714872,2014-06-10T19:11:04,3dc2c37b145360898d8a6a2541bb80ca116fffb9e531e5601c9264479cbe4e4f
data,PU,/home/jeffwork/data_pu/N15_M01_F10_KA04_7.mat,8715000,2014-06-10T19:12:46,74162e7f1fc9def576f6be6e6ace82c1a9de2d84ba2bf810cdfaeba50c0d2f95
data,PU,/home/jeffwork/data_pu/N15_M01_F10_KA04_8.mat,8714904,2014-06-10T19:13:10,5586b2998e1b38c02d6f1b7a87b8687d724d63d14a97104f794a1007e7d4c71a
data,PU,/home/jeffwork/data_pu/N15_M01_F10_KA04_9.mat,8717704,2014-06-10T19:13:48,47079f51fbc2a1a01dc0b12e33e032594df115c969838551cd146ed5348e2e0c
data,PU,/home/jeffwork/data_pu/N15_M01_F10_KA15_1.mat,8714872,2014-07-29T15:31:58,62f2314fe5a0df95834213bffeaeaf77ed983c7b99e6dc3704c531b0f5b347de
data,PU,/home/jeffwork/data_pu/N15_M01_F10_KA15_10.mat,8714872,2014-07-29T15:38:58,05c1667f823155490ab0c05e2e594b729126d40153c3e95aad92b2169ab844b2
data,PU,/home/jeffwork/data_pu/N15_M01_F10_KA15_11.mat,8728888,2014-07-29T15:39:21,e482eee93c8af9a3d609732d39bcdfbd648d23765a138bb695ec66f2c76a84c6
data,PU,/home/jeffwork/data_pu/N15_M01_F10_KA15_12.mat,8714872,2014-07-29T15:40:22,8ca258c80b402c43f095cf086f8169e2d3fe609bf45ea6e92e908ee80999fd7e
data,PU,/home/jeffwork/data_pu/N15_M01_F10_KA15_13.mat,8714776,2014-07-29T15:40:44,17df9fd8a0b89143d8b81799af33e6c9b34cb2f5758c0d8c5c5dc1a5e7395074
data,PU,/home/jeffwork/data_pu/N15_M01_F10_KA15_14.mat,8714936,2014-07-29T15:41:55,1de80dcf52d9339019901eeacc38433e7f872469dbc24da07b7979759108dbd2
data,PU,/home/jeffwork/data_pu/N15_M01_F10_KA15_15.mat,8715000,2014-07-29T15:42:19,474c2bec2cbab1f7375107ecc41ad46166bb30220efbdee91b1f75d6abbc203c
data,PU,/home/jeffwork/data_pu/N15_M01_F10_KA15_16.mat,8715000,2014-07-29T15:43:08,66816c16d127efba6bb4fd57b2ae0eb66d9e8be932dcbafe2b1a29f44ed95bf2
data,PU,/home/jeffwork/data_pu/N15_M01_F10_KA15_17.mat,8714904,2014-07-29T15:43:32,29ca4be958b4f2bbb35927d95c12d86c86f4b28fd6752acccfce3174bca31c0c
data,PU,/home/jeffwork/data_pu/N15_M01_F10_KA15_18.mat,8714872,2014-07-29T15:43:57,30f3ad282403724dc075ea3daee78ed84a8f0d6ea34daaa7c3df798fe3a7f747
data,PU,/home/jeffwork/data_pu/N15_M01_F10_KA15_19.mat,8714872,2014-07-29T15:44:22,1b0946dd6cb0e679b9ff0f0cd7c14bb852fac8bb17ff929f4f50ba149333e9ca
data,PU,/home/jeffwork/data_pu/N15_M01_F10_KA15_2.mat,8714968,2014-07-29T15:32:46,8217c51feabac9bfe99ff476f6b507c8c505e44a9c72f95c537a341622b21630
data,PU,/home/jeffwork/data_pu/N15_M01_F10_KA15_20.mat,8757016,2014-07-29T15:44:46,9cf1a59759e4737286a73e1355b5f32df2e58f9da4da00569fbfdf7359199dab
data,PU,/home/jeffwork/data_pu/N15_M01_F10_KA15_3.mat,8715032,2014-07-29T15:33:35,6fd1435f1107f771a683790d2ce4e8e5ddd16bdd5130b7e765161225037ce576
data,PU,/home/jeffwork/data_pu/N15_M01_F10_KA15_4.mat,8717576,2014-07-29T15:34:33,9374650be2a3aa32c6de30d29d8b3c0cdb1ed263f25ac14822714c39f14a0562
data,PU,/home/jeffwork/data_pu/N15_M01_F10_KA15_5.mat,8714904,2014-07-29T15:35:00,fe3e06beebc6a1b5374909ca394664f75c199d4abf39a974fc2414e4f821df0a
data,PU,/home/jeffwork/data_pu/N15_M01_F10_KA15_6.mat,8714904,2014-07-29T15:36:13,6f8479fdc905007b9bd74d43ecff5d636b0bb1da47d6b125a3939599d59de067
data,PU,/home/jeffwork/data_pu/N15_M01_F10_KA15_7.mat,8714904,2014-07-29T15:36:37,8c9deb174db3656ae9300c30be925b7e12906371989b4a737e38141785f69a4d
data,PU,/home/jeffwork/data_pu/N15_M01_F10_KA15_8.mat,8714904,2014-07-29T15:37:01,6a557c0f57b4150fb1893062ce574243baf80bf109c8dfa3497b4991d638bcbf
data,PU,/home/jeffwork/data_pu/N15_M01_F10_KA15_9.mat,8717768,2014-07-29T15:38:13,25d500bd29fdc84a98326c017d9a7b68d1b8dab214a6d415e4bbc08444b2d5c1
data,PU,/home/jeffwork/data_pu/N15_M01_F10_KB23_1.mat,8714872,2015-03-25T14:06:55,f095c5324a97df014e763daa9ffd8b1b22758f5c9f9c4258a22bb0dcef16ada4
data,PU,/home/jeffwork/data_pu/N15_M01_F10_KB23_10.mat,8717592,2015-03-25T14:11:03,5654a53e03701ed9e6d4374581bc902aa4e8204855000c1ce3d67af0cda47825
data,PU,/home/jeffwork/data_pu/N15_M01_F10_KB23_11.mat,8717720,2015-03-25T14:11:36,4fe3bdbfad6263f2af0bd8ddb2a5727c1ebc1df3539511b31796d4ac983b340c
data,PU,/home/jeffwork/data_pu/N15_M01_F10_KB23_12.mat,8714904,2015-03-25T14:12:14,c9593307cc5cfe7b901869b2c9b077b7df910cc44440f25472049f7bc59ed7f4
data,PU,/home/jeffwork/data_pu/N15_M01_F10_KB23_13.mat,8915512,2015-03-25T14:12:35,8287bc74d8fdd951bf08d2d8ad0e3143aa1c3b65973071a78af7692d565f3274
data,PU,/home/jeffwork/data_pu/N15_M01_F10_KB23_14.mat,8714872,2015-03-25T14:12:59,ac686eab100f18e7563520272844b2934b02c8ba59cb19f8f43a54683ce9979e
data,PU,/home/jeffwork/data_pu/N15_M01_F10_KB23_15.mat,8714904,2015-03-25T14:18:25,e80e3363e811649fbdba51f00b89bf1a4254178c19ede21953bdf31f92b89986
data,PU,/home/jeffwork/data_pu/N15_M01_F10_KB23_16.mat,8714904,2015-03-25T14:13:43,fbb1157d0ca1c3eb21e7aae461efa8b7c4cf991cb361e00413f21c281c2427cc
data,PU,/home/jeffwork/data_pu/N15_M01_F10_KB23_17.mat,8714936,2015-03-25T14:19:20,ffef5291c2c0673072e90844a5f9f05c9ff51c245753e6e353acccc794c919be
data,PU,/home/jeffwork/data_pu/N15_M01_F10_KB23_18.mat,8714904,2015-03-25T14:14:31,1ae13ce5ec4c181606e574722824239681e8df6a721e2960dec711f97635cdad
data,PU,/home/jeffwork/data_pu/N15_M01_F10_KB23_19.mat,9562072,2015-03-25T14:15:09,0a6322cddd69328c3350df51402a7ca74b951eda2cb80b33faaa726886ecde23
data,PU,/home/jeffwork/data_pu/N15_M01_F10_KB23_2.mat,8714936,2015-03-25T14:07:23,792ceef8e72a1c92d6024e3315c4f718af4a80138fe2cdd01c5ff381cce06ecb
data,PU,/home/jeffwork/data_pu/N15_M01_F10_KB23_20.mat,8714904,2015-03-25T14:16:36,b4b2d2826f7beb183bc0e5a3851cd2124091ccbc94e42a2fa2ab69e405507acd
data,PU,/home/jeffwork/data_pu/N15_M01_F10_KB23_3.mat,8720056,2015-03-25T14:08:02,5dcb3c8da2adc6fa64992edf01fd66ba561a9241b11939b0c07e0c4a10b34e82
data,PU,/home/jeffwork/data_pu/N15_M01_F10_KB23_4.mat,8714936,2015-03-25T14:08:34,6c82f5f8b5eca70d17b4be3f8fcd3f929cc3ecc3721946698a8896013c823ba5
data,PU,/home/jeffwork/data_pu/N15_M01_F10_KB23_5.mat,8714840,2015-03-25T14:08:58,d9e62cb72a1e6b0a731d533b8b3f78ba2d25cdd2e0ed60301c96351a91f04dc2
data,PU,/home/jeffwork/data_pu/N15_M01_F10_KB23_6.mat,8714936,2015-03-25T14:17:27,a59aa316db1a43bb6b3e1b0e9297d05ab3803899ded6e3244d4a4edeec237bc2
data,PU,/home/jeffwork/data_pu/N15_M01_F10_KB23_7.mat,8714872,2015-03-25T14:09:46,b5758ce8e064744f45a70e211a3770a9856e0b8c29d0103ecbae51933350dfc1
data,PU,/home/jeffwork/data_pu/N15_M01_F10_KB23_8.mat,8729112,2015-03-25T14:10:09,9e13a09b946f6ea27c000e0ea2c6205f4ffdc670177aadb2338e84e679c67b7b
data,PU,/home/jeffwork/data_pu/N15_M01_F10_KB23_9.mat,8714872,2015-03-25T14:10:36,9efeeb4997107611bfe6c301272035d6db621b58df6a15de2622c1b58e2667a4
data,PU,/home/jeffwork/data_pu/N15_M01_F10_KB24_1.mat,8714872,2015-09-21T11:46:00,7d5e08c1a0460993b0ab1be189cf881042196d2cd2f0534978cf2dca37833d69
data,PU,/home/jeffwork/data_pu/N15_M01_F10_KB24_10.mat,8714904,2015-09-21T11:50:39,71b3eb8b4ccf29b4a3beb5119ddb159a94266cbb5d9d49a6c904c4829edce7be
data,PU,/home/jeffwork/data_pu/N15_M01_F10_KB24_11.mat,8720952,2015-09-21T11:51:12,0993e127734de2ea4b42d5c3a64f1d21411dba82ff6ff6bc383ac387f7a5cb53
data,PU,/home/jeffwork/data_pu/N15_M01_F10_KB24_12.mat,8714904,2015-09-21T11:51:42,b9689cdf3c18947457f7b4b48cf54c478e7e4c461d023d02c45792c3df1628b9
data,PU,/home/jeffwork/data_pu/N15_M01_F10_KB24_13.mat,8718552,2015-09-21T11:52:18,882daa0b925b0e7d62c416cba0235e66ee9eb1a38cec81473d6c406c383c43f3
data,PU,/home/jeffwork/data_pu/N15_M01_F10_KB24_14.mat,8714872,2015-09-21T11:52:47,9954cf9541f5777cce052173a9982416e91ed3cfdcb96c464028bb23512d726d
data,PU,/home/jeffwork/data_pu/N15_M01_F10_KB24_15.mat,8718968,2015-09-21T11:53:16,2f5af47bf7efad8f6c8e97b80a95a9b8a52a6c8d50c7f9af9d8e5f5db92d37a8
data,PU,/home/jeffwork/data_pu/N15_M01_F10_KB24_16.mat,8740056,2015-09-21T11:53:52,5e3c0e8954cb4933a91757717650ec97fbcfb9701af9e51f8f8368526e4744b7
data,PU,/home/jeffwork/data_pu/N15_M01_F10_KB24_17.mat,8714904,2015-09-21T11:54:19,20639c3e88a86fc3d8927e03676333089286d1a0cff59aab44a1365c3b5e7677
data,PU,/home/jeffwork/data_pu/N15_M01_F10_KB24_18.mat,8956472,2015-09-21T11:54:48,f67cada834622f788472d8c0a73e5383257e5e5ace2dc7afe922a1c838260fd7
data,PU,/home/jeffwork/data_pu/N15_M01_F10_KB24_19.mat,8769144,2015-09-21T11:55:19,4f97b13bc48338e6d1d9fc68796764cbc92ceb9be75529efd7c8bf3264635f65
data,PU,/home/jeffwork/data_pu/N15_M01_F10_KB24_2.mat,8717816,2015-09-21T11:46:32,90cc79eaead7e6204cb5ac005e01f75d3e72238f5ef8a81f61874b85fc230785
data,PU,/home/jeffwork/data_pu/N15_M01_F10_KB24_20.mat,8714904,2015-09-21T11:55:47,ca50a3a793b96ef3e86950357ba69122a5388fa28e59ead9e6e1e0e8564f0163
data,PU,/home/jeffwork/data_pu/N15_M01_F10_KB24_3.mat,8714904,2015-09-21T11:47:01,25efd77c7d77d5eb6a300cc0d16aec4d0fc429b10b335285ab16c38027ab7c77
data,PU,/home/jeffwork/data_pu/N15_M01_F10_KB24_4.mat,8714904,2015-09-21T11:47:29,1c6d28c9985ea54bc44e1365cf177232fa94b1185204626bd5c721891090fba9
data,PU,/home/jeffwork/data_pu/N15_M01_F10_KB24_5.mat,8747096,2015-09-21T11:48:00,978824525b80599dc7bd08949cc24b2a7b760f094cd420b44efab94a9d5e7217
data,PU,/home/jeffwork/data_pu/N15_M01_F10_KB24_6.mat,8718080,2015-09-21T11:48:33,bf2e0315f9d22b1e665982b4f06a5a54aca1afb34f283c2000477cd0ba852959
data,PU,/home/jeffwork/data_pu/N15_M01_F10_KB24_7.mat,8717880,2015-09-21T11:49:04,a3a6215d12df91e4b5051da148d435bbb4a55b428c371e8e0193076cc3d46106
data,PU,/home/jeffwork/data_pu/N15_M01_F10_KB24_8.mat,8715576,2015-09-21T11:49:39,e3448c5da3cc7f474a508faafce7f495a5df4012a62a5820974698daee071cd1
data,PU,/home/jeffwork/data_pu/N15_M01_F10_KB24_9.mat,8718040,2015-09-21T11:50:11,7a537912fea9341aca4f7a2ccab8bbcc85e0ba9072b9e299436aae6c6bfdf4c0
data,PU,/home/jeffwork/data_pu/N15_M01_F10_KB27_1.mat,8714904,2014-08-07T10:32:56,1e854c86b773ba7e29018971f74fd8c85950e702a533f252c87f68dae355dfc0
data,PU,/home/jeffwork/data_pu/N15_M01_F10_KB27_10.mat,8714872,2014-08-07T10:40:00,46a1608c08e54876e9a8a5e3762a4d4775a92b757a20e7ea297fa063a4d0e2e2
data,PU,/home/jeffwork/data_pu/N15_M01_F10_KB27_11.mat,8714904,2014-08-07T10:40:25,edce3a445d5912118f2187916851b4a09e47b6f6220c5e2feebd11c1cd8e7212
data,PU,/home/jeffwork/data_pu/N15_M01_F10_KB27_12.mat,9803736,2014-08-07T10:40:53,02c3cec1d52961f5dfbc10c3bc8e5142c992585482c2957ac76a810ddc44169c
data,PU,/home/jeffwork/data_pu/N15_M01_F10_KB27_13.mat,8714936,2014-08-07T10:42:27,2913635a6097108d4fbb677d8e5bfebaad0744579475389d029e4d18a9134773
data,PU,/home/jeffwork/data_pu/N15_M01_F10_KB27_14.mat,8714872,2014-08-07T10:42:52,cde4236d2b4e2431b8f8d39ca928a4ecb00777b747ac041f19a57e5440466914
data,PU,/home/jeffwork/data_pu/N15_M01_F10_KB27_15.mat,8717704,2014-08-07T10:43:17,32e5c715a2cad58a241d9f75689ad8e808e4df152272b320853df533aeff6039
data,PU,/home/jeffwork/data_pu/N15_M01_F10_KB27_16.mat,8720664,2014-08-07T10:43:52,5dc2782a8cea0849d15084aa6bd9b1d1a5a108fc6660f07b09d14c2845d4bdc7
data,PU,/home/jeffwork/data_pu/N15_M01_F10_KB27_17.mat,8714904,2014-08-07T10:44:19,07dfc70ac9b8ff5a41ffa4f37317e08d8af2e1f27e8e215750d436ecb056644d
data,PU,/home/jeffwork/data_pu/N15_M01_F10_KB27_18.mat,8714904,2014-08-07T10:44:48,9b2352804649a211239f476ebf7cabc3b4619d9188f78bfe03e9253d9f405616
data,PU,/home/jeffwork/data_pu/N15_M01_F10_KB27_19.mat,8714872,2014-08-07T10:45:14,4ad322d4ac3d651999a65739b77c840bc10177bdb1c8c0d8133772034035717b
data,PU,/home/jeffwork/data_pu/N15_M01_F10_KB27_2.mat,8810968,2014-08-07T10:33:24,02289977a97640d49f829710839dd7659b71fa6df75353b70c14ed32ba985706
data,PU,/home/jeffwork/data_pu/N15_M01_F10_KB27_20.mat,8717928,2014-08-07T10:45:41,66fe812a49c709781c36283b07505d4755d49771568291454066f27d76216915
data,PU,/home/jeffwork/data_pu/N15_M01_F10_KB27_3.mat,8714904,2014-08-07T10:35:28,a6aa3d0f728538b4d8f257762fd7fc6c244316840d82f078b16ec74e7dac4942
data,PU,/home/jeffwork/data_pu/N15_M01_F10_KB27_4.mat,8714904,2014-08-07T10:36:33,3d63af6663f57f956c044c0a523a9794c2de41df17d2febdd1d3a67ae89a65d5
data,PU,/home/jeffwork/data_pu/N15_M01_F10_KB27_5.mat,8714904,2014-08-07T10:36:57,abbc231741d733a7ece6689faf4045157f3abe69f82866b7eef4a07a1080cdd5
data,PU,/home/jeffwork/data_pu/N15_M01_F10_KB27_6.mat,8714872,2014-08-07T10:37:24,8c1353e3abd2516e811fb3c9430153f4588880c3e8bddfccbb537185791f6627
data,PU,/home/jeffwork/data_pu/N15_M01_F10_KB27_7.mat,8717896,2014-08-07T10:37:52,1277e357212c303e4680649b7abe1e92d1e09c3de189a4b77397cadbbf120c2a
data,PU,/home/jeffwork/data_pu/N15_M01_F10_KB27_8.mat,9512184,2014-08-07T10:38:46,816c88e673237fa65a210451d8891fa2c995b0831c39a9566ce1b2563c11146b
data,PU,/home/jeffwork/data_pu/N15_M01_F10_KB27_9.mat,8714904,2014-08-07T10:39:11,c292f44de1ff08a7239d6a62370d2625ea62cbdd0927212c7c0111945ecbfe07
data,PU,/home/jeffwork/data_pu/N15_M01_F10_KI01_1.mat,8740728,2015-09-18T11:05:59,a7b69399749e07b82648fd730613db60e639cbe55ea892447eda433ab459094d
data,PU,/home/jeffwork/data_pu/N15_M01_F10_KI01_10.mat,8799224,2015-09-18T11:10:46,13ba72e8ff278f3f497bf34d2cd3f595164d3818e46a0a91ba9c9f53f123f9f6
data,PU,/home/jeffwork/data_pu/N15_M01_F10_KI01_11.mat,8714904,2015-09-18T11:11:14,0bd7c597a270ea4d1c9c18717919bc1793222804980f894fb34b2a1fff2563b1
data,PU,/home/jeffwork/data_pu/N15_M01_F10_KI01_12.mat,8717760,2015-09-18T11:17:27,79c0fb24cc17cc0f63f586cf25ed752916a071743877f3e1c7f0c80c75c2baca
data,PU,/home/jeffwork/data_pu/N15_M01_F10_KI01_13.mat,8714904,2015-09-18T11:12:14,9340673e82a3ed2b86971252af47c7d75ef40b4d80d362c6989245e8e3ed42c2
data,PU,/home/jeffwork/data_pu/N15_M01_F10_KI01_14.mat,8750232,2015-09-18T11:12:50,6aa8210c25140f8a39e6bb5e9055a463d25cd63ecfd09a25982880aacc04d952
data,PU,/home/jeffwork/data_pu/N15_M01_F10_KI01_15.mat,8750840,2015-09-18T11:13:33,48532ee7acfe07466f22f35a06b90af39757b07a0ed6793fbb1ea2a3ffa65d12
data,PU,/home/jeffwork/data_pu/N15_M01_F10_KI01_16.mat,8756024,2015-09-18T11:14:06,b6ad7187b5897903424baf0b77c1917d8a10044eac66aff9763fb5a5c8fcd3c2
data,PU,/home/jeffwork/data_pu/N15_M01_F10_KI01_17.mat,8714904,2015-09-18T11:14:35,06a5f2c531d02d3a2d7fc6cf49d5a91d894a272bfeec3af803d6efffc71fb927
data,PU,/home/jeffwork/data_pu/N15_M01_F10_KI01_18.mat,8732608,2015-09-18T11:15:10,c0fea8eb12a80705a3a43000569353065880f66bd8f6387f220dfb84bd8f3148
data,PU,/home/jeffwork/data_pu/N15_M01_F10_KI01_19.mat,8714904,2015-09-18T11:15:40,bf767a6b94bdbbe3ed7aa91e9ad639c5188f133c0c2950ac938b4bd36054b98d
data,PU,/home/jeffwork/data_pu/N15_M01_F10_KI01_2.mat,8714904,2015-09-18T11:06:28,fdf8b10f5cb06fcda4c5913fa3f01e831c6abac4a1711f839662b58e9ad57835
data,PU,/home/jeffwork/data_pu/N15_M01_F10_KI01_20.mat,8714904,2015-09-18T11:16:08,791819c84f58832587c95619076838a4f1685f5669f819cd02c8c88d65a51ce3
data,PU,/home/jeffwork/data_pu/N15_M01_F10_KI01_3.mat,8717720,2015-09-18T11:07:00,6266347e56c21354bd05cc8ff0b916f67ec0baa0917b476a3d19688f05b325c8
data,PU,/home/jeffwork/data_pu/N15_M01_F10_KI01_4.mat,8737528,2015-09-18T11:07:35,82b92867a0be4a8867fbbdbb8ee113d72a4c3fe4b171ffc30b50fc76dd4baa6d
data,PU,/home/jeffwork/data_pu/N15_M01_F10_KI01_5.mat,8718112,2015-09-18T11:08:05,c5c90699737d3d45a5e39e9b529d49acc3fa627789375c63abeca1c967d63f02
data,PU,/home/jeffwork/data_pu/N15_M01_F10_KI01_6.mat,8732088,2015-09-18T11:08:38,41c6a66e104f6bb46cb1a08a3710665f52ebe8c48945b038745b0f25cf6eff4a
data,PU,/home/jeffwork/data_pu/N15_M01_F10_KI01_7.mat,8719576,2015-09-18T11:09:09,e13d7cb88740073833d82c540343954de857b2b635929d65528eead62ccb67cd
data,PU,/home/jeffwork/data_pu/N15_M01_F10_KI01_8.mat,8737240,2015-09-18T11:09:43,7b107f0bc07eb3fa137447e95029760b47676d544d3a4e2d70e40a7ea9ce31ed
data,PU,/home/jeffwork/data_pu/N15_M01_F10_KI01_9.mat,8718328,2015-09-18T11:10:16,674421d6301f3d3692e4eeb4d310ed1792c0d343041e5ff2f953b31373ceff66
data,PU,/home/jeffwork/data_pu/N15_M01_F10_KI03_1.mat,8717768,2014-06-04T11:52:58,fa78d1c3ab352c44ec0c77f88a60729f880b4b7ec4f8349f8085251b2affe06e
data,PU,/home/jeffwork/data_pu/N15_M01_F10_KI03_10.mat,8913208,2014-06-04T12:04:40,bd24f6ab85a1cc8762633cfcc2075aa108bc242ffe01543cea601c2eb018a080
data,PU,/home/jeffwork/data_pu/N15_M01_F10_KI03_11.mat,8715000,2014-06-04T12:05:06,aea81aae9bae3f8ad1588080d6198ef02ed77e54c3de274b6e3d741f2bec68d0
data,PU,/home/jeffwork/data_pu/N15_M01_F10_KI03_12.mat,9248888,2014-06-04T12:05:40,e75c53653d9a473a46274d359c239301b777275f00f625ff560e383c91b59d3c
data,PU,/home/jeffwork/data_pu/N15_M01_F10_KI03_13.mat,8714840,2014-06-04T12:06:10,177096536a4805cfa1496515c898e00aa6464ec147552233b83fb13765f96010
data,PU,/home/jeffwork/data_pu/N15_M01_F10_KI03_14.mat,8717896,2014-06-04T12:06:40,a3f3d8475193f2b2ee9f8d6b1ab39da9b1d6856f8c973bb06274b58c748ead61
data,PU,/home/jeffwork/data_pu/N15_M01_F10_KI03_15.mat,8714936,2014-06-04T12:07:14,4a420a1f081d6bcc35c5528c755eed936fd0153ea4a0225853c0c27cb647d4c3
data,PU,/home/jeffwork/data_pu/N15_M01_F10_KI03_16.mat,8717800,2014-06-04T12:07:44,875325f58a6fc3214cd10cc5170610d1a3dd320309d68183012fda666c85c168
data,PU,/home/jeffwork/data_pu/N15_M01_F10_KI03_17.mat,8714904,2014-06-04T12:08:12,83137fd1e1c2acdfd3a191f6ce50ecccc7ca90c09287e8de84489581d9d1aefa
data,PU,/home/jeffwork/data_pu/N15_M01_F10_KI03_18.mat,8718120,2014-06-04T12:08:42,aa72e02c44b4d4de0b08829a7f5ceffd8c154a8001ece3274e2214321c2b621f
data,PU,/home/jeffwork/data_pu/N15_M01_F10_KI03_19.mat,8714904,2014-06-04T12:11:04,213a978c8b2d79643faa785072419f0448983436de72a21ec9cc4258a0dcf55f
data,PU,/home/jeffwork/data_pu/N15_M01_F10_KI03_2.mat,8714904,2014-06-04T11:54:24,52d3460537b5c760d344c217c8a6367fa44c9e02d015287ade11c196651eeb34
data,PU,/home/jeffwork/data_pu/N15_M01_F10_KI03_20.mat,8714904,2014-06-04T12:13:00,b2b0ffc5c11029b68ba72642c902e0ed8742c18b1310c017b8c76549c08b6e82
data,PU,/home/jeffwork/data_pu/N15_M01_F10_KI03_3.mat,8718168,2014-06-04T11:57:40,f0a01359db3dd5f44c16a9979fbc5f4dc0dd11d07311bd8a9cd0f124738f20dd
data,PU,/home/jeffwork/data_pu/N15_M01_F10_KI03_4.mat,8715192,2014-06-04T11:59:06,5badd4d1566f30ab1220baa93ad652d99216919d2761922836c4f7a1e51935ad
data,PU,/home/jeffwork/data_pu/N15_M01_F10_KI03_5.mat,8714936,2014-06-04T12:00:36,70af84f1d8c86f6973cbdd3a19c2e1186912003a0bb0a77aef703e2a4dcd7c9d
data,PU,/home/jeffwork/data_pu/N15_M01_F10_KI03_6.mat,8717928,2014-06-04T12:01:12,11e0e3495ea4ea5890b30f15403c035256d812a6f40b148ef6a079d08bb44cb9
data,PU,/home/jeffwork/data_pu/N15_M01_F10_KI03_7.mat,8714936,2014-06-04T12:02:04,0dd38a15c938eb014a30c09ebe50b4ddf4474199efd5d09a560650dd8c880f9e
data,PU,/home/jeffwork/data_pu/N15_M01_F10_KI03_8.mat,8714904,2014-06-04T12:03:18,47ef9c3c5b37de01ec97cd5e4698299a3de6f1283ad789b82a33b9ae22911386
data,PU,/home/jeffwork/data_pu/N15_M01_F10_KI03_9.mat,8714840,2014-06-04T12:04:14,bbf13026ccfc80cf1f6274fdbe1ba42bcc9f52dfe751a6789546e8bfd590f3da
data,PU,/home/jeffwork/data_pu/N15_M01_F10_KI05_1.mat,8714936,2015-03-26T13:33:49,7ac66763de75812d63ec089fb04f2d6c071d497336bb1570968caa5332ee0459
data,PU,/home/jeffwork/data_pu/N15_M01_F10_KI05_10.mat,8717752,2015-03-26T13:29:09,5649ec6f23eca1a9561b67de3bbcec7a52249f471b89e87d08d1e99909b0af37
data,PU,/home/jeffwork/data_pu/N15_M01_F10_KI05_11.mat,8714872,2015-03-26T13:38:41,13fdad1115545f9e759ec2f38f3fc49ea89ea50e8b82af2e139c8e89115da189
data,PU,/home/jeffwork/data_pu/N15_M01_F10_KI05_12.mat,8718392,2015-03-26T13:30:01,7e2a92127f7ba4e32444953b28a09d6f282ec0f0fc0c64853905aa11ff6de94c
data,PU,/home/jeffwork/data_pu/N15_M01_F10_KI05_13.mat,8714904,2015-03-26T13:30:32,48308f85e26ecf7b6f911a33fe8ee0ed3a41bf087a8a42c0469ff9fd306990d1
data,PU,/home/jeffwork/data_pu/N15_M01_F10_KI05_14.mat,8714904,2015-03-26T13:30:53,8937a36a08bbc19af6456cd99155bbe760e96fc94143e5f6d86f91ac12717092
data,PU,/home/jeffwork/data_pu/N15_M01_F10_KI05_15.mat,8714904,2015-03-26T13:35:18,586947e22897b6177285ea0ad64fe3e2306a5d36c67a0c83491263ffa9d80295
data,PU,/home/jeffwork/data_pu/N15_M01_F10_KI05_16.mat,8717784,2015-03-26T13:35:43,b1197f9359a74d69ac5e4f0b488381be9e9375939cafdf0c87b0b5a50098f4ce
data,PU,/home/jeffwork/data_pu/N15_M01_F10_KI05_17.mat,8714904,2015-03-26T13:31:54,db281eba4d0a9a580fff7d765077d3895635f1b86fbb0e679624c6371aa9d204
data,PU,/home/jeffwork/data_pu/N15_M01_F10_KI05_18.mat,8714808,2015-03-26T13:39:13,5d14c188bb7b399cc455b8ceb80369b1bf12b62bd1b9d15961e3ff822a736a90
data,PU,/home/jeffwork/data_pu/N15_M01_F10_KI05_19.mat,8717752,2015-03-26T13:36:40,3f5882dfd682d7fad5324b9a40a496e32e8c95090414425d8739289cf51c1360
data,PU,/home/jeffwork/data_pu/N15_M01_F10_KI05_2.mat,8714904,2015-03-26T13:34:29,958a7435e0c67e1b43b6cad83ddddf99f45707c027ca6f61665f703e5dcd98dc
data,PU,/home/jeffwork/data_pu/N15_M01_F10_KI05_20.mat,8714936,2015-03-26T13:37:07,8c26b7d24a55952a18bd7de9cceac5b213bd255b862e1fc7b2063aca5aa8afcc
data,PU,/home/jeffwork/data_pu/N15_M01_F10_KI05_3.mat,8714872,2015-03-26T13:25:17,994473f0d2822b7b7421ffaaecde976a24816b7313980c4d6c18ddc695ec891d
data,PU,/home/jeffwork/data_pu/N15_M01_F10_KI05_4.mat,8714904,2015-03-26T13:25:45,f365326ae81df98d4a78e510409f132664b7a2361a0b0e636f0eeca1b7591316
data,PU,/home/jeffwork/data_pu/N15_M01_F10_KI05_5.mat,8718104,2015-03-26T13:26:25,d693de381aad610e6d4436dafbbb15e13cb8a9e64a091767a59a057c83b9b2e0
data,PU,/home/jeffwork/data_pu/N15_M01_F10_KI05_6.mat,8714904,2015-03-26T13:27:14,35fac8827941e7921a85c031c3bcd704ddf693b2b3d63fc43c3203a3738c1cd1
data,PU,/home/jeffwork/data_pu/N15_M01_F10_KI05_7.mat,8714904,2015-03-26T13:27:44,b337c783e32b89a4f356372b2c7dea49a5ee83f79b909c8a64b13040d5b3eb23
data,PU,/home/jeffwork/data_pu/N15_M01_F10_KI05_8.mat,8717944,2015-03-26T13:28:16,5f5bf1b8e1f80d3161dc1d3da92cf635cbbf37a7e63e49d6dcbac1e7e0a55571
data,PU,/home/jeffwork/data_pu/N15_M01_F10_KI05_9.mat,8714872,2015-03-26T13:28:39,5cf48509d60aa2d1977586fc171d0c5f95c07279ab712edbc6ec12649bb04741
data,PU,/home/jeffwork/data_pu/N15_M07_F04_K001_1.mat,8800280,2015-09-17T20:22:07,4790406e566cd6ed93241bc0a1e51ea7b9603c38a712a93d2946140dfa581458
data,PU,/home/jeffwork/data_pu/N15_M07_F04_K001_10.mat,8714968,2015-09-17T20:27:10,7763d99131bd4651094f37820c754483be3124c6ee754ac95e3645712143899b
data,PU,/home/jeffwork/data_pu/N15_M07_F04_K001_11.mat,8715448,2015-09-17T20:27:44,f5e73f27cccda82f78d9ebd9c4b0aa7c1813734289436e3fa80e8a666ab6832b
data,PU,/home/jeffwork/data_pu/N15_M07_F04_K001_12.mat,8714872,2015-09-17T20:28:16,feb3844f676aa01d3f67f960d81883642a5387ef89bc710fcdd28cd9a9585ad8
data,PU,/home/jeffwork/data_pu/N15_M07_F04_K001_13.mat,8714904,2015-09-17T20:28:46,3422f9b80620c125ba3dfb3dfaefd4248ee8582cbbff32fdb197b2e77b84408f
data,PU,/home/jeffwork/data_pu/N15_M07_F04_K001_14.mat,8714904,2015-09-17T20:29:30,0531e7eea11b86df40d257856df54eac66ba2800be6c83022e548082aa5cf4a6
data,PU,/home/jeffwork/data_pu/N15_M07_F04_K001_15.mat,8758624,2015-09-17T20:30:05,e394889f0e8c1cb1be6578ca81946bc3d94aee58da460cedb0130c5218c5c970
data,PU,/home/jeffwork/data_pu/N15_M07_F04_K001_16.mat,8714904,2015-09-17T20:30:46,abe7ca790706cfaaf032f7b04d481057d93edc1ac0d6033db29dae6c69ce3c44
data,PU,/home/jeffwork/data_pu/N15_M07_F04_K001_17.mat,8881144,2015-09-17T20:31:16,eec085d781844eef61966b7f1a1a39024b2708cdf38d526327b76fb8f3f21757
data,PU,/home/jeffwork/data_pu/N15_M07_F04_K001_18.mat,8799800,2015-09-17T20:31:52,9b89eae7226cea2e77c52c39f8c91368f2d8fee0dd3bd70b0a5cb51c6aed9cad
data,PU,/home/jeffwork/data_pu/N15_M07_F04_K001_19.mat,8738200,2015-09-17T20:32:26,761e16862167aca2523a0149e2c0f2b360c7e4ae79de27b2e08a39a9e166f482
data,PU,/home/jeffwork/data_pu/N15_M07_F04_K001_2.mat,8872536,2015-09-17T20:22:34,b0eea67e384a64b4585273a81dc48fd6093c57a98e2e25966187b6c914e73b72
data,PU,/home/jeffwork/data_pu/N15_M07_F04_K001_20.mat,8730816,2015-09-17T20:32:59,320343e14239184e6511b32329329280ac349854e66232d2ed594414bba15cd2
data,PU,/home/jeffwork/data_pu/N15_M07_F04_K001_3.mat,8714904,2015-09-17T20:23:01,be5b0d6ec89ab7d6fbbe72a7600148fe5a11b489e3a9865c0717d82374418898
data,PU,/home/jeffwork/data_pu/N15_M07_F04_K001_4.mat,8718232,2015-09-17T20:23:32,c83b69d9d725bb53ff59eff2f43c7a29316a01f6f449db29036c0a4edc0054c3
data,PU,/home/jeffwork/data_pu/N15_M07_F04_K001_5.mat,8714904,2015-09-17T20:24:28,c9baa4c611ef25d37abd2ead35caf0f655cb9da111e915b187f1ccb2c1226501
data,PU,/home/jeffwork/data_pu/N15_M07_F04_K001_6.mat,8724448,2015-09-17T20:25:01,f4e905384eb6fc1346154dae7fea5222a80dc8c93a80e71eccb190331b9becec
data,PU,/home/jeffwork/data_pu/N15_M07_F04_K001_7.mat,8727192,2015-09-17T20:25:34,28ece81fc88419f91a58fd1ebb59679c5f27ba0316540c1cc06074d0cc9ed1f3
data,PU,/home/jeffwork/data_pu/N15_M07_F04_K001_8.mat,8714936,2015-09-17T20:26:05,223481b7138be4e0c4379292d1b2892631193fbc374f26c5f9ecdf00c7bf7ac9
data,PU,/home/jeffwork/data_pu/N15_M07_F04_K001_9.mat,8744928,2015-09-17T20:26:35,1e0100be9afb33b971959d80ad6ff4df303745b3fdce3f4904b60a53d438e682
data,PU,/home/jeffwork/data_pu/N15_M07_F04_K002_1.mat,8714904,2015-03-25T17:52:45,c882f239602508c7c4fd56e2134207d1fbdda9bff7aa223970b19e23056558ab
data,PU,/home/jeffwork/data_pu/N15_M07_F04_K002_10.mat,8714904,2015-03-25T17:45:31,8823558b15b8650446c5fd2467d9bc910eaa52feda0152b6d6a65bb805645a03
data,PU,/home/jeffwork/data_pu/N15_M07_F04_K002_11.mat,8714872,2015-03-25T17:46:12,19e59633419171bb084f300b97c81fc1ae5e6e844a47ee995e7b34b081590c27
data,PU,/home/jeffwork/data_pu/N15_M07_F04_K002_12.mat,8714904,2015-03-25T17:46:43,8a062a63824ac5b01277792a2f6e49a7e83587f658629835e0c9a6f8b975d90a
data,PU,/home/jeffwork/data_pu/N15_M07_F04_K002_13.mat,8714904,2015-03-25T17:47:10,de798528dcac1f41bfa15d770ed0c53dbac4afc6bef1cde7d1ae193daae29b6a
data,PU,/home/jeffwork/data_pu/N15_M07_F04_K002_14.mat,8714936,2015-03-25T17:55:23,fc6177819effcb0c8d1122af9a797e0db4086684aa5f8ef9af97291b031bad63
data,PU,/home/jeffwork/data_pu/N15_M07_F04_K002_15.mat,8714904,2015-03-25T17:48:29,a98d7753415f2425b062ebe0203f3aaee504971379fff62a3ba3e280d3a5dbbb
data,PU,/home/jeffwork/data_pu/N15_M07_F04_K002_16.mat,8714744,2015-03-25T17:49:26,7d1ea0e42d1d0bdc8bcfb417125cc921aeddc993c3eefb14bf0358bdc3356790
data,PU,/home/jeffwork/data_pu/N15_M07_F04_K002_17.mat,8714968,2015-03-25T17:56:19,0f83a9a63d9b8ba7ed0d3b5a91032db77f6070cedd09b773742610d4ebdab078
data,PU,/home/jeffwork/data_pu/N15_M07_F04_K002_18.mat,8714872,2015-03-25T17:57:03,1baea7682bfd5fc75098a7e896b910e7d054081ac17a3e089324c2602de68cb9
data,PU,/home/jeffwork/data_pu/N15_M07_F04_K002_19.mat,8714872,2015-03-25T17:58:47,edb7a8d10a77aba4dbf4b681d75230976a34a96d4b9ebbb9b804f1e0e91b2e44
data,PU,/home/jeffwork/data_pu/N15_M07_F04_K002_2.mat,8714904,2015-03-25T17:40:57,e903a254d45bea6b040952ad3e5c3e86a0d5c96d0a50cf31a220627f6a9f746c
data,PU,/home/jeffwork/data_pu/N15_M07_F04_K002_20.mat,8714904,2015-03-25T18:01:04,6035dd3f466b8564d92e526213cdaa14048e70b4cb43740ada56dc94ed2686ee
data,PU,/home/jeffwork/data_pu/N15_M07_F04_K002_3.mat,8715032,2015-03-25T18:01:35,6a7d50f2b725c90e2c84ad9e8c693149eec54090395f37c0ba944e420b56b82f
data,PU,/home/jeffwork/data_pu/N15_M07_F04_K002_4.mat,8714968,2015-03-25T17:54:23,bb0febed0fbd195312bc85c196d6dc087034bbe9fef175ce9eed9f7900e45edd
data,PU,/home/jeffwork/data_pu/N15_M07_F04_K002_5.mat,8714904,2015-03-25T17:42:39,d78051169458f26e54da816d67540b05853ea47777c25a597558c2f6b40a85a2
data,PU,/home/jeffwork/data_pu/N15_M07_F04_K002_6.mat,8714904,2015-03-25T17:43:26,97aa660088d26d6b40596a767f066e3d948ff45fea581c353e80b73540b8d682
data,PU,/home/jeffwork/data_pu/N15_M07_F04_K002_7.mat,8714904,2015-03-25T17:54:52,f8a59903cc3bde391efa3165f0a378e1e8f45ddc1636758392ebd8aa7c172fbf
data,PU,/home/jeffwork/data_pu/N15_M07_F04_K002_8.mat,8714904,2015-03-25T17:44:12,6166049b5649bb87d164434530cac3e43f0c296efb177e7ba94b1b97a1dc99b5
data,PU,/home/jeffwork/data_pu/N15_M07_F04_K002_9.mat,8714904,2015-03-25T17:44:52,92bafc9bc0919acf55a6bd6ec0fa7144da283d1d1b03e1a159752e385051c501
data,PU,/home/jeffwork/data_pu/N15_M07_F04_KA04_1.mat,8730072,2014-06-10T19:26:58,46f3a5e8984ed72eca6b0824764c8c608132918ba6185002a59433c35904ae3e
data,PU,/home/jeffwork/data_pu/N15_M07_F04_KA04_10.mat,8714904,2014-06-10T19:37:16,a84964dcf0376736927ce4a18a7d6e6467e8a46b2a666cca65ceab8b2b0b3162
data,PU,/home/jeffwork/data_pu/N15_M07_F04_KA04_11.mat,8731640,2014-06-10T19:39:47,c16892474b90571a6db21ba7084cef57105e26b285767d3d47b69954734b7f38
data,PU,/home/jeffwork/data_pu/N15_M07_F04_KA04_12.mat,8714904,2014-06-10T19:43:19,2512f2cf96e8aab98b5fde428d99b26a991bba7c2110ff7b745b7be7cc02c099
data,PU,/home/jeffwork/data_pu/N15_M07_F04_KA04_13.mat,8714904,2014-06-10T19:44:20,f336cd0771afea10f7dabd2e811346b37884b8f3e9e3007670238d2b11fd9e0a
data,PU,/home/jeffwork/data_pu/N15_M07_F04_KA04_14.mat,8714904,2014-06-10T19:45:25,171d71eb1ddf28bb06e74e00175ae0f866201a171bbd64acbf3cb7a8f8a6297b
data,PU,/home/jeffwork/data_pu/N15_M07_F04_KA04_15.mat,5966059,2015-03-02T11:52:53,03aa48fbcd0c960a4e2085de9617e14ceefa68c8839f0236f4bbfb5605d73b62
data,PU,/home/jeffwork/data_pu/N15_M07_F04_KA04_16.mat,8717704,2014-06-10T19:46:12,d4cb61a4724063a999c1c57c8c884419e4ae2ef4c07c6fd78f463504ca31dc95
data,PU,/home/jeffwork/data_pu/N15_M07_F04_KA04_17.mat,8714904,2014-06-10T19:46:34,0fb3908754217456b9fd1eb4cf0487fc5311d3a7715efeb85804fd802aeb1dbd
data,PU,/home/jeffwork/data_pu/N15_M07_F04_KA04_18.mat,8717880,2014-06-10T19:47:41,f0549d46373f8fbfef0b51d7f637d75e6cd552af6bb75e29e04f8bdb8631627e
data,PU,/home/jeffwork/data_pu/N15_M07_F04_KA04_19.mat,8714872,2014-06-10T19:48:03,3988949615063e8668c7507fd4fa76e4172a0d341101b004f0986b84922e2621
data,PU,/home/jeffwork/data_pu/N15_M07_F04_KA04_2.mat,8718968,2014-06-10T19:28:49,e9186aefeb54f3ed36e59160b0cd5f38d63c6516ebd412948e92b924a0fcdc52
data,PU,/home/jeffwork/data_pu/N15_M07_F04_KA04_20.mat,8717624,2014-06-10T19:48:28,02580c6ee2926b63fa8fcc89546d5609be62f6599e8f2c3ab67ad84b8133d13e
data,PU,/home/jeffwork/data_pu/N15_M07_F04_KA04_3.mat,8714872,2014-06-10T19:29:41,fe7426500684250bf32bce968b79d0e254bf3b56792745790386e7f3ccef04e6
data,PU,/home/jeffwork/data_pu/N15_M07_F04_KA04_4.mat,8714904,2014-06-10T19:30:10,fbf129ea0e125092f5e82c853840e63876f2e0a4368f5088267c4efbceba458b
data,PU,/home/jeffwork/data_pu/N15_M07_F04_KA04_5.mat,5983785,2015-03-02T11:43:46,7d3cc4032c59523404faf152596cd6b9c6f97b93b88938f49f617ab4b5b9abc6
data,PU,/home/jeffwork/data_pu/N15_M07_F04_KA04_6.mat,5966061,2015-03-02T11:43:57,ce84c766f9441a1fe31c3029ef9108e86993adda5b80237380c0723f372e0c51
data,PU,/home/jeffwork/data_pu/N15_M07_F04_KA04_7.mat,8717768,2014-06-10T19:32:20,f2ce40b216023b2ab67fd1e07846df11ee815864b73a8cae1cd5181e97429e78
data,PU,/home/jeffwork/data_pu/N15_M07_F04_KA04_8.mat,8714904,2014-06-10T19:37:46,173c107adbbf8f027c1d56f8de65ee1843f3a100b92e05877c5ad552a1e7f5fc
data,PU,/home/jeffwork/data_pu/N15_M07_F04_KA04_9.mat,8714936,2014-06-10T19:38:38,3d9f13abd9be412f4775b50fb481cb6cbff0d70ba284b8d52cfe292883530b98
data,PU,/home/jeffwork/data_pu/N15_M07_F04_KA15_1.mat,8715032,2014-07-29T15:47:54,b28afd3a754c498ec547868689e676ff32765a1d25a99a6ba6bbca5ab234921d
data,PU,/home/jeffwork/data_pu/N15_M07_F04_KA15_10.mat,8714872,2014-07-29T15:51:38,2cbfcbf0bc67d58de2bef607daf801da6025fdd9359632b09321b116fd0a480b
data,PU,/home/jeffwork/data_pu/N15_M07_F04_KA15_11.mat,8714904,2014-07-29T15:52:03,4611f14503834ff5bbba31bb222ea2b09941b30364688ab83b518a82b8b4e590
data,PU,/home/jeffwork/data_pu/N15_M07_F04_KA15_12.mat,8714904,2014-07-29T15:52:27,e65333281b163e5590271d9d296584280f49f84e95c3e1b333136e056110cc41
data,PU,/home/jeffwork/data_pu/N15_M07_F04_KA15_13.mat,8714904,2014-07-29T15:52:53,646ac8cfd86c6217ed4a14a3f34f8ce242b79829f6c3c9c718e0205cc0459ed9
data,PU,/home/jeffwork/data_pu/N15_M07_F04_KA15_14.mat,8714936,2014-07-29T15:53:17,b66b67efdbaf6003cd35fd4df92da351169004e2f97c84c449fb0935c916fe16
data,PU,/home/jeffwork/data_pu/N15_M07_F04_KA15_15.mat,8714872,2014-07-29T15:53:43,05ac8b61fbd4db4813f9629f1911b6fb44dae1b9552f8368408eb6d405966888
data,PU,/home/jeffwork/data_pu/N15_M07_F04_KA15_16.mat,8714872,2014-07-29T15:54:13,29e24848ac9e42d34c4846aa0837c080f3acb759d8c2a875caf776b4da0dc72e
data,PU,/home/jeffwork/data_pu/N15_M07_F04_KA15_17.mat,8714904,2014-07-29T15:54:39,064f89195251788c3ac9638996bd22707a2ab7e1b1cc2297c3628bd82f5d4a65
data,PU,/home/jeffwork/data_pu/N15_M07_F04_KA15_18.mat,8714904,2014-07-29T15:55:05,7ede1f4b6084bf51e8c8fe4046efd2c61b36b8eb6dd07dd7e4142d0d5fc8af11
data,PU,/home/jeffwork/data_pu/N15_M07_F04_KA15_19.mat,8714872,2014-07-29T15:55:31,b0f3faf9c8a725c4f0c5f7ab510bafbf64042a76b4005272a9eaa27782327775
data,PU,/home/jeffwork/data_pu/N15_M07_F04_KA15_2.mat,8714936,2014-07-29T15:48:21,ec05b999b1c299db1f576f0a47d7507d98b77bb5466c7908df5b4566bcadd3f8
data,PU,/home/jeffwork/data_pu/N15_M07_F04_KA15_20.mat,8714904,2014-07-29T15:55:57,43c35807167c5e5a0ccf67ea9b4d08edb3a8b11fd2dd415338a274446a1aed0c
data,PU,/home/jeffwork/data_pu/N15_M07_F04_KA15_3.mat,8714872,2014-07-29T15:48:47,1bd971b25e00271fe10af1c64b990454f0c6b3fd63e97407b431abf239732799
data,PU,/home/jeffwork/data_pu/N15_M07_F04_KA15_4.mat,8714904,2014-07-29T15:49:12,7d18ffe0e3a500dc5d572558660be408ec564473d7ec3f19538cabf7bf960580
data,PU,/home/jeffwork/data_pu/N15_M07_F04_KA15_5.mat,8714936,2014-07-29T15:49:37,bf3897b011f808196b2b4c00c7ea5e55c3f2d24ce9afc2d12b1d616882e95d4d
data,PU,/home/jeffwork/data_pu/N15_M07_F04_KA15_6.mat,9423320,2014-07-29T15:50:02,59bcad225a5d00ce95713258d4f9ac9f703cb4d4d3543f3f0af51072cbe85c8f
data,PU,/home/jeffwork/data_pu/N15_M07_F04_KA15_7.mat,8714904,2014-07-29T15:50:24,e114d2c6f31ef84548e8492cff81dda4ce0c62ffcd228faeb6ab478745cb9b6d
data,PU,/home/jeffwork/data_pu/N15_M07_F04_KA15_8.mat,8714904,2014-07-29T15:50:49,31237e9913a0e71c2b7c98594a3a810aed8551cba8efe792c69e05eebfa9cb54
data,PU,/home/jeffwork/data_pu/N15_M07_F04_KA15_9.mat,8714872,2014-07-29T15:51:14,9cf555b72184885acfaca5791fdc1fc0eed488b62fb980d49eccda758832e660
data,PU,/home/jeffwork/data_pu/N15_M07_F04_KB23_1.mat,8717304,2015-03-25T14:22:18,bbfe716340ff5ee0a2fd0b013d3437ee924dafa64e0b1f08e3a5f2d84ba2f0a6
data,PU,/home/jeffwork/data_pu/N15_M07_F04_KB23_10.mat,8714904,2015-03-25T14:43:55,2a813f57620a4bc7fa255814540f90803c1041905ed74d4d7a6be6fbe615d8cc
data,PU,/home/jeffwork/data_pu/N15_M07_F04_KB23_11.mat,8714936,2015-03-25T14:48:43,9582bc54230d2b700dafcb3085de9cf14a455cc1d8603322a62e50845cc1d540
data,PU,/home/jeffwork/data_pu/N15_M07_F04_KB23_12.mat,8714904,2015-03-25T14:28:39,d6e093fa31d462975eb84a6dafd39f6f512559f765119dd3d3cdb40ddc289d7d
data,PU,/home/jeffwork/data_pu/N15_M07_F04_KB23_13.mat,8715064,2015-03-25T14:29:14,dcfc6e7acb7af02ad3f2173001d25f96313a835acebd2f5560ab614126e6caeb
data,PU,/home/jeffwork/data_pu/N15_M07_F04_KB23_14.mat,8714936,2015-03-25T14:44:54,b01a5135fbcb26c840e6c0c6cb64c78cb38420fbc4f93af4b357750faf75d608
data,PU,/home/jeffwork/data_pu/N15_M07_F04_KB23_15.mat,8714904,2015-03-25T14:45:35,e94569201c204899fcd9183de8ecadc0ee8fe8cc94bee95ccd4a03017f1906c5
data,PU,/home/jeffwork/data_pu/N15_M07_F04_KB23_16.mat,8714904,2015-03-25T14:32:23,1559b4fcff0cca7ef5db160a192afc053804ec594b9bcf324de9aeccaccf9a88
data,PU,/home/jeffwork/data_pu/N15_M07_F04_KB23_17.mat,8714904,2015-03-25T14:40:27,dd194f1c03d4e91ae0055aebf53b000b5ac87718cc38225f706cd8d89d434b2d
data,PU,/home/jeffwork/data_pu/N15_M07_F04_KB23_18.mat,8714904,2015-03-25T14:46:28,1e9a8d9ad6ba9ee9049c410cc6c50cc2f3051ac3ca0c8a22adf4422e7d9ddbd6
data,PU,/home/jeffwork/data_pu/N15_M07_F04_KB23_19.mat,8714904,2015-03-25T14:34:17,41b197bff64902aeb121aa86373463201911ee83a9666810d9f2be074013cca8
data,PU,/home/jeffwork/data_pu/N15_M07_F04_KB23_2.mat,8714904,2015-03-25T14:22:49,a62835e3fdab56d31b52a6eb5eb3fe31b51bf950d011a3b4c525e325c02ce9cb
data,PU,/home/jeffwork/data_pu/N15_M07_F04_KB23_20.mat,8714904,2015-03-25T14:47:02,8f5fb8923ee5ef54eb217d4676695b93615bcbbcd096721354860396b3ae2734
data,PU,/home/jeffwork/data_pu/N15_M07_F04_KB23_3.mat,9446680,2015-03-25T14:23:31,e2b2bea8c986beab1f2e1cb764728bb23123047517c5a0c93a9d2091968e7dd2
data,PU,/home/jeffwork/data_pu/N15_M07_F04_KB23_4.mat,8714904,2015-03-25T14:42:45,e68aa3c9f512ce0434d5d2f0664e4598c5f71b5c338286d2f330539e3eb562a1
data,PU,/home/jeffwork/data_pu/N15_M07_F04_KB23_5.mat,8714904,2015-03-25T14:24:34,0d96e8b0cb1f920f06c55339e8bd25da88bb5f329fbabcee443151947fbde36a
data,PU,/home/jeffwork/data_pu/N15_M07_F04_KB23_6.mat,8714904,2015-03-25T14:25:20,60ed583fa880f1ad9a3e825359593b1447d2af375563e3b0483f4e93ad3c22e3
data,PU,/home/jeffwork/data_pu/N15_M07_F04_KB23_7.mat,8714904,2015-03-25T14:36:26,a57b3c6859e800378657c7cb3b24a84ab5825b4c8b23a55581b1358c7c253838
data,PU,/home/jeffwork/data_pu/N15_M07_F04_KB23_8.mat,8714776,2015-03-25T14:47:30,aa28af4e8f230807650305c0c060c0396ac2f7d52a2387c02e0a53763681b8b5
data,PU,/home/jeffwork/data_pu/N15_M07_F04_KB23_9.mat,8714968,2015-03-25T14:26:57,87537ee9b32946bc558f5f36544d3ca825633180fe685d6d50e5d6dd08c92163
data,PU,/home/jeffwork/data_pu/N15_M07_F04_KB24_1.mat,8753656,2015-09-21T12:02:45,09a5f3e218420a292f314ac951091fa3f76067f85a482d8f92cc35cdc0e4ebe6
data,PU,/home/jeffwork/data_pu/N15_M07_F04_KB24_10.mat,8718720,2015-09-21T12:07:45,1bedb713871052b9b2c07a7f5f5c453fbc7cdfb4d7f5a46cf2c9d6649dfc14a7
data,PU,/home/jeffwork/data_pu/N15_M07_F04_KB24_11.mat,8714904,2015-09-21T12:08:17,a7e9a83cc67e6994609f77a59d0a92f2beaa748d99756c88e1b276a92ed1b375
data,PU,/home/jeffwork/data_pu/N15_M07_F04_KB24_12.mat,8714904,2015-09-21T12:08:48,023c38053f773c102f8af801377d7ae100a682b9686fe8236c0a3d19ecb9020d
data,PU,/home/jeffwork/data_pu/N15_M07_F04_KB24_13.mat,8734368,2015-09-21T12:09:24,bee1e51ee99b756f84dd19ceae3bcfa29b30568d574012e62a84c22aebe47bd3
data,PU,/home/jeffwork/data_pu/N15_M07_F04_KB24_14.mat,8744312,2015-09-21T12:10:15,5dd7e17a3d0255b338a63d04317af3a76486a0e18dc513fc66e1200a86ad929d
data,PU,/home/jeffwork/data_pu/N15_M07_F04_KB24_15.mat,8714904,2015-09-21T12:10:46,994f076b80c8ea9946ab297828cf534cb46c4d92a7631e60c97cac3c9d5b2716
data,PU,/home/jeffwork/data_pu/N15_M07_F04_KB24_16.mat,8714904,2015-09-21T12:11:13,07fac8721055dfa9be7b42fc3bad398a75d30eb7020bff3a8294f36fbd277415
data,PU,/home/jeffwork/data_pu/N15_M07_F04_KB24_17.mat,8714936,2015-09-21T12:11:41,4271486e6f352021f157e91006c6345e465d662df4a4fe7cfabbd632f4598c04
data,PU,/home/jeffwork/data_pu/N15_M07_F04_KB24_18.mat,8725048,2015-09-21T12:12:12,a58c957263de51cae76be8367081d65554ccb88881ad7c0c5533adfa17d8cc7f
data,PU,/home/jeffwork/data_pu/N15_M07_F04_KB24_19.mat,8714904,2015-09-21T12:12:43,7ec4826a14eb2593832eb9e0a57948c468d8363cf318e67bb9715620ad149483
data,PU,/home/jeffwork/data_pu/N15_M07_F04_KB24_2.mat,8867352,2015-09-21T12:03:17,93e22b249a6fbf3225ddec80caf259715f32ee4e5217db35e12b7df93aad5fea
data,PU,/home/jeffwork/data_pu/N15_M07_F04_KB24_20.mat,8714872,2015-09-21T12:13:17,d682377339b32ec7bb2e1b58e63273bf01c6a0963b9ef82aa1f5d4b1a69bbe3b
data,PU,/home/jeffwork/data_pu/N15_M07_F04_KB24_3.mat,8718008,2015-09-21T12:03:48,10c7958725727e33179a15663c5a0491af562780ef2cb3680669471f9e27965c
data,PU,/home/jeffwork/data_pu/N15_M07_F04_KB24_4.mat,8739384,2015-09-21T12:04:19,bfd112a5a055ac4ed7fba7254f3b64f20bf5b5e501c764cf47372dd0e219b945
data,PU,/home/jeffwork/data_pu/N15_M07_F04_KB24_5.mat,8717720,2015-09-21T12:04:56,6a920a75669b7a6e4348047e91132ab73a4d0a063fa329dcd9880b00b6eeafb4
data,PU,/home/jeffwork/data_pu/N15_M07_F04_KB24_6.mat,8728856,2015-09-21T12:05:36,9271a3004873f6f10ed11e7dd2cba2c05629430291084fdff5c59f07fa420555
data,PU,/home/jeffwork/data_pu/N15_M07_F04_KB24_7.mat,8714872,2015-09-21T12:06:12,8a00a932f08ae0dfeda97aa6e094f61d950b3f46a2616a164f5cd7c8bb2dd95e
data,PU,/home/jeffwork/data_pu/N15_M07_F04_KB24_8.mat,8717856,2015-09-21T12:06:43,29bb7f8d5b2fca9ed5d65a7f4b19341998168063859050c91426a9c61a93fefe
data,PU,/home/jeffwork/data_pu/N15_M07_F04_KB24_9.mat,8714936,2015-09-21T12:07:13,1be48eba14187acc68c1b0e937590b93787b489103e7490d52d8c690015d2676
data,PU,/home/jeffwork/data_pu/N15_M07_F04_KB27_1.mat,8714904,2014-08-07T10:48:57,a773c7c4a50e0b520b0ed067102b9096f178cd6ac449deed172406c5d5502f45
data,PU,/home/jeffwork/data_pu/N15_M07_F04_KB27_10.mat,8754840,2014-08-07T11:01:52,354c4876cf90b332d72964cc3f0572f79d1f2132901b2189a8b6edf6ee8c88f8
data,PU,/home/jeffwork/data_pu/N15_M07_F04_KB27_11.mat,8714808,2014-08-07T11:02:38,858c76adba541dfe5ef9a7b8ba391206c72375a34b6c69f06ec4015a5008ab7b
data,PU,/home/jeffwork/data_pu/N15_M07_F04_KB27_12.mat,8717832,2014-08-07T11:03:03,0b6debf3d9d141acf833f6c278d6b211daa61fa22b7864ee967994abfdf07a7a
data,PU,/home/jeffwork/data_pu/N15_M07_F04_KB27_13.mat,8714936,2014-08-07T11:03:29,79b5146cf91f8c81d14c0770123e1c7d82461cb45580e4512a970a6d1ed8ac17
data,PU,/home/jeffwork/data_pu/N15_M07_F04_KB27_14.mat,8717704,2014-08-07T11:04:13,027a55a03b80510c38e2f3fcb619802f624a5ebca95f680656fe5a00eeb4e025
data,PU,/home/jeffwork/data_pu/N15_M07_F04_KB27_15.mat,8714936,2014-08-07T11:04:38,7f57222af0d954474d69967d39adf1f5f1f75323005cb7e2ce9205fb068620bf
data,PU,/home/jeffwork/data_pu/N15_M07_F04_KB27_16.mat,8714936,2014-08-07T11:05:50,ccfc78abee58865b8961021ae4d3d428bcb612fc5adc8e07e9622dbd2f5e0b6c
data,PU,/home/jeffwork/data_pu/N15_M07_F04_KB27_17.mat,8714936,2014-08-07T11:06:15,f0b47d3e537c58b290e38f9297d6fcd8869a425964fbf71d2cd8d2ddd9769d97
data,PU,/home/jeffwork/data_pu/N15_M07_F04_KB27_18.mat,8714872,2014-08-07T11:06:42,b095f3e26ff5b5fd749e969468c94cbe21e3f6077f79f12c2af27cbe8515c70c
data,PU,/home/jeffwork/data_pu/N15_M07_F04_KB27_19.mat,8714904,2014-08-07T11:07:09,b09ddb42f4922df3db2b5970734f84ca503438ecc93a93dae8a568fd013535e8
data,PU,/home/jeffwork/data_pu/N15_M07_F04_KB27_2.mat,8717768,2014-08-07T10:49:24,8ca66d69b1b8a965c066b8b31833f059ac1de293b8ff0496e9e5e0363e063b79
data,PU,/home/jeffwork/data_pu/N15_M07_F04_KB27_20.mat,8714904,2014-08-07T11:08:14,572acf0507fa152dc3549d00a05fd06fe5b0fe55a0149672b3877e382372ad7b
data,PU,/home/jeffwork/data_pu/N15_M07_F04_KB27_3.mat,8714904,2014-08-07T10:53:17,5f212dcf6b9d344ec6ad93e8f628caabbc204ab3d5ac634c90736b73bdd490d2
data,PU,/home/jeffwork/data_pu/N15_M07_F04_KB27_4.mat,8714904,2014-08-07T10:53:47,96c2b47b57dae4fc10fc1572b8bd7dd1916671618c5926c98121373982270e56
data,PU,/home/jeffwork/data_pu/N15_M07_F04_KB27_5.mat,8714872,2014-08-07T10:54:27,01d6de38578cbabb098d0147fa9f84b2b77e63b0b620dbabedaa63dbca893f00
data,PU,/home/jeffwork/data_pu/N15_M07_F04_KB27_6.mat,8714968,2014-08-07T10:54:53,1d482ff766db9536b76543e905fdff01c188090a79f99dc95a5549e77f6c2b0e
data,PU,/home/jeffwork/data_pu/N15_M07_F04_KB27_7.mat,8718680,2014-08-07T10:56:29,6ef9b82acf410b2cebcada467db3d1ed5b116c40e110de63bc7179cf86228830
data,PU,/home/jeffwork/data_pu/N15_M07_F04_KB27_8.mat,8715320,2014-08-07T10:58:22,e37c16c7519eb0c338397c859ac7c1cfe727dedaa224a1d86da287a756012eeb
data,PU,/home/jeffwork/data_pu/N15_M07_F04_KB27_9.mat,8714904,2014-08-07T11:01:03,ffb20d1acde02196984e11fb50cdc69aec61cc8e70f2b16f1b6be405c8248394
data,PU,/home/jeffwork/data_pu/N15_M07_F04_KI01_1.mat,8757400,2015-09-18T11:21:50,b29c7a7433fa7e6210b500eb2ed808bcfccd24d1c4761af07abb21538823ff7a
data,PU,/home/jeffwork/data_pu/N15_M07_F04_KI01_10.mat,8744376,2015-09-18T11:26:47,b4392644d340eb700d9b177c61e82f14fae695277e529a3093427d878a3b7248
data,PU,/home/jeffwork/data_pu/N15_M07_F04_KI01_11.mat,8732120,2015-09-18T11:27:21,886fffd93051339ad931cb81d3d9be22989781f6147bfeaf2e4ab0e2d9d5f95d
data,PU,/home/jeffwork/data_pu/N15_M07_F04_KI01_12.mat,8714904,2015-09-18T11:27:50,c5678f40ad88adf32dd954f41ec2d8ea6aae2c8bcea56a838e1caa793e3e1d40
data,PU,/home/jeffwork/data_pu/N15_M07_F04_KI01_13.mat,8714904,2015-09-18T11:28:17,fa0e73cf0d0a752a1976be90b7cc1456bde228cfa281860de6e11c67a129f3a4
data,PU,/home/jeffwork/data_pu/N15_M07_F04_KI01_14.mat,8714904,2015-09-18T11:28:48,73772188ddbfcf4056fccdca6794311dde040b3cc51f635e2dab10b58ab7365f
data,PU,/home/jeffwork/data_pu/N15_M07_F04_KI01_15.mat,8714904,2015-09-18T11:29:17,cace8fceba913e53f93b5956d5ca5fb899c117220e1f5e0c279f07358923f4d8
data,PU,/home/jeffwork/data_pu/N15_M07_F04_KI01_16.mat,8717624,2015-09-18T11:29:52,7020310e980d9089f713a028d732f0163a71c25e94890752b581eda214094a1a
data,PU,/home/jeffwork/data_pu/N15_M07_F04_KI01_17.mat,8718264,2015-09-18T11:30:25,7b3455e642446804946062a39d5f5fc034709a4c5d8199a47b3b146fdcb993f7
data,PU,/home/jeffwork/data_pu/N15_M07_F04_KI01_18.mat,8714968,2015-09-18T11:30:55,6dd989990cd5932e6c09e64843269a35dd65770c1a3b962ae52f467e20a16dd3
data,PU,/home/jeffwork/data_pu/N15_M07_F04_KI01_19.mat,8714904,2015-09-18T11:31:31,af8126c67c81fb6ef89bda5277c52bec7959429c4bf09451fa691d19273086fc
data,PU,/home/jeffwork/data_pu/N15_M07_F04_KI01_2.mat,8745184,2015-09-18T11:22:21,4317c1b7a873a15a45dbcc70a716af14307c45742c44f171cd6627bf616b0b84
data,PU,/home/jeffwork/data_pu/N15_M07_F04_KI01_20.mat,8744056,2015-09-18T11:32:09,246b854ce48f412563a4b80f0a62055bf4b2924c9725c7c3eec05a144f51c1c7
data,PU,/home/jeffwork/data_pu/N15_M07_F04_KI01_3.mat,8717784,2015-09-18T11:22:54,db9405a1fc35e6f198ad0e3408b402a250cbf859eb9bc3def765ef5c9aa4ff08
data,PU,/home/jeffwork/data_pu/N15_M07_F04_KI01_4.mat,8717752,2015-09-18T11:23:27,2e80f4baa40270f7f642121a2e8730eb55e1179388c0046d85532ec5d16e0846
data,PU,/home/jeffwork/data_pu/N15_M07_F04_KI01_5.mat,8717752,2015-09-18T11:24:02,5f3b39b7343fa5a31e8a087ff7200648a57e782ecb779307180696e5b191c7a3
data,PU,/home/jeffwork/data_pu/N15_M07_F04_KI01_6.mat,8718200,2015-09-18T11:24:35,9bd126e69f884e58b504146af136b9d0738e2072b3c10b1061c00cf37222e19a
data,PU,/home/jeffwork/data_pu/N15_M07_F04_KI01_7.mat,8717624,2015-09-18T11:25:08,6548db0eb2b0357bd998ea0f7e11f75dbc3205e6fa482fee01e7f2964a911a48
data,PU,/home/jeffwork/data_pu/N15_M07_F04_KI01_8.mat,8718008,2015-09-18T11:25:41,dda0e360d2af6125376d89ec89f16e427611596b9ee437c9631873b0917f8e38
data,PU,/home/jeffwork/data_pu/N15_M07_F04_KI01_9.mat,8722968,2015-09-18T11:26:15,2a1003d39c36712c3678cb84e8270612d68f5cc89f49ea941548ddb00660f02d
data,PU,/home/jeffwork/data_pu/N15_M07_F04_KI03_1.mat,8714904,2014-06-04T12:18:10,83dba7e266329746c94cda3b06c28f671e600186ab2aceba531251f9892da0cf
data,PU,/home/jeffwork/data_pu/N15_M07_F04_KI03_10.mat,8714904,2014-06-04T12:27:04,37264900edaa12cbb431179f9f1860c6a0cfe0c7162370186c2e5009ccc1abdc
data,PU,/home/jeffwork/data_pu/N15_M07_F04_KI03_11.mat,8714872,2014-06-04T12:28:54,39db43a35c29184fce99b299eafeaf9cd3bc9be7df0509375fdd5ab4bdb8e6d2
data,PU,/home/jeffwork/data_pu/N15_M07_F04_KI03_12.mat,8719576,2014-06-04T12:29:50,89b271a5ddc2a8937820d6ce612056b1275837fee38da058c3ef89984af76a9e
data,PU,/home/jeffwork/data_pu/N15_M07_F04_KI03_13.mat,8714904,2014-06-04T12:30:32,dbf1d98757599878c8dc549f16166f151451258779781d8867b2ea3bf94279a7
data,PU,/home/jeffwork/data_pu/N15_M07_F04_KI03_14.mat,8714904,2014-06-04T12:31:00,5a89aa40d1d24acd8d9eab4d1fd38d9594f74ce9cceae5fd65e5e3513a3cbbdc
data,PU,/home/jeffwork/data_pu/N15_M07_F04_KI03_15.mat,8714936,2014-06-04T12:31:26,f2ccc4c8ae6d2ed5019d5defae572aefcccd27ca81e96bce7a6e9333d3652467
data,PU,/home/jeffwork/data_pu/N15_M07_F04_KI03_16.mat,8714936,2014-06-04T12:31:50,cd1dd99fdef9c8ce34139f58845c0fbd57e8971665e16ef5205ddf15553e8e12
data,PU,/home/jeffwork/data_pu/N15_M07_F04_KI03_17.mat,8714904,2014-06-04T12:33:18,b63cea63d9aef64ba84c8f0ca3f8571e005165970ace489f56a0b4956ebd18e8
data,PU,/home/jeffwork/data_pu/N15_M07_F04_KI03_18.mat,8714936,2014-06-04T12:34:12,1399128a7e869faf0f8a6d6c8e20f165fe3e056e77bf8bfc7c8c31f7d9f5ff18
data,PU,/home/jeffwork/data_pu/N15_M07_F04_KI03_19.mat,8798392,2014-06-04T12:35:38,76a8f8daa54e157ea09f8ee7821453a873a2137e8d9a721f9f0dff55384aa54e
data,PU,/home/jeffwork/data_pu/N15_M07_F04_KI03_2.mat,8714904,2014-06-04T12:18:38,b81379537cc20179d7feeb5ae02c46e838c6ce3d85fe46808adf28b558493dd4
data,PU,/home/jeffwork/data_pu/N15_M07_F04_KI03_20.mat,8714872,2014-06-04T12:37:32,3ffb310dd047cbb9a7781db31cdb92f23357a5916e5b66cd9c2909c9576341c3
data,PU,/home/jeffwork/data_pu/N15_M07_F04_KI03_3.mat,9587864,2014-06-04T12:19:02,f8273edc14cbd7d229da1b290b156c15ab5784036caddce6cf21a7f3fca54035
data,PU,/home/jeffwork/data_pu/N15_M07_F04_KI03_4.mat,8826200,2014-06-04T12:21:24,7b36b4a3b99f989fc92524e8ce3bc282ea8f98ac88efb6cf57567840248e87ff
data,PU,/home/jeffwork/data_pu/N15_M07_F04_KI03_5.mat,8714904,2014-06-04T12:24:04,f1456d37ef009a576986ea0b747e671c90adafe1672a77f841b4c9412060ad87
data,PU,/home/jeffwork/data_pu/N15_M07_F04_KI03_6.mat,8714936,2014-06-04T12:24:30,ad750b645353e6c931dd5d7458215bc0da66dbaff305736c7164bd824ecda242
data,PU,/home/jeffwork/data_pu/N15_M07_F04_KI03_7.mat,8714968,2014-06-04T12:24:54,dba3b5280236de5cb7614df3bf9c4d259bf6ba897f69a31b2e05ff8f7248e34e
data,PU,/home/jeffwork/data_pu/N15_M07_F04_KI03_8.mat,8714936,2014-06-04T12:26:14,51a0b2a3a9966e431e363fa5323a263a6fddc96a39e523fc00eda27e4e944ab2
data,PU,/home/jeffwork/data_pu/N15_M07_F04_KI03_9.mat,8714904,2014-06-04T12:26:40,b4ab014832103e1c84283b37a8dbf3b552b054cb976e5af938e023be27c07989
data,PU,/home/jeffwork/data_pu/N15_M07_F04_KI05_1.mat,8717736,2015-03-26T13:41:59,81c85cbe610836902bcea523ef9a8abd2f7f01c712bb9e30faad7c76518b52fb
data,PU,/home/jeffwork/data_pu/N15_M07_F04_KI05_10.mat,8717864,2015-03-26T13:46:25,30b5ea3f8bbfa06bc6c25133ca21f81163fa71b5d9b8114779d63baf0e8566f7
data,PU,/home/jeffwork/data_pu/N15_M07_F04_KI05_11.mat,8717384,2015-03-26T13:46:46,4fafe8d60c6c30961c9707e960948cd806b8f89410b3c316e67bd92ffedf13f0
data,PU,/home/jeffwork/data_pu/N15_M07_F04_KI05_12.mat,8921976,2015-03-26T13:47:14,47179740f07c142696b0a5da87286fd180e7256fa4b68c04181ed1caaf71d384
data,PU,/home/jeffwork/data_pu/N15_M07_F04_KI05_13.mat,8714904,2015-03-26T13:48:26,2f5e95315e30ffd7205a0d3dccece91cb9bcf1ceeee9292b0382083ea3621aed
data,PU,/home/jeffwork/data_pu/N15_M07_F04_KI05_14.mat,8714904,2015-03-26T13:49:04,5972ce61b4287103b96e561353d39bc3a9666359b600bb807c6303d8fc252765
data,PU,/home/jeffwork/data_pu/N15_M07_F04_KI05_15.mat,8717592,2015-03-26T13:53:52,add66cd2eb86dfbad9f7ea15e81dcc4d42f3e5f4c06c8d11af7e918067a37c23
data,PU,/home/jeffwork/data_pu/N15_M07_F04_KI05_16.mat,8714904,2015-03-26T13:49:57,e65312227426c1e3d5c11b00da92dd59ef60b5cf4f086748d217388401c08604
data,PU,/home/jeffwork/data_pu/N15_M07_F04_KI05_17.mat,8714872,2015-03-26T13:55:14,b6858d49c52cc451d2e8ca51b6df3fbac7ca22c19f3d684f2fffe9ae32e702bb
data,PU,/home/jeffwork/data_pu/N15_M07_F04_KI05_18.mat,8714904,2015-03-26T13:51:43,3a344c82ca3c063e3b5a196a8bddb75964995d775f4bc85dc0bb037247168f38
data,PU,/home/jeffwork/data_pu/N15_M07_F04_KI05_19.mat,8718472,2015-03-26T13:52:06,98d24cf8c0a8dd49f397b63974909eab4c0b53049fee5cf72f4a8f39bcb2c5ef
data,PU,/home/jeffwork/data_pu/N15_M07_F04_KI05_2.mat,9321240,2015-03-26T13:53:20,94ce1903ef8106dff9e5bf2d269137c209cf303085d44aa1d5e3f7412e288fb0
data,PU,/home/jeffwork/data_pu/N15_M07_F04_KI05_20.mat,8714904,2015-03-26T13:52:33,b9482488bed079e0aea3d97a2672e6b93cbce3ec744119694c77b12cba172a13
data,PU,/home/jeffwork/data_pu/N15_M07_F04_KI05_3.mat,8714904,2015-03-26T13:42:41,92c1830dd2e9d39f9e37f7f4ac1a5f0f1ecf3f069b867d6a093cc7c85ab89a09
data,PU,/home/jeffwork/data_pu/N15_M07_F04_KI05_4.mat,8718056,2015-03-26T13:43:17,7a53b122f89aec9fe7bb320281f1fc4ff290b5c457cf88858b0cf34d01fec830
data,PU,/home/jeffwork/data_pu/N15_M07_F04_KI05_5.mat,8714936,2015-03-26T13:43:57,d06f3be43c41b7136b921f03b03b70e5f920d6ffbb5cead81b8d818d01e6d162
data,PU,/home/jeffwork/data_pu/N15_M07_F04_KI05_6.mat,8714872,2015-03-26T13:44:24,934d34725fb3ff6c155756b84847eaaebb39b904b8e58850c7ca2a51975c6d9e
data,PU,/home/jeffwork/data_pu/N15_M07_F04_KI05_7.mat,9366136,2015-03-26T13:44:50,806e7add98a370c7237ee5901f4746e5c1f8e90aa51d4f3c457ea86a43ed949d
data,PU,/home/jeffwork/data_pu/N15_M07_F04_KI05_8.mat,8935032,2015-03-26T13:45:14,2b44ca7a71bd0c257a3bda78549242c40a315f1480785104438b8585a3fd1583
data,PU,/home/jeffwork/data_pu/N15_M07_F04_KI05_9.mat,9145848,2015-03-26T13:45:36,5c9d630dfe4c1034c1e1a1171e6d380826ff6aea3feeb7fabd7b312166620fe8
data,PU,/home/jeffwork/data_pu/N15_M07_F10_K001_1.mat,8714904,2015-09-17T19:35:06,e1a971e93991e5f8bbfdcacde5a0fec895a4248f8232d52b59ff85d034c9c00d
data,PU,/home/jeffwork/data_pu/N15_M07_F10_K001_10.mat,8760056,2015-09-17T19:42:32,48658a7101a3692896fb7b6c21d26ced9c43e7acae44ef86b68134f3ac653818
data,PU,/home/jeffwork/data_pu/N15_M07_F10_K001_11.mat,8714904,2015-09-17T19:43:03,feda7cf3105dc2244add49512337bf84bbd5007bafbf1976c21cfab6e08e154d
data,PU,/home/jeffwork/data_pu/N15_M07_F10_K001_12.mat,8758304,2015-09-17T19:43:37,0fd45e658973029b50fd14a0aac5b5084ea45219cbb83d3df0b295545f915550
data,PU,/home/jeffwork/data_pu/N15_M07_F10_K001_13.mat,8717688,2015-09-17T19:44:07,f4a3d58d38497833926d027fc66ea52d5a9615c3330b5a97a9b7af6a55327bb7
data,PU,/home/jeffwork/data_pu/N15_M07_F10_K001_14.mat,8738840,2015-09-17T19:44:38,01857432bd6636227a9fafdd72b67fcacebd4f29e7397716192e231ee44b5fa5
data,PU,/home/jeffwork/data_pu/N15_M07_F10_K001_15.mat,8718296,2015-09-17T19:45:13,530da5870f9151654a3c986ff229fb02146b2d76b6e3f10740af8816d3dca186
data,PU,/home/jeffwork/data_pu/N15_M07_F10_K001_16.mat,8718232,2015-09-17T19:45:45,eb29bf36f90c8834a90b7b43d4955517715021c00abdb2d4905be2b410972348
data,PU,/home/jeffwork/data_pu/N15_M07_F10_K001_17.mat,8747160,2015-09-17T19:46:18,3fa57a5b011f6a58fab1ec567e2bf9a26f8dc03cadb7e7238ca03dc7c01bd923
data,PU,/home/jeffwork/data_pu/N15_M07_F10_K001_18.mat,8718328,2015-09-17T19:46:48,d71689afcb5004532b9eb88855f6e229b28bff7b7fcf825cf6c204c7c6a39c8e
data,PU,/home/jeffwork/data_pu/N15_M07_F10_K001_19.mat,8714904,2015-09-17T19:48:35,a37bf9bbcd6f948eaca468a6f23c6d43a4ba6ade3b4cae21684ccc976414d968
data,PU,/home/jeffwork/data_pu/N15_M07_F10_K001_2.mat,8714904,2015-09-17T19:38:14,9ed50c2cf9b280e65471ee9dde35b280b5deb43a6fc861fabd7935bd772f969a
data,PU,/home/jeffwork/data_pu/N15_M07_F10_K001_20.mat,8717848,2015-09-17T19:47:42,858a5122648da178991023e08f268826f6a6ed3ccf7150e53a89fb9ca27e46ec
data,PU,/home/jeffwork/data_pu/N15_M07_F10_K001_3.mat,8717816,2015-09-17T19:38:50,721a04849ea72d90bcf623f80b2d6ca8126f3b13910f34319495af0554795549
data,PU,/home/jeffwork/data_pu/N15_M07_F10_K001_4.mat,8714904,2015-09-17T19:39:18,d4ee7fef3b3f2b1f310324034ee22894a84163d7b078c63210f77ffa589f9dc0
data,PU,/home/jeffwork/data_pu/N15_M07_F10_K001_5.mat,8714904,2015-09-17T19:39:48,f47c9c9de878ba24479b7f8c1cb48c813354ec71a57112d35b1d87986124fe55
data,PU,/home/jeffwork/data_pu/N15_M07_F10_K001_6.mat,8714904,2015-09-17T19:40:18,725dcc9f7d78a07aeb9f221e34a35d144911cdab561da1828a2f0d403826dde5
data,PU,/home/jeffwork/data_pu/N15_M07_F10_K001_7.mat,8714904,2015-09-17T19:40:50,50db4e44b1ac337053a8ba45d7bfde75388eb6950ed9829f93af30980344a72e
data,PU,/home/jeffwork/data_pu/N15_M07_F10_K001_8.mat,8717624,2015-09-17T19:41:22,dbeed0fc3bc2a7430cab577922d144e42070108e361e7cb2cb528c70f3ff447f
data,PU,/home/jeffwork/data_pu/N15_M07_F10_K001_9.mat,8717432,2015-09-17T19:41:58,a4d412efe4c57563e79ddfe99d2d15b18d53c3b08af0c6fcb28c086a9d3ecbbd
data,PU,/home/jeffwork/data_pu/N15_M07_F10_K002_1.mat,8714904,2015-03-25T16:45:56,e2955b32c984c2e2557248ef2c7fbe213c180ade11dcfab8e4456712f785aabb
data,PU,/home/jeffwork/data_pu/N15_M07_F10_K002_10.mat,8714904,2015-03-25T17:00:40,8261a59538d8aa5105e743769c0c926ea5f574fd97f7da6f522b270bb90861c4
data,PU,/home/jeffwork/data_pu/N15_M07_F10_K002_11.mat,8715000,2015-03-25T16:54:48,0d01fb7d2d1093961dd2f48ebc29abf00537c31eb580ccd7568d9e77d49df49b
data,PU,/home/jeffwork/data_pu/N15_M07_F10_K002_12.mat,8714904,2015-03-25T17:04:11,4706779bc3351175185477fd7e727ff54668e4def84bdf2072d2af7950d30efd
data,PU,/home/jeffwork/data_pu/N15_M07_F10_K002_13.mat,8714904,2015-03-25T17:01:30,3718addebdb8baf62af95f36083657d251625fb86884137cbd817e9d85bafaad
data,PU,/home/jeffwork/data_pu/N15_M07_F10_K002_14.mat,8714904,2015-03-25T16:56:04,367c815af3a969993dfcbbac311fdbab591aa137ebfb52d7f2c6ab7443d54b60
data,PU,/home/jeffwork/data_pu/N15_M07_F10_K002_15.mat,8714904,2015-03-25T16:56:28,fe99f36098bd00c43dbfb68e4cff99251ff8a52bf4b6928bb678847f585c1a58
data,PU,/home/jeffwork/data_pu/N15_M07_F10_K002_16.mat,8714904,2015-03-25T17:02:03,735bfb60d8ed37548479133a843be76056076f794c43a1c624c75742066945fd
data,PU,/home/jeffwork/data_pu/N15_M07_F10_K002_17.mat,8714872,2015-03-25T16:57:24,e6a1ecd7efc1e746c788f3e893587c2fa79a9d07c41430ac5b457046e7109784
data,PU,/home/jeffwork/data_pu/N15_M07_F10_K002_18.mat,9427352,2015-03-25T17:05:31,0b47f96459000ac3a8c66b3ea9de59d11ff65669854bd9f20995c82aafb7009f
data,PU,/home/jeffwork/data_pu/N15_M07_F10_K002_19.mat,8714904,2015-03-25T17:04:54,54183e5257bd1aaaa4235d44207e655750ec9685c6ad1e78188862d04e2cb11b
data,PU,/home/jeffwork/data_pu/N15_M07_F10_K002_2.mat,8714904,2015-03-25T16:51:01,c1f4ea201d157be12c0f7f4587281804e0f7af5c9a3ce6b75b6a34f90fbdf62d
data,PU,/home/jeffwork/data_pu/N15_M07_F10_K002_20.mat,8714904,2015-03-25T16:58:19,825872ede088c122ac92c13177d48374dd7a26f6b39d382e6b728e42a1c0e21a
data,PU,/home/jeffwork/data_pu/N15_M07_F10_K002_3.mat,8719192,2015-03-25T16:59:07,2f854f3e6e9d0d86ce706f115ef81a452fff8dc9d22c909924b591244a4f5a66
data,PU,/home/jeffwork/data_pu/N15_M07_F10_K002_4.mat,8714904,2015-03-25T16:51:47,e66091caf2624fc91995d679e717d6dea2332e63b544fc58e4ed2643fb870f43
data,PU,/home/jeffwork/data_pu/N15_M07_F10_K002_5.mat,8714936,2015-03-25T16:52:13,5a54462656ed06d73f84d2c5718e239ba51839966961b6f4fa8c5e165f015a84
data,PU,/home/jeffwork/data_pu/N15_M07_F10_K002_6.mat,8714872,2015-03-25T16:52:35,1fba8772c35a262b71ce3defc3df5dbfd7007260ba6bd6433849b993fe6fe228
data,PU,/home/jeffwork/data_pu/N15_M07_F10_K002_7.mat,8714936,2015-03-25T16:59:40,925d5c9289f9da2c9cc247064269231424fe4a571d6a09e4567af16817b988be
data,PU,/home/jeffwork/data_pu/N15_M07_F10_K002_8.mat,8714968,2015-03-25T17:00:00,204b2c8d34a0b5e504ff4eafcf0220368d8bacf705f9cebfe1d86879ca166272
data,PU,/home/jeffwork/data_pu/N15_M07_F10_K002_9.mat,8714904,2015-03-25T17:03:40,a7f1558252c9ddaebde1b2c081c73f4dfe3fa49b811139e5333b83a079dfb939
data,PU,/home/jeffwork/data_pu/N15_M07_F10_KA04_1.mat,8715000,2014-06-10T17:44:14,c1caff884401a8476d3e8f42fb6efcd57c721888706af26cfeaeb2c3e99b35a5
data,PU,/home/jeffwork/data_pu/N15_M07_F10_KA04_10.mat,8714904,2014-06-10T18:04:48,f08980bb636df4a470bd426e49ed7fb79520cd20621afdb54713485df8088699
data,PU,/home/jeffwork/data_pu/N15_M07_F10_KA04_11.mat,8714936,2014-06-10T18:05:30,8430bfaaffb028e247b30c1f03cef3e7433ea72aeb4bf04196ebdbfee20d5f21
data,PU,/home/jeffwork/data_pu/N15_M07_F10_KA04_12.mat,8714872,2014-06-10T18:10:12,324360947f65b9902bbd28e069d7bb51eacc28d49a40d079ffcf7b229523963f
data,PU,/home/jeffwork/data_pu/N15_M07_F10_KA04_13.mat,8714904,2014-06-10T18:08:30,c1e12cfd000f0ef970ca0b1b7696d54f222872c6123695c0359a5a24c35da18f
data,PU,/home/jeffwork/data_pu/N15_M07_F10_KA04_14.mat,8717976,2014-06-10T18:07:12,e2979b222adf2d925aafa8b2371c4e7147ad6511d24a1cf353e75263cf322e7d
data,PU,/home/jeffwork/data_pu/N15_M07_F10_KA04_15.mat,8718024,2014-06-10T18:10:43,ad870b80541698fb2d449cc2ced9c43567160501f4736efb10f577099fb94716
data,PU,/home/jeffwork/data_pu/N15_M07_F10_KA04_16.mat,8717768,2014-06-10T18:11:12,a124e25e24de9596f10688776e4acece47c6b40ef3305fc5da673bfe6755b10d
data,PU,/home/jeffwork/data_pu/N15_M07_F10_KA04_17.mat,8714904,2014-06-10T18:12:16,d18f7b37dc3fa95160fe53874df9d78b3f66f5c78d7e9ed868da62f63634409a
data,PU,/home/jeffwork/data_pu/N15_M07_F10_KA04_18.mat,8714904,2014-06-10T18:13:17,11a64b6e71c570bcae6e104efd9e693c5e452c0c1a56f861ef277045042618d3
data,PU,/home/jeffwork/data_pu/N15_M07_F10_KA04_19.mat,8714904,2014-06-10T18:14:15,c778511d6717f6afec1fbeac0d735380cae7c3752e5d7332fe864acbc1f20d82
data,PU,/home/jeffwork/data_pu/N15_M07_F10_KA04_2.mat,8908856,2014-06-10T17:47:01,22210c904d75338060e03859cab6c6c55c1f509ff250e266f178eb198b210017
data,PU,/home/jeffwork/data_pu/N15_M07_F10_KA04_20.mat,8714904,2014-06-10T18:14:47,b86f3dd73ab96aea6b3015cdc80a9349c621369277bf240a04ef6ccdcc39001e
data,PU,/home/jeffwork/data_pu/N15_M07_F10_KA04_3.mat,8751480,2014-06-10T17:47:27,6ae0d36410a6dd32ac307ab8ffae4d81b867b433b01ab24dcc1a12172dff2f31
data,PU,/home/jeffwork/data_pu/N15_M07_F10_KA04_4.mat,8717832,2014-06-10T17:48:03,700369d50867284ed9969d730354d4fe9e60b29d7e90e568359fcbee26615e07
data,PU,/home/jeffwork/data_pu/N15_M07_F10_KA04_5.mat,8714904,2014-06-10T17:50:02,c6dc56d18a2704193756e502b656ca21781b6ec983e4b36c5a2ef7c939d1cbfa
data,PU,/home/jeffwork/data_pu/N15_M07_F10_KA04_6.mat,8714936,2014-06-10T17:52:16,50437d1d4d20b95019dffbe8cbfd9e2e0299a09811fdab1820c515d52439ffd5
data,PU,/home/jeffwork/data_pu/N15_M07_F10_KA04_7.mat,8719072,2014-06-10T18:02:53,6b44db883db5d95330f84edf66fbda8118e4a69080b7efd3d35bd95912e6e8e1
data,PU,/home/jeffwork/data_pu/N15_M07_F10_KA04_8.mat,8714968,2014-06-10T18:03:34,ae13d0c51a5414e42f6d7a01b07f565da3b5328c86d9503ab6e389d55d0ca8ed
data,PU,/home/jeffwork/data_pu/N15_M07_F10_KA04_9.mat,8714904,2014-06-10T18:04:10,ee8f829093443313da6387955d6a8f70588c8fef2862b336e792876e1a32a837
data,PU,/home/jeffwork/data_pu/N15_M07_F10_KA15_1.mat,8714872,2014-07-29T15:09:47,48263d4e1244455b21cbbe8a4bba8fc0dbbe1c379d984ffd5d463339d676af6a
data,PU,/home/jeffwork/data_pu/N15_M07_F10_KA15_10.mat,8714872,2014-07-29T15:14:02,ac6ac1ba941b445d6e8aef54da340172d60c2067abfd8c8625aa129005811dfd
data,PU,/home/jeffwork/data_pu/N15_M07_F10_KA15_11.mat,8714872,2014-07-29T15:14:46,fe224a5253bbc586973a3548877fb31c8a402a85c2d6c9b3e30bff92c5aa2cdf
data,PU,/home/jeffwork/data_pu/N15_M07_F10_KA15_12.mat,8714936,2014-07-29T15:15:09,b5d2f7c2ec980d473b8134f9c01721040d42360b0601ee1dd9b4a5e91265652e
data,PU,/home/jeffwork/data_pu/N15_M07_F10_KA15_13.mat,8714872,2014-07-29T15:15:35,6c5bd328a1550c0242dad5542dafe9f1673859782dd70fb3c059859697199f05
data,PU,/home/jeffwork/data_pu/N15_M07_F10_KA15_14.mat,8714904,2014-07-29T15:16:03,efbd7d1490bc63ec7102e74995d2b4cad60e3b6a57d3bbea367ad5fbedf7a291
data,PU,/home/jeffwork/data_pu/N15_M07_F10_KA15_15.mat,8714904,2014-07-29T15:16:28,20f099cd319e4b94f5eb0d8ab7bc96756fa1898eac8c58b8b1dcb2ed84155653
data,PU,/home/jeffwork/data_pu/N15_M07_F10_KA15_16.mat,8714744,2014-07-29T15:16:54,d6a9615ec98a6b90b2ae4282d101aedeac64cc4159d67eacac0236a77a529e21
data,PU,/home/jeffwork/data_pu/N15_M07_F10_KA15_17.mat,8714904,2014-07-29T15:17:21,64b111333591212bf6b3bc83ceb709da01332899ef328090d1fc6fa095bebc96
data,PU,/home/jeffwork/data_pu/N15_M07_F10_KA15_18.mat,8714904,2014-07-29T15:17:45,ba1707968885cdeb19d73d8e099d6ce31c96aa53a39b3c42830cf1b8fcfa6142
data,PU,/home/jeffwork/data_pu/N15_M07_F10_KA15_19.mat,8714936,2014-07-29T15:18:10,6afdf18c1e73e25051dd06c5a402e9d92d3234fdc96637c773ceab46b8d438ce
data,PU,/home/jeffwork/data_pu/N15_M07_F10_KA15_2.mat,8714904,2014-07-29T15:10:09,088552bc2d26987e20ea30f693fe7ac9ecfd71df23998ee0bdec3716fcbd649d
data,PU,/home/jeffwork/data_pu/N15_M07_F10_KA15_20.mat,8714904,2014-07-29T15:18:35,4658ae86dd7d51098e05ca027fe61dcef9bd0052099a9f61cc84b2223e971d1f
data,PU,/home/jeffwork/data_pu/N15_M07_F10_KA15_3.mat,8714904,2014-07-29T15:10:33,33fa5141f10f736e4b62f57fcf9a3744a5442b8a212141d1d300d015c0a8f2fe
data,PU,/home/jeffwork/data_pu/N15_M07_F10_KA15_4.mat,8714904,2014-07-29T15:11:00,53e7f1f9a288036f29ac2c77ce0bb0372421cd9f48103ad7d82d751c2dc30c4d
data,PU,/home/jeffwork/data_pu/N15_M07_F10_KA15_5.mat,8714936,2014-07-29T15:11:24,8e54f2e87222172d54ae5d112d364309da0973e6191c4fc1e1b669c6fc9fe700
data,PU,/home/jeffwork/data_pu/N15_M07_F10_KA15_6.mat,8714904,2014-07-29T15:11:48,65c56accbcdad094ddfc2ebabae5aa0d762d7cf0f4a490319c069d2fa2ba6786
data,PU,/home/jeffwork/data_pu/N15_M07_F10_KA15_7.mat,8714904,2014-07-29T15:12:13,44da51bf709b203b84f99b13a1f7c714b88cc91835c199cfeb9047ec60347395
data,PU,/home/jeffwork/data_pu/N15_M07_F10_KA15_8.mat,8714904,2014-07-29T15:12:36,50e52dede6e1bafa184c63fc08f746649701dcbca26aba05f082219594190f63
data,PU,/home/jeffwork/data_pu/N15_M07_F10_KA15_9.mat,8714936,2014-07-29T15:13:39,b613a04d0c753e76d6334f667a40e47150a79e215633ae36264800eac78e7558
data,PU,/home/jeffwork/data_pu/N15_M07_F10_KB23_1.mat,8714904,2015-03-25T13:21:47,fe34bbe1da2608017d48b838d2338cc04d1b333d20890ed2876a6203de6da2fe
data,PU,/home/jeffwork/data_pu/N15_M07_F10_KB23_10.mat,8714904,2015-03-25T13:37:29,67d6ba210c61246bc1420fb3905e1620022edddad069575324197d1c9bd9b830
data,PU,/home/jeffwork/data_pu/N15_M07_F10_KB23_11.mat,8717768,2015-03-25T13:37:56,e36ae60d68168f825e655f39512d0a4710e9dcc322e410f77d9e4a60840266e1
data,PU,/home/jeffwork/data_pu/N15_M07_F10_KB23_12.mat,8714904,2015-03-25T13:43:13,8ed5acbdf9c20ef7da39a827e611bcda39e2d092755870d52317a4730fde9473
data,PU,/home/jeffwork/data_pu/N15_M07_F10_KB23_13.mat,8717624,2015-03-25T13:32:12,6808b352f0d7d111d42ec9bdaff3d1eb1595220c9bb797d172eee98416c14e1c
data,PU,/home/jeffwork/data_pu/N15_M07_F10_KB23_14.mat,8717848,2015-03-25T13:32:51,c7fecba70094316e549f328cf862b033b6d0e3c8d464e300d78870e0b287ef3b
data,PU,/home/jeffwork/data_pu/N15_M07_F10_KB23_15.mat,8714904,2015-03-25T13:39:04,90873d5b9d6f02d6b0c545839e1a97c3ac39fb16d20b2c52683a207f46ef86be
data,PU,/home/jeffwork/data_pu/N15_M07_F10_KB23_16.mat,8714936,2015-03-25T13:33:33,54c06090c0e0cee613b1bcbbff08e8f8aa5f577cbcc263ec6dc8d4e03ae179e0
data,PU,/home/jeffwork/data_pu/N15_M07_F10_KB23_17.mat,8714904,2015-03-25T13:40:03,364b44da28235af2c6d5399dd7065e8ab8a0a766595bc5c425e22ca7a6b82b85
data,PU,/home/jeffwork/data_pu/N15_M07_F10_KB23_18.mat,8717800,2015-03-25T13:34:59,6f32cca163b9dadfe34c152f9755fd1fd759138720fed55244efaed2683340a2
data,PU,/home/jeffwork/data_pu/N15_M07_F10_KB23_19.mat,8714904,2015-03-25T13:45:14,cf5f5c46d95d1804bdfe8fabf9bc04098c1bbaf57c595782b750126fd5806cff
data,PU,/home/jeffwork/data_pu/N15_M07_F10_KB23_2.mat,8714808,2015-03-25T13:22:16,ca5a4b360f371d76611a7561dce70594c73884e8bda7b30ecf4a1ae922576d0b
data,PU,/home/jeffwork/data_pu/N15_M07_F10_KB23_20.mat,8717880,2015-03-25T13:41:29,bd59afa1640dca32424dd8ed71cfd1ac164ea61a461a5fbc642ef4a63e6df2ce
data,PU,/home/jeffwork/data_pu/N15_M07_F10_KB23_3.mat,8717696,2015-03-25T13:23:29,c730072a6b95243f7caaaed11330cbb2e0fbeed1fbac20231c91a318bbc46e3d
data,PU,/home/jeffwork/data_pu/N15_M07_F10_KB23_4.mat,8714872,2015-03-25T13:23:57,0fafa0cebc67e0355bac8804435ab38e046eea3402a27409d548a0a4839bbdb9
data,PU,/home/jeffwork/data_pu/N15_M07_F10_KB23_5.mat,8714968,2015-03-25T13:24:27,d5613ecf35d8570b6c7b588cbcf0a6265549110997c49deb313c3533d5d406e8
data,PU,/home/jeffwork/data_pu/N15_M07_F10_KB23_6.mat,8714904,2015-03-25T13:36:34,cb38ae6f0a3a7c3f016274c911c9c51211a26a09894d8b473f898683c08778d7
data,PU,/home/jeffwork/data_pu/N15_M07_F10_KB23_7.mat,8714904,2015-03-25T13:29:24,35c444512837ffa134c84746451ece08a8220e81947a9bc046243141a591cad9
data,PU,/home/jeffwork/data_pu/N15_M07_F10_KB23_8.mat,8717864,2015-03-25T13:29:53,979e64e72228247e3dfa9b9f13d68eb7d0c7d756aeafe8d180d47d4cb7597a81
data,PU,/home/jeffwork/data_pu/N15_M07_F10_KB23_9.mat,8744824,2015-03-25T13:37:03,bb494003197d7a6387c6970005992bea4db71a00f180535b8d0b6793026371aa
data,PU,/home/jeffwork/data_pu/N15_M07_F10_KB24_1.mat,8714872,2015-09-21T11:19:13,f2b5491d77d4cdd4872cb48cbcef8b914a8f8a55153cd922a287e66bc8dba445
data,PU,/home/jeffwork/data_pu/N15_M07_F10_KB24_10.mat,8718560,2015-09-21T11:24:09,10b7ea98bc8ba6f743f5a4235d0bcf800e73fc3673da396c1edd6ff225434a7a
data,PU,/home/jeffwork/data_pu/N15_M07_F10_KB24_11.mat,8714904,2015-09-21T11:24:42,ce673c92632b37564d3e410b6017a942d1c6cf13c92dd15bc2cffd72179cc102
data,PU,/home/jeffwork/data_pu/N15_M07_F10_KB24_12.mat,8724248,2015-09-21T11:25:18,d93b0c405627240a6f65dab22b2f638ca51f8d90b4eff299d7fe4272f30783c9
data,PU,/home/jeffwork/data_pu/N15_M07_F10_KB24_13.mat,8717848,2015-09-21T11:30:24,7245ae84a115a4274131fc82487f4e7f6af1b4f99af488ee99f7af0e69738423
data,PU,/home/jeffwork/data_pu/N15_M07_F10_KB24_14.mat,8732248,2015-09-21T11:26:10,db4d148983a2676059638252baa4e7af4dd8ce7dc7e8489afe407663e0970917
data,PU,/home/jeffwork/data_pu/N15_M07_F10_KB24_15.mat,8714968,2015-09-21T11:26:39,51a989c002353c8a717aa1c0b56bda73872d8cbdf6827a3a47102b6ba3361cff
data,PU,/home/jeffwork/data_pu/N15_M07_F10_KB24_16.mat,8717912,2015-09-21T11:27:11,065619399495254b68419e063f0b90077c45e7b821d548f731334c1b30131467
data,PU,/home/jeffwork/data_pu/N15_M07_F10_KB24_17.mat,8733816,2015-09-21T11:27:41,8bf348f270bc25e1ce7d0704ff32445ebcb6c9a174b331837fd1f71ca162aff9
data,PU,/home/jeffwork/data_pu/N15_M07_F10_KB24_18.mat,8718136,2015-09-21T11:28:19,bcff2436d7af04fb84cd0228ab0947dd30cd7b7ed16450be5a7c19c7086cbfe2
data,PU,/home/jeffwork/data_pu/N15_M07_F10_KB24_19.mat,8718424,2015-09-21T11:28:53,8479bd535de2a4506345eb69e8970ac5e4686544e5b2f310a47225c399473008
data,PU,/home/jeffwork/data_pu/N15_M07_F10_KB24_2.mat,8714904,2015-09-21T11:19:47,ce503b21bf533a49504ca3366bf0109d1c69331c0c467de46eaef0c9ff66b46b
data,PU,/home/jeffwork/data_pu/N15_M07_F10_KB24_20.mat,8714904,2015-09-21T11:29:22,7e1b65eae97c3a770ef1a51c44b01461b4bd6ae8f6dce8186cd03aa1eded86f9
data,PU,/home/jeffwork/data_pu/N15_M07_F10_KB24_3.mat,8909432,2015-09-21T11:20:17,0674a7b41a7b53385c5deb72e3330c83736a037078cc8e9bc065102bdb0cd423
data,PU,/home/jeffwork/data_pu/N15_M07_F10_KB24_4.mat,8717560,2015-09-21T11:21:01,e598eaf41759423b12672e701587bde1073f3114f079b588251db78aceb8c374
data,PU,/home/jeffwork/data_pu/N15_M07_F10_KB24_5.mat,8738968,2015-09-21T11:21:32,71c6089a90be12783ffa9072de1e69cd2e6ba394199eca6c76adb7957ca971fe
data,PU,/home/jeffwork/data_pu/N15_M07_F10_KB24_6.mat,8734040,2015-09-21T11:22:05,0a886b667ac60c35c0f34bb7d7ec79dd651f68ede71fe31b71eedd0433cdab61
data,PU,/home/jeffwork/data_pu/N15_M07_F10_KB24_7.mat,8728568,2015-09-21T11:22:35,c845b8909ce34d74b10dd7536455b6a60915041796a582bedc19f347802843e0
data,PU,/home/jeffwork/data_pu/N15_M07_F10_KB24_8.mat,8718200,2015-09-21T11:23:08,cca496e0dff75855b98433821694bf00f122dbe0b4668ee7cefe8793ee05aa89
data,PU,/home/jeffwork/data_pu/N15_M07_F10_KB24_9.mat,8714904,2015-09-21T11:23:37,2091ef4d5c1ee83444b63a438ec2f10f2caa531b09dbc556729856b5f8b6b8ae
data,PU,/home/jeffwork/data_pu/N15_M07_F10_KB27_1.mat,8714904,2014-08-07T10:00:31,f251e86e3596742af8a78ac00ce133421af2b3b36d442ae637b5d865ba7624e9
data,PU,/home/jeffwork/data_pu/N15_M07_F10_KB27_10.mat,8714968,2014-08-07T10:07:11,baec239a4e3b0730ccae26b89c9cb3b7b202ec8664e9e6b4365d984b8674bfc0
data,PU,/home/jeffwork/data_pu/N15_M07_F10_KB27_11.mat,8909784,2014-08-07T10:08:15,fd7da8d76a3b9175ac4bef446100401cde5a6b12f435486185376470b3c31032
data,PU,/home/jeffwork/data_pu/N15_M07_F10_KB27_12.mat,8717768,2014-08-07T10:08:42,b569dc6ba1d3534251e9731893c9cdbf557747e0325cbed4e5209a950166e681
data,PU,/home/jeffwork/data_pu/N15_M07_F10_KB27_13.mat,8714872,2014-08-07T10:09:26,0ff9a9f607b7a126daad17bf2bead191532bf4a0458d64ac9975a3699278f0db
data,PU,/home/jeffwork/data_pu/N15_M07_F10_KB27_14.mat,8715032,2014-08-07T10:10:11,d2ad447e2e94b87c6b5babe832f83c44f9089255d35621cf9a38ebe2732a11a7
data,PU,/home/jeffwork/data_pu/N15_M07_F10_KB27_15.mat,8714872,2014-08-07T10:10:35,0b7cdb25776a06ba1b90fc48770c0c55533cab9c24839027d158aefaaee62264
data,PU,/home/jeffwork/data_pu/N15_M07_F10_KB27_16.mat,8714872,2014-08-07T10:12:05,3b201c0e77adf88e152e68eface1feb636a894f23bd89c41751e6bbd29a983a2
data,PU,/home/jeffwork/data_pu/N15_M07_F10_KB27_17.mat,8714872,2014-08-07T10:13:07,99889a0b83cc1b5444e67b36de9e6351b9a3ad0f169c363b391942254a0230ae
data,PU,/home/jeffwork/data_pu/N15_M07_F10_KB27_18.mat,8714968,2014-08-07T10:14:11,804985e98c1207dc261a920a5f49a6fadab65381beb324fd9adc7f53082ad9b5
data,PU,/home/jeffwork/data_pu/N15_M07_F10_KB27_19.mat,8714904,2014-08-07T10:14:35,047ab19662c56ef53078848e58dd99adf00288a127d0aed2dcb592f2247d7d86
data,PU,/home/jeffwork/data_pu/N15_M07_F10_KB27_2.mat,8714840,2014-08-07T10:01:21,45b57d94ea699c00ba4708068166cb11e403cc850ca5cde400ae2cdaaaf4a298
data,PU,/home/jeffwork/data_pu/N15_M07_F10_KB27_20.mat,8714872,2014-08-07T10:15:00,7d946ef5be80114d67abcabac617227cce9b21cc035b82db42b490fd9e09048a
data,PU,/home/jeffwork/data_pu/N15_M07_F10_KB27_3.mat,8714872,2014-08-07T10:01:49,e9fd2a9c3ec1ed1669d7fd296666e44d677c39458647da7ca83ac4fdb1daa547
data,PU,/home/jeffwork/data_pu/N15_M07_F10_KB27_4.mat,8717928,2014-08-07T10:02:15,548b00b150d62053d2397aca324ec17a2ee05d91ff1d0a42d6c75c21fc19a8db
data,PU,/home/jeffwork/data_pu/N15_M07_F10_KB27_5.mat,8717800,2014-08-07T10:03:00,efe0a40b7d93c8993cbe4867ecd09a1ff92552c26250ac5f9159c587d0e53f25
data,PU,/home/jeffwork/data_pu/N15_M07_F10_KB27_6.mat,8714872,2014-08-07T10:03:46,05eee987b4f58932d027abf6b19137ed78fc30ad1825bb2feff48323de4c865a
data,PU,/home/jeffwork/data_pu/N15_M07_F10_KB27_7.mat,8717912,2014-08-07T10:04:57,390be0cf744c0743307b06dda0670aac02465083b0b5f301fe91508fe6a60c3a
data,PU,/home/jeffwork/data_pu/N15_M07_F10_KB27_8.mat,8714904,2014-08-07T10:05:42,e9573b169aabe15332cb6c594e975d4ce21bafdb4ba96cbd57fda7ee85e7f459
data,PU,/home/jeffwork/data_pu/N15_M07_F10_KB27_9.mat,8717832,2014-08-07T10:06:47,e67676106501ab127bf3deab7cbf854f8c4f15bc8b8025e695163089e1fc393d
data,PU,/home/jeffwork/data_pu/N15_M07_F10_KI01_1.mat,8779128,2015-09-18T10:41:37,2c416a31264ec26cabff14922cd204c62bf0ee95fa309289a94e4ddb6c66d8fd
data,PU,/home/jeffwork/data_pu/N15_M07_F10_KI01_10.mat,8714904,2015-09-18T10:46:13,ab3b7fecbb05af1a7f55af8b9215eacc747592de7e862c6218aabc47f37e1377
data,PU,/home/jeffwork/data_pu/N15_M07_F10_KI01_11.mat,8714904,2015-09-18T10:46:41,8c4ed55f1271d38ec4581d84768e9d4178a556478c33641162346683f11022d6
data,PU,/home/jeffwork/data_pu/N15_M07_F10_KI01_12.mat,8714904,2015-09-18T10:47:12,fa91e98845e2f25607e68d126dfacef2ecdb50e764bdfd9dc7cf4462f6cae36c
data,PU,/home/jeffwork/data_pu/N15_M07_F10_KI01_13.mat,8731384,2015-09-18T10:47:41,038c7050da37c42c628891adda771693de73fa52434875d66fa273c142b2a3bd
data,PU,/home/jeffwork/data_pu/N15_M07_F10_KI01_14.mat,8714904,2015-09-18T10:48:09,248be6cbfe4634c2827dd3f7c4b5bb820fd6113b0516fac2cea835b9daa0db41
data,PU,/home/jeffwork/data_pu/N15_M07_F10_KI01_15.mat,8762168,2015-09-18T10:48:40,c059e26c619313c596438292bf923c950d74d2a3f136824eb959f80d9abeef28
data,PU,/home/jeffwork/data_pu/N15_M07_F10_KI01_16.mat,8718552,2015-09-18T10:49:16,1a388b5dd0e5ce390d70af6b5ac4162a0fbef732a409d992393aedab71bcc34b
data,PU,/home/jeffwork/data_pu/N15_M07_F10_KI01_17.mat,8718104,2015-09-18T10:49:49,3656b4d0b017ce8dce7e51372cd823401e3e8e42fc1308dd97894aa982b5cb13
data,PU,/home/jeffwork/data_pu/N15_M07_F10_KI01_18.mat,8717720,2015-09-18T10:50:21,69b4fcf3c406e54a03d3b78753246306abfee0c755608db2e29e9a7a8cf47aad
data,PU,/home/jeffwork/data_pu/N15_M07_F10_KI01_19.mat,8714904,2015-09-18T10:50:52,14fed48dc854e1d43d13cb119fd805d7ab3efeda606a7dd0c6e592fdc0702eba
data,PU,/home/jeffwork/data_pu/N15_M07_F10_KI01_2.mat,8748216,2015-09-18T10:42:09,902fe4136dc86d9c5e339e77fa0918de8f5e2cb87e3d3cf90a9aa28ec7cdbc88
data,PU,/home/jeffwork/data_pu/N15_M07_F10_KI01_20.mat,8719264,2015-09-18T10:51:22,47f30d3a48b82c3ccfdb8bd043ac4ce94346ed14e89231044b1cba65427e5364
data,PU,/home/jeffwork/data_pu/N15_M07_F10_KI01_3.mat,8739264,2015-09-18T10:42:43,eb79d3d244b2953f7dc8bf4b0fa82e8b13f49ef2521b965bab00d8e7d9c4ef38
data,PU,/home/jeffwork/data_pu/N15_M07_F10_KI01_4.mat,8714904,2015-09-18T10:43:14,894bf7614c775e22a1a4c238271e4f8897482702d38a7216361a9c7a5bef85a8
data,PU,/home/jeffwork/data_pu/N15_M07_F10_KI01_5.mat,8730488,2015-09-18T10:43:49,5690ee8737db060c50cb8bd9aefdd58f34a423c574b40ffb77a4aa260e5cac26
data,PU,/home/jeffwork/data_pu/N15_M07_F10_KI01_6.mat,8718272,2015-09-18T10:44:20,60cefa19c058bcb9c0c8450f7c1f92e18b926ac9fced1e221273133f4314e155
data,PU,/home/jeffwork/data_pu/N15_M07_F10_KI01_7.mat,8714904,2015-09-18T10:44:46,29618bab3066e2104c8a445a8d96b9975632a8315e7084b01adb10a7f5684e51
data,PU,/home/jeffwork/data_pu/N15_M07_F10_KI01_8.mat,8714904,2015-09-18T10:45:17,280f8ca2a61bb089d090f20500e5c866e46108225302749e2557b336e9ccb349
data,PU,/home/jeffwork/data_pu/N15_M07_F10_KI01_9.mat,8714904,2015-09-18T10:45:45,e5f67622e471184684d77c123d68a43238c28d62d47b92ba6651d93223cb0299
data,PU,/home/jeffwork/data_pu/N15_M07_F10_KI03_1.mat,8717912,2014-06-04T10:50:20,33c2a580de1a1517dcd6c9ad7b70d0c2a237ae87781870a67bd7222fcb7452f7
data,PU,/home/jeffwork/data_pu/N15_M07_F10_KI03_10.mat,8714872,2014-06-04T11:03:20,680bc2608c481da3fa27fff64628b37e4dd9f281466661ac73ffbfb0cf12d126
data,PU,/home/jeffwork/data_pu/N15_M07_F10_KI03_11.mat,8717864,2014-06-04T11:04:22,b738f5349dc0c9e26ac035044242c1fc6d43bc26c9968617f054e72c84470bb2
data,PU,/home/jeffwork/data_pu/N15_M07_F10_KI03_12.mat,8714904,2014-06-04T11:05:54,908acaa099109bf40c5de9a8bf9b56060463a1d42f6c1871d73f82b5e9c6d97f
data,PU,/home/jeffwork/data_pu/N15_M07_F10_KI03_13.mat,8718216,2014-06-04T11:06:26,4a778b99f65afeaecca2c3bb5d096324592bdccce3436872188a371750b8f3af
data,PU,/home/jeffwork/data_pu/N15_M07_F10_KI03_14.mat,8714904,2014-06-04T11:07:48,80090cd83d13885800aa543e3cba8b4b1f73ad37baadca5e4efdd701e68ee26b
data,PU,/home/jeffwork/data_pu/N15_M07_F10_KI03_15.mat,8714904,2014-06-04T11:08:52,67ead5645ca32585514b410cf29421a6b261a8ff10356b8e93f1da41c1b9962c
data,PU,/home/jeffwork/data_pu/N15_M07_F10_KI03_16.mat,8714904,2014-06-04T11:09:52,01be2d4d5fac1649ee7d43d86cea4588b37dcd503b916b9212c5bc0c6da43d9f
data,PU,/home/jeffwork/data_pu/N15_M07_F10_KI03_17.mat,8714936,2014-06-04T11:14:10,275671cf4e68e6c3c436f157a0d620c6965285f9fd06f7a46e5b7f286dd917eb
data,PU,/home/jeffwork/data_pu/N15_M07_F10_KI03_18.mat,8714872,2014-06-04T11:19:50,ea99f50c0e77fe2026d7c2a83314f6e5e111f8c6bafa0dca83705dd387699199
data,PU,/home/jeffwork/data_pu/N15_M07_F10_KI03_19.mat,8717800,2014-06-04T11:20:32,1a0e660d4ceb8d3e44a68f074579dfcac0f7f4dfae4f8f4b8e81b19b0b4d5391
data,PU,/home/jeffwork/data_pu/N15_M07_F10_KI03_2.mat,8714904,2014-06-04T10:51:16,ff1b6e9ba608e637420d82080ba532a6d545bfabb5b44325328be250ef4c0927
data,PU,/home/jeffwork/data_pu/N15_M07_F10_KI03_20.mat,8921752,2014-06-04T11:21:02,4ce63bc0721ea15055b8220b55f81002b7fe24dca4e1b6bbf02b50bf8ba970fc
data,PU,/home/jeffwork/data_pu/N15_M07_F10_KI03_3.mat,8717992,2014-06-04T10:53:02,bd1a55ca01dff3bf650aa543531d64b964c0fab0ef59d2a59119c2c8b1d2d9cb
data,PU,/home/jeffwork/data_pu/N15_M07_F10_KI03_4.mat,8717928,2014-06-04T10:54:20,b8eec864d6d4a7845291aa945465fd7497179c436da7e3589d576ceeed78f20c
data,PU,/home/jeffwork/data_pu/N15_M07_F10_KI03_5.mat,8714872,2014-06-04T10:56:58,3a5757b4016adb5b11de336a09c45e4965048b1d1b9e3b6c39ab368fc006ef66
data,PU,/home/jeffwork/data_pu/N15_M07_F10_KI03_6.mat,8717768,2014-06-04T10:57:42,c852ffb49e519c4cf211be4c9f1b50f9983a027251258f88ec0b6d5e4f202776
data,PU,/home/jeffwork/data_pu/N15_M07_F10_KI03_7.mat,8714872,2014-06-04T10:58:12,206823d7aafeac0c6590c84648f64ad5340a7761ad8a68600460e1696dc7b8dd
data,PU,/home/jeffwork/data_pu/N15_M07_F10_KI03_8.mat,8714968,2014-06-04T10:58:42,d128682c984f9243c39e441c44d3afdbb199928b4e2c5abcb500bf64d954abd7
data,PU,/home/jeffwork/data_pu/N15_M07_F10_KI03_9.mat,8717448,2014-06-04T11:02:54,c32a7d810a413d69959a1d0f1c786c6e5b2b291fe311600861955caade8d40b5
data,PU,/home/jeffwork/data_pu/N15_M07_F10_KI05_1.mat,8781912,2015-03-26T12:37:40,5c48ad5867cb6fefcb81087b05ee9c8892042d957799eea8e4ebc7ff66d799fe
data,PU,/home/jeffwork/data_pu/N15_M07_F10_KI05_10.mat,8717560,2015-03-26T12:51:58,9e7d2750be78e9bad7420ac3abec1891c34c49920cc57a2f87ba1660c31c6c3c
data,PU,/home/jeffwork/data_pu/N15_M07_F10_KI05_11.mat,8717592,2015-03-26T12:52:38,55d04054b5b5c4cf60c2d233e2516475d812ae6cc81a719993b97201e3ccfb2c
data,PU,/home/jeffwork/data_pu/N15_M07_F10_KI05_12.mat,8714904,2015-03-26T12:58:07,9fc123ede69152f70922397af56661ff3b78ce4c9bb487f2c1205e91a5862c21
data,PU,/home/jeffwork/data_pu/N15_M07_F10_KI05_13.mat,8714904,2015-03-26T12:53:20,cf045343e1560d0acf1f1d4b320d80128e6bd6d11d668a7de0b54124bb0be15d
data,PU,/home/jeffwork/data_pu/N15_M07_F10_KI05_14.mat,8717864,2015-03-26T12:53:42,ed5b2502b8ae601cdfe8204964f2cf910df1efc668602ed596bd337a238b3881
data,PU,/home/jeffwork/data_pu/N15_M07_F10_KI05_15.mat,8714904,2015-03-26T12:58:38,0a33bef7cb7d19add324e502189fd4c484f90725a244aa513b0bbd8f11f7deb2
data,PU,/home/jeffwork/data_pu/N15_M07_F10_KI05_16.mat,8715064,2015-03-26T12:59:05,e877d2b931bedeacd139df5514cd6e2c13598fe8c2b6dbbb1f9373bde8c9d631
data,PU,/home/jeffwork/data_pu/N15_M07_F10_KI05_17.mat,8714904,2015-03-26T12:59:33,928ceb9a78886c5180023a63db771aa838aed3a64071ca0d3bac27b683df23b1
data,PU,/home/jeffwork/data_pu/N15_M07_F10_KI05_18.mat,8714904,2015-03-26T12:54:57,db5de044c6562508374e23dd85630bfbc833f5c6c9ff3230b8d3d7ef9c38058a
data,PU,/home/jeffwork/data_pu/N15_M07_F10_KI05_19.mat,8717864,2015-03-26T12:55:26,ff809eacf78ea7c2baa6551d6e6a486e301969a06a16d757665922b3a5224508
data,PU,/home/jeffwork/data_pu/N15_M07_F10_KI05_2.mat,8714904,2015-03-26T12:41:28,557d389b5c3177e9a17154214818757e47c721acdafa749726f5c638908b613b
data,PU,/home/jeffwork/data_pu/N15_M07_F10_KI05_20.mat,8714904,2015-03-26T13:01:23,d50c7e5f3cdf397d3db4df54e5aa4221958ba72a59ee662cb8200b58a21e63f4
data,PU,/home/jeffwork/data_pu/N15_M07_F10_KI05_3.mat,8717592,2015-03-26T12:57:04,04b3ca726717af8a806230513073e58672910645347fe74b487eb479cb048fbc
data,PU,/home/jeffwork/data_pu/N15_M07_F10_KI05_4.mat,8722200,2015-03-26T12:47:35,b5a103a2bca0c1c713e79e2707080e9666254901182d9e76bcc37bfefe9efbcd
data,PU,/home/jeffwork/data_pu/N15_M07_F10_KI05_5.mat,8714968,2015-03-26T12:48:27,1f1a33ad7abcaaba8fb221923e299bdf9e9777d0810958c11e3552f75bc774fb
data,PU,/home/jeffwork/data_pu/N15_M07_F10_KI05_6.mat,8717720,2015-03-26T12:49:05,aef6785aab5f24018c234afcc011a58c3c742cda1fa28a5caf974526cab30d76
data,PU,/home/jeffwork/data_pu/N15_M07_F10_KI05_7.mat,8714872,2015-03-26T12:50:29,91154da1024c88b677975a6e84a7c7866d0f61b577399cf36453327d652df8f1
data,PU,/home/jeffwork/data_pu/N15_M07_F10_KI05_8.mat,8714872,2015-03-26T12:51:11,76951813e36d7f159fc225dbadb8e8727e892d95988a9d0d3da0c9698022e0a0
data,PU,/home/jeffwork/data_pu/N15_M07_F10_KI05_9.mat,8731672,2015-03-26T13:01:56,d25bc684031f7a91c2d8561f38bc37857dbb15b870205471bf16f34f5f1342d3
subset_link,CWRU16,tmp/cwru_16/100.mat,7770624,,→ /home/jeffwork/data_cwru/100.mat
subset_link,CWRU16,tmp/cwru_16/105.mat,2910768,,→ /home/jeffwork/mamba_test/data/105.mat
subset_link,CWRU16,tmp/cwru_16/106.mat,2928192,,→ /home/jeffwork/data_cwru/106.mat
subset_link,CWRU16,tmp/cwru_16/107.mat,2931672,,→ /home/jeffwork/data_cwru/107.mat
subset_link,CWRU16,tmp/cwru_16/108.mat,2950416,,→ /home/jeffwork/data_cwru/108.mat
subset_link,CWRU16,tmp/cwru_16/118.mat,2942112,,→ /home/jeffwork/mamba_test/data/118.mat
subset_link,CWRU16,tmp/cwru_16/119.mat,2914248,,→ /home/jeffwork/data_cwru/119.mat
subset_link,CWRU16,tmp/cwru_16/120.mat,2917752,,→ /home/jeffwork/data_cwru/120.mat
subset_link,CWRU16,tmp/cwru_16/121.mat,2917752,,→ /home/jeffwork/data_cwru/121.mat
subset_link,CWRU16,tmp/cwru_16/130.mat,2928192,,→ /home/jeffwork/mamba_test/data/130.mat
subset_link,CWRU16,tmp/cwru_16/131.mat,2938632,,→ /home/jeffwork/data_cwru/131.mat
subset_link,CWRU16,tmp/cwru_16/132.mat,2914248,,→ /home/jeffwork/data_cwru/132.mat
subset_link,CWRU16,tmp/cwru_16/133.mat,2942112,,→ /home/jeffwork/data_cwru/133.mat
subset_link,CWRU16,tmp/cwru_16/97.mat,3903344,,→ /home/jeffwork/mamba_test/data/97.mat
subset_link,CWRU16,tmp/cwru_16/98.mat,7742720,,→ /home/jeffwork/data_cwru/98.mat
subset_link,CWRU16,tmp/cwru_16/99.mat,15503928,,→ /home/jeffwork/data_cwru/99.mat
code,-,code/prior_screen.py,16202,2026-09-10T16:22:18,cfa51dbecbdb0483e8079d552c1a449ceaf7280f684ce631a2e3fa367c2978fa
code,-,code/cross_eval.py,3682,2026-09-11T11:07:44,e64fde347d515d0b6991bbdf852e7a95eca8b4fa0dd67f8f24529df617afcf19
code,-,code/pu_splits.py,10197,2026-08-26T10:20:36,659603cb579acde21ce977c5f4c28cf456b20ab98e8e3ed0582ee064fbab5941
code,-,code/jnu_balance.py,3414,2026-08-26T17:24:36,988b5d1b34d6acf532e739b4705ed348ef7762faa5f81d4b64f5b92e8a749557
code,-,code/analyze_arms.py,9732,2026-08-26T20:05:14,8eaf637e4d02a5ef0bf9e57b6dda1b324aea0ae4d15b37a38c5966f3444f4e17
code,-,code/analyze_bbp.py,7916,2026-08-25T23:35:32,12466d2681b9850c2e2baf26c7360937ccd72049a5d5683713cfb57ca42af1c2
code,-,code/analyze_variance_share.py,5758,2026-08-26T10:23:22,1a48cc588cb698d5339fae6dd0ed6fc4b27d41a2095075990138cf80de8c97ad
code,-,code/pbx/data/__init__.py,406,2026-08-25T08:36:23,4af43c5cea9999e95f68e7b9c1ba802837bc2defed60218265f6cb6877c10f53
code,-,code/pbx/data/cwru_loader.py,7199,2026-08-25T08:36:23,3fcb5ba1ed5629a03a983e0bd7c9c271df6e03614d3303a17b29f3e0764e153f
code,-,code/pbx/data/dataset.py,2357,2026-08-25T08:36:23,fef0665d26939ce2436dc113c4514e1dfc2183aee54cf4891e3fc4e345e5cdf9
code,-,code/pbx/data/jnu_loader.py,5064,2026-08-25T08:36:23,dd9308803bb69fe89487076915c03f0fbe330eecfe9ecda14f043539f8b32bb6
code,-,code/pbx/data/noise_augment.py,2877,2026-08-25T08:36:23,241f87c277496c2c1a0eeb4f86d1399da69ef880f5ee31a79212c95b72d4228c
code,-,code/pbx/data/pu_loader.py,5367,2026-08-25T08:36:23,f90fde40953d24c7eee8b817bb8de26034ad57110b47b9f9f01ee8946bd1e96c
code,-,code/pbx/data/splits_v2.py,13562,2026-08-25T08:36:23,52c3b94c222b0a4675cf8d7135d22ea6f981b34e498bc1639fb4ec6f271bf49a
code,-,code/pbx/models/__init__.py,369,2026-08-25T08:36:23,368c0732cd785edc8c83b09a4d760b73f6a071ec546c3422171099da803881e3
code,-,code/pbx/models/cnn_1d.py,810,2026-08-25T08:36:23,82c4bfab57266fde2759bef2aa9905e81ee1f2f767d4ad75511a5b3175743921
code,-,code/pbx/models/common.py,854,2026-08-25T08:36:23,3c0dc9a138fa1d37818f2579765b39b620a9a55e5baa1e1a2fde1fc8ac986d0c
code,-,code/pbx/models/drsn.py,2255,2026-08-25T08:36:23,f4ffaa0555838201d4d5c116b9a46394d95de63e4b9c8899ba0e96f8b9616bc1
code,-,code/pbx/models/lstm_model.py,799,2026-08-25T08:36:23,d96a0ad54b1cb100985098edb5e35ed6726d21aff9749c30d218f7666b5dddfc
code,-,code/pbx/models/transformer_1d.py,1703,2026-08-25T08:36:23,10ce51b1f791492988dd48c05f724d6cc5cd759cc348e84faaa592f4fc275c8a
code,-,code/pbx/models/wdcnn.py,1244,2026-08-25T08:36:23,4bca2b3a963148730aacbc5e66d6707f0f8a4a7008dad5dad609368435f75bc0
