instance_id,source_json,role,dataset,subset_protocol,split_seed,model,seed,seed_type,epochs,n_train,best_val_acc,noise_impl,snr_grid,collapse_rule,weights_path,weights_sha256,code_hash_at_run,code_hash_prior_screen_now,n_train_source,config_replicate_of
cwru_prior_screen::cnn1d::s0,cwru_prior_screen.json,analysis,CWRU,40file,42,cnn1d,0,torch+numpy global (train_one); eval noise RNG 未单独设种,60,6391,0.9995777010917664,add_awgn_tensor (per-window power),0|-2|-4|-6|-8,conc>=0.90 per SNR,,missing,not captured,cfa51dbecbdb0483,log header train=(),
cwru_prior_screen::cnn1d::s1,cwru_prior_screen.json,analysis,CWRU,40file,42,cnn1d,1,torch+numpy global (train_one); eval noise RNG 未单独设种,60,6391,0.9995777010917664,add_awgn_tensor (per-window power),0|-2|-4|-6|-8,conc>=0.90 per SNR,,missing,not captured,cfa51dbecbdb0483,log header train=(),
cwru_prior_screen::cnn1d::s2,cwru_prior_screen.json,analysis,CWRU,40file,42,cnn1d,2,torch+numpy global (train_one); eval noise RNG 未单独设种,60,6391,0.9995777010917664,add_awgn_tensor (per-window power),0|-2|-4|-6|-8,conc>=0.90 per SNR,,missing,not captured,cfa51dbecbdb0483,log header train=(),
cwru_prior_screen::cnn1d::s3,cwru_prior_screen.json,analysis,CWRU,40file,42,cnn1d,3,torch+numpy global (train_one); eval noise RNG 未单独设种,60,6391,0.9991554021835327,add_awgn_tensor (per-window power),0|-2|-4|-6|-8,conc>=0.90 per SNR,,missing,not captured,cfa51dbecbdb0483,log header train=(),
cwru_prior_screen::cnn1d::s4,cwru_prior_screen.json,analysis,CWRU,40file,42,cnn1d,4,torch+numpy global (train_one); eval noise RNG 未单独设种,60,6391,0.9995777010917664,add_awgn_tensor (per-window power),0|-2|-4|-6|-8,conc>=0.90 per SNR,,missing,not captured,cfa51dbecbdb0483,log header train=(),
cwru_prior_screen::wdcnn::s0,cwru_prior_screen.json,analysis,CWRU,40file,42,wdcnn,0,torch+numpy global (train_one); eval noise RNG 未单独设种,60,6391,1.0,add_awgn_tensor (per-window power),0|-2|-4|-6|-8,conc>=0.90 per SNR,,missing,not captured,cfa51dbecbdb0483,log header train=(),
cwru_prior_screen::wdcnn::s1,cwru_prior_screen.json,analysis,CWRU,40file,42,wdcnn,1,torch+numpy global (train_one); eval noise RNG 未单独设种,60,6391,0.9995777010917664,add_awgn_tensor (per-window power),0|-2|-4|-6|-8,conc>=0.90 per SNR,,missing,not captured,cfa51dbecbdb0483,log header train=(),
cwru_prior_screen::wdcnn::s2,cwru_prior_screen.json,analysis,CWRU,40file,42,wdcnn,2,torch+numpy global (train_one); eval noise RNG 未单独设种,60,6391,0.9995777010917664,add_awgn_tensor (per-window power),0|-2|-4|-6|-8,conc>=0.90 per SNR,,missing,not captured,cfa51dbecbdb0483,log header train=(),
cwru_prior_screen::wdcnn::s3,cwru_prior_screen.json,analysis,CWRU,40file,42,wdcnn,3,torch+numpy global (train_one); eval noise RNG 未单独设种,60,6391,1.0,add_awgn_tensor (per-window power),0|-2|-4|-6|-8,conc>=0.90 per SNR,,missing,not captured,cfa51dbecbdb0483,log header train=(),
cwru_prior_screen::wdcnn::s4,cwru_prior_screen.json,analysis,CWRU,40file,42,wdcnn,4,torch+numpy global (train_one); eval noise RNG 未单独设种,60,6391,1.0,add_awgn_tensor (per-window power),0|-2|-4|-6|-8,conc>=0.90 per SNR,,missing,not captured,cfa51dbecbdb0483,log header train=(),
cwru_prior_screen::lstm::s0,cwru_prior_screen.json,analysis,CWRU,40file,42,lstm,0,torch+numpy global (train_one); eval noise RNG 未单独设种,60,6391,0.9983108043670654,add_awgn_tensor (per-window power),0|-2|-4|-6|-8,conc>=0.90 per SNR,,missing,not captured,cfa51dbecbdb0483,log header train=(),
cwru_prior_screen::lstm::s1,cwru_prior_screen.json,analysis,CWRU,40file,42,lstm,1,torch+numpy global (train_one); eval noise RNG 未单独设种,60,6391,0.9970439076423645,add_awgn_tensor (per-window power),0|-2|-4|-6|-8,conc>=0.90 per SNR,,missing,not captured,cfa51dbecbdb0483,log header train=(),
cwru_prior_screen::lstm::s2,cwru_prior_screen.json,analysis,CWRU,40file,42,lstm,2,torch+numpy global (train_one); eval noise RNG 未单独设种,60,6391,0.9974662065505981,add_awgn_tensor (per-window power),0|-2|-4|-6|-8,conc>=0.90 per SNR,,missing,not captured,cfa51dbecbdb0483,log header train=(),
cwru_prior_screen::lstm::s3,cwru_prior_screen.json,analysis,CWRU,40file,42,lstm,3,torch+numpy global (train_one); eval noise RNG 未单独设种,60,6391,0.9987331032752991,add_awgn_tensor (per-window power),0|-2|-4|-6|-8,conc>=0.90 per SNR,,missing,not captured,cfa51dbecbdb0483,log header train=(),
cwru_prior_screen::lstm::s4,cwru_prior_screen.json,analysis,CWRU,40file,42,lstm,4,torch+numpy global (train_one); eval noise RNG 未单独设种,60,6391,0.9987331032752991,add_awgn_tensor (per-window power),0|-2|-4|-6|-8,conc>=0.90 per SNR,,missing,not captured,cfa51dbecbdb0483,log header train=(),
cwru_prior_screen::transformer::s0,cwru_prior_screen.json,analysis,CWRU,40file,42,transformer,0,torch+numpy global (train_one); eval noise RNG 未单独设种,60,6391,0.9978885054588318,add_awgn_tensor (per-window power),0|-2|-4|-6|-8,conc>=0.90 per SNR,,missing,not captured,cfa51dbecbdb0483,log header train=(),
cwru_prior_screen::transformer::s1,cwru_prior_screen.json,analysis,CWRU,40file,42,transformer,1,torch+numpy global (train_one); eval noise RNG 未单独设种,60,6391,0.9978885054588318,add_awgn_tensor (per-window power),0|-2|-4|-6|-8,conc>=0.90 per SNR,,missing,not captured,cfa51dbecbdb0483,log header train=(),
cwru_prior_screen::transformer::s2,cwru_prior_screen.json,analysis,CWRU,40file,42,transformer,2,torch+numpy global (train_one); eval noise RNG 未单独设种,60,6391,0.9991554021835327,add_awgn_tensor (per-window power),0|-2|-4|-6|-8,conc>=0.90 per SNR,,missing,not captured,cfa51dbecbdb0483,log header train=(),
cwru_prior_screen::transformer::s3,cwru_prior_screen.json,analysis,CWRU,40file,42,transformer,3,torch+numpy global (train_one); eval noise RNG 未单独设种,60,6391,0.9991554021835327,add_awgn_tensor (per-window power),0|-2|-4|-6|-8,conc>=0.90 per SNR,,missing,not captured,cfa51dbecbdb0483,log header train=(),
cwru_prior_screen::transformer::s4,cwru_prior_screen.json,analysis,CWRU,40file,42,transformer,4,torch+numpy global (train_one); eval noise RNG 未单独设种,60,6391,1.0,add_awgn_tensor (per-window power),0|-2|-4|-6|-8,conc>=0.90 per SNR,,missing,not captured,cfa51dbecbdb0483,log header train=(),
cwru_prior_screen::drsn::s0,cwru_prior_screen.json,analysis,CWRU,40file,42,drsn,0,torch+numpy global (train_one); eval noise RNG 未单独设种,60,6391,0.9995777010917664,add_awgn_tensor (per-window power),0|-2|-4|-6|-8,conc>=0.90 per SNR,,missing,not captured,cfa51dbecbdb0483,log header train=(),
cwru_prior_screen::drsn::s1,cwru_prior_screen.json,analysis,CWRU,40file,42,drsn,1,torch+numpy global (train_one); eval noise RNG 未单独设种,60,6391,1.0,add_awgn_tensor (per-window power),0|-2|-4|-6|-8,conc>=0.90 per SNR,,missing,not captured,cfa51dbecbdb0483,log header train=(),
cwru_prior_screen::drsn::s2,cwru_prior_screen.json,analysis,CWRU,40file,42,drsn,2,torch+numpy global (train_one); eval noise RNG 未单独设种,60,6391,0.9995777010917664,add_awgn_tensor (per-window power),0|-2|-4|-6|-8,conc>=0.90 per SNR,,missing,not captured,cfa51dbecbdb0483,log header train=(),
cwru_prior_screen::drsn::s3,cwru_prior_screen.json,analysis,CWRU,40file,42,drsn,3,torch+numpy global (train_one); eval noise RNG 未单独设种,60,6391,0.9995777010917664,add_awgn_tensor (per-window power),0|-2|-4|-6|-8,conc>=0.90 per SNR,,missing,not captured,cfa51dbecbdb0483,log header train=(),
cwru_prior_screen::drsn::s4,cwru_prior_screen.json,analysis,CWRU,40file,42,drsn,4,torch+numpy global (train_one); eval noise RNG 未单独设种,60,6391,0.9995777010917664,add_awgn_tensor (per-window power),0|-2|-4|-6|-8,conc>=0.90 per SNR,,missing,not captured,cfa51dbecbdb0483,log header train=(),
cwru_ep100_probe::cnn1d::s0,cwru_ep100_probe.json,analysis,CWRU,40file,42,cnn1d,0,torch+numpy global (train_one); eval noise RNG 未单独设种,100,6391,0.9995777010917664,add_awgn_tensor (per-window power),-8|-6|-4|-2|0,conc>=0.90 per SNR,,missing,not captured,cfa51dbecbdb0483,record,
cwru_ep100_probe::cnn1d::s1,cwru_ep100_probe.json,analysis,CWRU,40file,42,cnn1d,1,torch+numpy global (train_one); eval noise RNG 未单独设种,100,6391,0.9995777010917664,add_awgn_tensor (per-window power),-8|-6|-4|-2|0,conc>=0.90 per SNR,,missing,not captured,cfa51dbecbdb0483,record,
cwru_ep100_probe::wdcnn::s0,cwru_ep100_probe.json,analysis,CWRU,40file,42,wdcnn,0,torch+numpy global (train_one); eval noise RNG 未单独设种,100,6391,1.0,add_awgn_tensor (per-window power),-8|-6|-4|-2|0,conc>=0.90 per SNR,,missing,not captured,cfa51dbecbdb0483,record,
cwru_ep100_probe::wdcnn::s1,cwru_ep100_probe.json,analysis,CWRU,40file,42,wdcnn,1,torch+numpy global (train_one); eval noise RNG 未单独设种,100,6391,1.0,add_awgn_tensor (per-window power),-8|-6|-4|-2|0,conc>=0.90 per SNR,,missing,not captured,cfa51dbecbdb0483,record,
cwru_ep100_probe::drsn::s0,cwru_ep100_probe.json,analysis,CWRU,40file,42,drsn,0,torch+numpy global (train_one); eval noise RNG 未单独设种,100,6391,0.9995777010917664,add_awgn_tensor (per-window power),-8|-6|-4|-2|0,conc>=0.90 per SNR,,missing,not captured,cfa51dbecbdb0483,record,
cwru_ep100_probe::drsn::s1,cwru_ep100_probe.json,analysis,CWRU,40file,42,drsn,1,torch+numpy global (train_one); eval noise RNG 未单独设种,100,6391,0.9995777010917664,add_awgn_tensor (per-window power),-8|-6|-4|-2|0,conc>=0.90 per SNR,,missing,not captured,cfa51dbecbdb0483,record,
cwru_16file_probe::cnn1d::s0,cwru_16file_probe.json,analysis,CWRU,16file,42,cnn1d,0,torch+numpy global (train_one); eval noise RNG 未单独设种,100,2844,1.0,add_awgn_tensor (per-window power),-8|-6|-4|-2|0,conc>=0.90 per SNR,,missing,not captured,cfa51dbecbdb0483,record,
cwru_16file_probe::cnn1d::s1,cwru_16file_probe.json,analysis,CWRU,16file,42,cnn1d,1,torch+numpy global (train_one); eval noise RNG 未单独设种,100,2844,1.0,add_awgn_tensor (per-window power),-8|-6|-4|-2|0,conc>=0.90 per SNR,,missing,not captured,cfa51dbecbdb0483,record,
cwru_16file_probe::wdcnn::s0,cwru_16file_probe.json,analysis,CWRU,16file,42,wdcnn,0,torch+numpy global (train_one); eval noise RNG 未单独设种,100,2844,1.0,add_awgn_tensor (per-window power),-8|-6|-4|-2|0,conc>=0.90 per SNR,,missing,not captured,cfa51dbecbdb0483,record,
cwru_16file_probe::wdcnn::s1,cwru_16file_probe.json,analysis,CWRU,16file,42,wdcnn,1,torch+numpy global (train_one); eval noise RNG 未单独设种,100,2844,1.0,add_awgn_tensor (per-window power),-8|-6|-4|-2|0,conc>=0.90 per SNR,,missing,not captured,cfa51dbecbdb0483,record,
cwru_16file_probe::drsn::s0,cwru_16file_probe.json,analysis,CWRU,16file,42,drsn,0,torch+numpy global (train_one); eval noise RNG 未单独设种,100,2844,1.0,add_awgn_tensor (per-window power),-8|-6|-4|-2|0,conc>=0.90 per SNR,,missing,not captured,cfa51dbecbdb0483,record,
cwru_16file_probe::drsn::s1,cwru_16file_probe.json,analysis,CWRU,16file,42,drsn,1,torch+numpy global (train_one); eval noise RNG 未单独设种,100,2844,1.0,add_awgn_tensor (per-window power),-8|-6|-4|-2|0,conc>=0.90 per SNR,,missing,not captured,cfa51dbecbdb0483,record,
cwru40_ckpt_probe::cnn1d::s0,cwru40_ckpt_probe.json,analysis,CWRU,40file,42,cnn1d,0,torch+numpy global (train_one); eval noise RNG 未单独设种,100,6391,0.9995777010917664,add_awgn_tensor (per-window power),-8|-6|-4|-2|0,conc>=0.90 per SNR,results/ckpt_cwru40/cnn1d_s0.pt,fcf10849f5689ba5af77fb4c1708935219d9accc33f156ef70bcd1ccd2dfcd13,not captured,cfa51dbecbdb0483,record,cwru_ep100_probe.json
cwru40_ckpt_probe::cnn1d::s1,cwru40_ckpt_probe.json,analysis,CWRU,40file,42,cnn1d,1,torch+numpy global (train_one); eval noise RNG 未单独设种,100,6391,0.9995777010917664,add_awgn_tensor (per-window power),-8|-6|-4|-2|0,conc>=0.90 per SNR,results/ckpt_cwru40/cnn1d_s1.pt,79a7c165faf8f0a0847ef64e15ecc35bf380449202f163df21ec8f68f2d756e3,not captured,cfa51dbecbdb0483,record,cwru_ep100_probe.json
cwru40_ckpt_probe::wdcnn::s0,cwru40_ckpt_probe.json,analysis,CWRU,40file,42,wdcnn,0,torch+numpy global (train_one); eval noise RNG 未单独设种,100,6391,1.0,add_awgn_tensor (per-window power),-8|-6|-4|-2|0,conc>=0.90 per SNR,results/ckpt_cwru40/wdcnn_s0.pt,996b8ebd27c0c4ed66d56f2d0319ddb5292b0d64dbe5bc28ad7f07f3899863b2,not captured,cfa51dbecbdb0483,record,cwru_ep100_probe.json
cwru40_ckpt_probe::wdcnn::s1,cwru40_ckpt_probe.json,analysis,CWRU,40file,42,wdcnn,1,torch+numpy global (train_one); eval noise RNG 未单独设种,100,6391,1.0,add_awgn_tensor (per-window power),-8|-6|-4|-2|0,conc>=0.90 per SNR,results/ckpt_cwru40/wdcnn_s1.pt,40a00dbd231f5ab2a4ad6d70b334eb5b89a6af214b0dc08fb176af9ea30e8602,not captured,cfa51dbecbdb0483,record,cwru_ep100_probe.json
cwru40_ckpt_probe::drsn::s0,cwru40_ckpt_probe.json,analysis,CWRU,40file,42,drsn,0,torch+numpy global (train_one); eval noise RNG 未单独设种,100,6391,0.9995777010917664,add_awgn_tensor (per-window power),-8|-6|-4|-2|0,conc>=0.90 per SNR,results/ckpt_cwru40/drsn_s0.pt,d3db13b8d0648180ba2ae00e9a8f953122d4a1986ad00c9b78f20a4d44ebc9a4,not captured,cfa51dbecbdb0483,record,cwru_ep100_probe.json
cwru40_ckpt_probe::drsn::s1,cwru40_ckpt_probe.json,analysis,CWRU,40file,42,drsn,1,torch+numpy global (train_one); eval noise RNG 未单独设种,100,6391,0.9995777010917664,add_awgn_tensor (per-window power),-8|-6|-4|-2|0,conc>=0.90 per SNR,results/ckpt_cwru40/drsn_s1.pt,cc3c9adff9123140945302338e83d038a5f4a46c601c11b6531e82854da2f03d,not captured,cfa51dbecbdb0483,record,cwru_ep100_probe.json
cwru16_ckpt_probe::cnn1d::s0,cwru16_ckpt_probe.json,analysis,CWRU,16file,42,cnn1d,0,torch+numpy global (train_one); eval noise RNG 未单独设种,100,2844,1.0,add_awgn_tensor (per-window power),-8|-6|-4|-2|0,conc>=0.90 per SNR,results/ckpt_cwru16/cnn1d_s0.pt,3bc908caf8e1842b5f17a1914fa6aff155d4e6ea5436d16018b651ec92ce2209,not captured,cfa51dbecbdb0483,record,cwru_16file_probe.json
cwru16_ckpt_probe::cnn1d::s1,cwru16_ckpt_probe.json,analysis,CWRU,16file,42,cnn1d,1,torch+numpy global (train_one); eval noise RNG 未单独设种,100,2844,1.0,add_awgn_tensor (per-window power),-8|-6|-4|-2|0,conc>=0.90 per SNR,results/ckpt_cwru16/cnn1d_s1.pt,17137956cd37248a43366926212c30b18570963f13091968994324076dbab82d,not captured,cfa51dbecbdb0483,record,cwru_16file_probe.json
cwru16_ckpt_probe::wdcnn::s0,cwru16_ckpt_probe.json,analysis,CWRU,16file,42,wdcnn,0,torch+numpy global (train_one); eval noise RNG 未单独设种,100,2844,1.0,add_awgn_tensor (per-window power),-8|-6|-4|-2|0,conc>=0.90 per SNR,results/ckpt_cwru16/wdcnn_s0.pt,e056afdc17c955fd70ef7c606b257259586dc2de9b6cdbb1031d2e79c3e2c6fc,not captured,cfa51dbecbdb0483,record,cwru_16file_probe.json
cwru16_ckpt_probe::wdcnn::s1,cwru16_ckpt_probe.json,analysis,CWRU,16file,42,wdcnn,1,torch+numpy global (train_one); eval noise RNG 未单独设种,100,2844,1.0,add_awgn_tensor (per-window power),-8|-6|-4|-2|0,conc>=0.90 per SNR,results/ckpt_cwru16/wdcnn_s1.pt,0b30ebb1e42780cc1f9f6c52f244133c27a44346f78b991edeac745b03ba79af,not captured,cfa51dbecbdb0483,record,cwru_16file_probe.json
cwru16_ckpt_probe::drsn::s0,cwru16_ckpt_probe.json,analysis,CWRU,16file,42,drsn,0,torch+numpy global (train_one); eval noise RNG 未单独设种,100,2844,1.0,add_awgn_tensor (per-window power),-8|-6|-4|-2|0,conc>=0.90 per SNR,results/ckpt_cwru16/drsn_s0.pt,c45d8f7f1f63321a62521a940b9ce109734ad3e1f4050fc47c3d450f18731212,not captured,cfa51dbecbdb0483,record,cwru_16file_probe.json
cwru16_ckpt_probe::drsn::s1,cwru16_ckpt_probe.json,analysis,CWRU,16file,42,drsn,1,torch+numpy global (train_one); eval noise RNG 未单独设种,100,2844,1.0,add_awgn_tensor (per-window power),-8|-6|-4|-2|0,conc>=0.90 per SNR,results/ckpt_cwru16/drsn_s1.pt,17577bcc06aa90e505a088b52475a0f406b43b07a523968d44a587a959720191,not captured,cfa51dbecbdb0483,record,cwru_16file_probe.json
jnu_prior_screen::cnn1d::s0,jnu_prior_screen.json,analysis,JNU,modeA_rpm600,,cnn1d,0,torch+numpy global (train_one); eval noise RNG 未单独设种,100,3513,1.0,add_awgn_tensor (per-window power),0|-4|-8,conc>=0.90 per SNR,,missing,not captured,cfa51dbecbdb0483,log header train=(),
jnu_prior_screen::cnn1d::s1,jnu_prior_screen.json,analysis,JNU,modeA_rpm600,,cnn1d,1,torch+numpy global (train_one); eval noise RNG 未单独设种,100,3513,1.0,add_awgn_tensor (per-window power),0|-4|-8,conc>=0.90 per SNR,,missing,not captured,cfa51dbecbdb0483,log header train=(),
jnu_prior_screen::cnn1d::s2,jnu_prior_screen.json,analysis,JNU,modeA_rpm600,,cnn1d,2,torch+numpy global (train_one); eval noise RNG 未单独设种,100,3513,1.0,add_awgn_tensor (per-window power),0|-4|-8,conc>=0.90 per SNR,,missing,not captured,cfa51dbecbdb0483,log header train=(),
jnu_prior_screen::cnn1d::s3,jnu_prior_screen.json,analysis,JNU,modeA_rpm600,,cnn1d,3,torch+numpy global (train_one); eval noise RNG 未单独设种,100,3513,1.0,add_awgn_tensor (per-window power),0|-4|-8,conc>=0.90 per SNR,,missing,not captured,cfa51dbecbdb0483,log header train=(),
jnu_prior_screen::cnn1d::s4,jnu_prior_screen.json,analysis,JNU,modeA_rpm600,,cnn1d,4,torch+numpy global (train_one); eval noise RNG 未单独设种,100,3513,1.0,add_awgn_tensor (per-window power),0|-4|-8,conc>=0.90 per SNR,,missing,not captured,cfa51dbecbdb0483,log header train=(),
jnu_prior_screen::wdcnn::s0,jnu_prior_screen.json,analysis,JNU,modeA_rpm600,,wdcnn,0,torch+numpy global (train_one); eval noise RNG 未单独设种,100,3513,1.0,add_awgn_tensor (per-window power),0|-4|-8,conc>=0.90 per SNR,,missing,not captured,cfa51dbecbdb0483,log header train=(),
jnu_prior_screen::wdcnn::s1,jnu_prior_screen.json,analysis,JNU,modeA_rpm600,,wdcnn,1,torch+numpy global (train_one); eval noise RNG 未单独设种,100,3513,1.0,add_awgn_tensor (per-window power),0|-4|-8,conc>=0.90 per SNR,,missing,not captured,cfa51dbecbdb0483,log header train=(),
jnu_prior_screen::wdcnn::s2,jnu_prior_screen.json,analysis,JNU,modeA_rpm600,,wdcnn,2,torch+numpy global (train_one); eval noise RNG 未单独设种,100,3513,1.0,add_awgn_tensor (per-window power),0|-4|-8,conc>=0.90 per SNR,,missing,not captured,cfa51dbecbdb0483,log header train=(),
jnu_prior_screen::wdcnn::s3,jnu_prior_screen.json,analysis,JNU,modeA_rpm600,,wdcnn,3,torch+numpy global (train_one); eval noise RNG 未单独设种,100,3513,1.0,add_awgn_tensor (per-window power),0|-4|-8,conc>=0.90 per SNR,,missing,not captured,cfa51dbecbdb0483,log header train=(),
jnu_prior_screen::wdcnn::s4,jnu_prior_screen.json,analysis,JNU,modeA_rpm600,,wdcnn,4,torch+numpy global (train_one); eval noise RNG 未单独设种,100,3513,1.0,add_awgn_tensor (per-window power),0|-4|-8,conc>=0.90 per SNR,,missing,not captured,cfa51dbecbdb0483,log header train=(),
jnu_prior_screen::lstm::s0,jnu_prior_screen.json,analysis,JNU,modeA_rpm600,,lstm,0,torch+numpy global (train_one); eval noise RNG 未单独设种,100,3513,0.9811482429504395,add_awgn_tensor (per-window power),0|-4|-8,conc>=0.90 per SNR,,missing,not captured,cfa51dbecbdb0483,log header train=(),
jnu_prior_screen::lstm::s1,jnu_prior_screen.json,analysis,JNU,modeA_rpm600,,lstm,1,torch+numpy global (train_one); eval noise RNG 未单独设种,100,3513,0.9862896203994751,add_awgn_tensor (per-window power),0|-4|-8,conc>=0.90 per SNR,,missing,not captured,cfa51dbecbdb0483,log header train=(),
jnu_prior_screen::lstm::s2,jnu_prior_screen.json,analysis,JNU,modeA_rpm600,,lstm,2,torch+numpy global (train_one); eval noise RNG 未单独设种,100,3513,0.9854327440261841,add_awgn_tensor (per-window power),0|-4|-8,conc>=0.90 per SNR,,missing,not captured,cfa51dbecbdb0483,log header train=(),
jnu_prior_screen::lstm::s3,jnu_prior_screen.json,analysis,JNU,modeA_rpm600,,lstm,3,torch+numpy global (train_one); eval noise RNG 未单独设种,100,3513,0.9862896203994751,add_awgn_tensor (per-window power),0|-4|-8,conc>=0.90 per SNR,,missing,not captured,cfa51dbecbdb0483,log header train=(),
jnu_prior_screen::lstm::s4,jnu_prior_screen.json,analysis,JNU,modeA_rpm600,,lstm,4,torch+numpy global (train_one); eval noise RNG 未单独设种,100,3513,0.9897172451019287,add_awgn_tensor (per-window power),0|-4|-8,conc>=0.90 per SNR,,missing,not captured,cfa51dbecbdb0483,log header train=(),
jnu_prior_screen::transformer::s0,jnu_prior_screen.json,analysis,JNU,modeA_rpm600,,transformer,0,torch+numpy global (train_one); eval noise RNG 未单独设种,100,3513,0.9691516757011414,add_awgn_tensor (per-window power),0|-4|-8,conc>=0.90 per SNR,,missing,not captured,cfa51dbecbdb0483,log header train=(),
jnu_prior_screen::transformer::s1,jnu_prior_screen.json,analysis,JNU,modeA_rpm600,,transformer,1,torch+numpy global (train_one); eval noise RNG 未单独设种,100,3513,0.9674378633499146,add_awgn_tensor (per-window power),0|-4|-8,conc>=0.90 per SNR,,missing,not captured,cfa51dbecbdb0483,log header train=(),
jnu_prior_screen::transformer::s2,jnu_prior_screen.json,analysis,JNU,modeA_rpm600,,transformer,2,torch+numpy global (train_one); eval noise RNG 未单独设种,100,3513,0.9708654880523682,add_awgn_tensor (per-window power),0|-4|-8,conc>=0.90 per SNR,,missing,not captured,cfa51dbecbdb0483,log header train=(),
jnu_prior_screen::transformer::s3,jnu_prior_screen.json,analysis,JNU,modeA_rpm600,,transformer,3,torch+numpy global (train_one); eval noise RNG 未单独设种,100,3513,0.9622964859008789,add_awgn_tensor (per-window power),0|-4|-8,conc>=0.90 per SNR,,missing,not captured,cfa51dbecbdb0483,log header train=(),
jnu_prior_screen::transformer::s4,jnu_prior_screen.json,analysis,JNU,modeA_rpm600,,transformer,4,torch+numpy global (train_one); eval noise RNG 未单独设种,100,3513,0.9597257971763611,add_awgn_tensor (per-window power),0|-4|-8,conc>=0.90 per SNR,,missing,not captured,cfa51dbecbdb0483,log header train=(),
jnu_prior_screen::drsn::s0,jnu_prior_screen.json,analysis,JNU,modeA_rpm600,,drsn,0,torch+numpy global (train_one); eval noise RNG 未单独设种,100,3513,0.9940016865730286,add_awgn_tensor (per-window power),0|-4|-8,conc>=0.90 per SNR,,missing,not captured,cfa51dbecbdb0483,log header train=(),
jnu_prior_screen::drsn::s1,jnu_prior_screen.json,analysis,JNU,modeA_rpm600,,drsn,1,torch+numpy global (train_one); eval noise RNG 未单独设种,100,3513,0.9948586225509644,add_awgn_tensor (per-window power),0|-4|-8,conc>=0.90 per SNR,,missing,not captured,cfa51dbecbdb0483,log header train=(),
jnu_prior_screen::drsn::s2,jnu_prior_screen.json,analysis,JNU,modeA_rpm600,,drsn,2,torch+numpy global (train_one); eval noise RNG 未单独设种,100,3513,0.9974293112754822,add_awgn_tensor (per-window power),0|-4|-8,conc>=0.90 per SNR,,missing,not captured,cfa51dbecbdb0483,log header train=(),
jnu_prior_screen::drsn::s3,jnu_prior_screen.json,analysis,JNU,modeA_rpm600,,drsn,3,torch+numpy global (train_one); eval noise RNG 未单独设种,100,3513,0.9965724349021912,add_awgn_tensor (per-window power),0|-4|-8,conc>=0.90 per SNR,,missing,not captured,cfa51dbecbdb0483,log header train=(),
jnu_prior_screen::drsn::s4,jnu_prior_screen.json,analysis,JNU,modeA_rpm600,,drsn,4,torch+numpy global (train_one); eval noise RNG 未单独设种,100,3513,0.9948586225509644,add_awgn_tensor (per-window power),0|-4|-8,conc>=0.90 per SNR,,missing,not captured,cfa51dbecbdb0483,log header train=(),
jnu_fine_snr::cnn1d::s0,jnu_fine_snr.json,analysis,JNU,modeA_rpm600|arm=orig,,cnn1d,0,torch+numpy global (train_one); eval noise RNG 未单独设种,100,3513,1.0,add_awgn_tensor (per-window power),4|3|2|1|0|-1|-2|-3|-4|-5|-6|-7|-8|-9|-10,conc>=0.90 per SNR,results/ckpt_jnu_fine/cnn1d_s0.pt,b58831b4c9b0b026c8bf6e48fec958d2a2e31714b8b8784ce38182b2ecaddfff,not captured,cfa51dbecbdb0483,record,
jnu_fine_snr::cnn1d::s1,jnu_fine_snr.json,analysis,JNU,modeA_rpm600|arm=orig,,cnn1d,1,torch+numpy global (train_one); eval noise RNG 未单独设种,100,3513,1.0,add_awgn_tensor (per-window power),4|3|2|1|0|-1|-2|-3|-4|-5|-6|-7|-8|-9|-10,conc>=0.90 per SNR,results/ckpt_jnu_fine/cnn1d_s1.pt,b74d53962ddb53eb03d65fd31de84313b842ac5180b9c06f34dad59e8fe79dc6,not captured,cfa51dbecbdb0483,record,
jnu_fine_snr::cnn1d::s2,jnu_fine_snr.json,analysis,JNU,modeA_rpm600|arm=orig,,cnn1d,2,torch+numpy global (train_one); eval noise RNG 未单独设种,100,3513,1.0,add_awgn_tensor (per-window power),4|3|2|1|0|-1|-2|-3|-4|-5|-6|-7|-8|-9|-10,conc>=0.90 per SNR,results/ckpt_jnu_fine/cnn1d_s2.pt,7a364dc5f886a5763057d62d041ed431ffeaa98b99e5d6d189e85cccbd852d3d,not captured,cfa51dbecbdb0483,record,
jnu_fine_snr::cnn1d::s3,jnu_fine_snr.json,analysis,JNU,modeA_rpm600|arm=orig,,cnn1d,3,torch+numpy global (train_one); eval noise RNG 未单独设种,100,3513,1.0,add_awgn_tensor (per-window power),4|3|2|1|0|-1|-2|-3|-4|-5|-6|-7|-8|-9|-10,conc>=0.90 per SNR,results/ckpt_jnu_fine/cnn1d_s3.pt,d1fe814966f664f4e07d9af6feb057ecaf127db21d9da7c798c5cedd1468ec94,not captured,cfa51dbecbdb0483,record,
jnu_fine_snr::cnn1d::s4,jnu_fine_snr.json,analysis,JNU,modeA_rpm600|arm=orig,,cnn1d,4,torch+numpy global (train_one); eval noise RNG 未单独设种,100,3513,1.0,add_awgn_tensor (per-window power),4|3|2|1|0|-1|-2|-3|-4|-5|-6|-7|-8|-9|-10,conc>=0.90 per SNR,results/ckpt_jnu_fine/cnn1d_s4.pt,80a6c98d34880cf1f3446ca4c6be9cc355d9cc8249c6129cde11629e8c58fa36,not captured,cfa51dbecbdb0483,record,
jnu_fine_snr::wdcnn::s0,jnu_fine_snr.json,analysis,JNU,modeA_rpm600|arm=orig,,wdcnn,0,torch+numpy global (train_one); eval noise RNG 未单独设种,100,3513,1.0,add_awgn_tensor (per-window power),4|3|2|1|0|-1|-2|-3|-4|-5|-6|-7|-8|-9|-10,conc>=0.90 per SNR,results/ckpt_jnu_fine/wdcnn_s0.pt,9b5a4a21f733cd4227d90fbe4c9ac2f7b1b2e8ffb3bbcd8819b3ed3f7b378e23,not captured,cfa51dbecbdb0483,record,
jnu_fine_snr::wdcnn::s1,jnu_fine_snr.json,analysis,JNU,modeA_rpm600|arm=orig,,wdcnn,1,torch+numpy global (train_one); eval noise RNG 未单独设种,100,3513,0.999143123626709,add_awgn_tensor (per-window power),4|3|2|1|0|-1|-2|-3|-4|-5|-6|-7|-8|-9|-10,conc>=0.90 per SNR,results/ckpt_jnu_fine/wdcnn_s1.pt,0b1fe7f2b0940bd83975c3fd3eda9fa40d9e565495b57217f03375d39fd49863,not captured,cfa51dbecbdb0483,record,
jnu_fine_snr::wdcnn::s2,jnu_fine_snr.json,analysis,JNU,modeA_rpm600|arm=orig,,wdcnn,2,torch+numpy global (train_one); eval noise RNG 未单独设种,100,3513,1.0,add_awgn_tensor (per-window power),4|3|2|1|0|-1|-2|-3|-4|-5|-6|-7|-8|-9|-10,conc>=0.90 per SNR,results/ckpt_jnu_fine/wdcnn_s2.pt,fed6a7724482a71ac8cf3e6c14e658a288fe0f205bf190b46937d27f9f15461a,not captured,cfa51dbecbdb0483,record,
jnu_fine_snr::wdcnn::s3,jnu_fine_snr.json,analysis,JNU,modeA_rpm600|arm=orig,,wdcnn,3,torch+numpy global (train_one); eval noise RNG 未单独设种,100,3513,1.0,add_awgn_tensor (per-window power),4|3|2|1|0|-1|-2|-3|-4|-5|-6|-7|-8|-9|-10,conc>=0.90 per SNR,results/ckpt_jnu_fine/wdcnn_s3.pt,17631238499a754e212a05e5f71057d26eb665b067f9d4d4a9988b406dfde665,not captured,cfa51dbecbdb0483,record,
jnu_fine_snr::wdcnn::s4,jnu_fine_snr.json,analysis,JNU,modeA_rpm600|arm=orig,,wdcnn,4,torch+numpy global (train_one); eval noise RNG 未单独设种,100,3513,1.0,add_awgn_tensor (per-window power),4|3|2|1|0|-1|-2|-3|-4|-5|-6|-7|-8|-9|-10,conc>=0.90 per SNR,results/ckpt_jnu_fine/wdcnn_s4.pt,cf6340b13327d6033e070cfa539f048d5babb703ef1d5be02548e47dcda3f3e8,not captured,cfa51dbecbdb0483,record,
jnu_fine_snr::lstm::s0,jnu_fine_snr.json,analysis,JNU,modeA_rpm600|arm=orig,,lstm,0,torch+numpy global (train_one); eval noise RNG 未单独设种,100,3513,0.9880034327507019,add_awgn_tensor (per-window power),4|3|2|1|0|-1|-2|-3|-4|-5|-6|-7|-8|-9|-10,conc>=0.90 per SNR,results/ckpt_jnu_fine/lstm_s0.pt,7c57b318394af2e7ccc4fd1e970c1229762508a0b3762aa5aecd06398e57a1c3,not captured,cfa51dbecbdb0483,record,
jnu_fine_snr::lstm::s1,jnu_fine_snr.json,analysis,JNU,modeA_rpm600|arm=orig,,lstm,1,torch+numpy global (train_one); eval noise RNG 未单独设种,100,3513,0.9871465563774109,add_awgn_tensor (per-window power),4|3|2|1|0|-1|-2|-3|-4|-5|-6|-7|-8|-9|-10,conc>=0.90 per SNR,results/ckpt_jnu_fine/lstm_s1.pt,05657db09f3ad427aea3cd0c771cc173b1252041e4f070949508365a0496c630,not captured,cfa51dbecbdb0483,record,
jnu_fine_snr::lstm::s2,jnu_fine_snr.json,analysis,JNU,modeA_rpm600|arm=orig,,lstm,2,torch+numpy global (train_one); eval noise RNG 未单独设种,100,3513,0.9914309978485107,add_awgn_tensor (per-window power),4|3|2|1|0|-1|-2|-3|-4|-5|-6|-7|-8|-9|-10,conc>=0.90 per SNR,results/ckpt_jnu_fine/lstm_s2.pt,4554957a146418bd02fa2d6dab16e1cc62c2d498e12a300af2da00a1d7db8bfd,not captured,cfa51dbecbdb0483,record,
jnu_fine_snr::lstm::s3,jnu_fine_snr.json,analysis,JNU,modeA_rpm600|arm=orig,,lstm,3,torch+numpy global (train_one); eval noise RNG 未单独设种,100,3513,0.9862896203994751,add_awgn_tensor (per-window power),4|3|2|1|0|-1|-2|-3|-4|-5|-6|-7|-8|-9|-10,conc>=0.90 per SNR,results/ckpt_jnu_fine/lstm_s3.pt,15b69544e0404bebafdd6e35e316e5ee8ea2812e1fb90ddb9ffa6c04a064775b,not captured,cfa51dbecbdb0483,record,
jnu_fine_snr::lstm::s4,jnu_fine_snr.json,analysis,JNU,modeA_rpm600|arm=orig,,lstm,4,torch+numpy global (train_one); eval noise RNG 未单独设种,100,3513,0.9914309978485107,add_awgn_tensor (per-window power),4|3|2|1|0|-1|-2|-3|-4|-5|-6|-7|-8|-9|-10,conc>=0.90 per SNR,results/ckpt_jnu_fine/lstm_s4.pt,2043949223520f01191783b2a407194b7d7acde0c0b7e86a090f06b2bbb1fa76,not captured,cfa51dbecbdb0483,record,
jnu_fine_snr::transformer::s0,jnu_fine_snr.json,analysis,JNU,modeA_rpm600|arm=orig,,transformer,0,torch+numpy global (train_one); eval noise RNG 未单独设种,100,3513,0.9691516757011414,add_awgn_tensor (per-window power),4|3|2|1|0|-1|-2|-3|-4|-5|-6|-7|-8|-9|-10,conc>=0.90 per SNR,results/ckpt_jnu_fine/transformer_s0.pt,5dff63ce4963113e0e455afe032f225a788081c18cd8e1d2952001f277175d9b,not captured,cfa51dbecbdb0483,record,
jnu_fine_snr::transformer::s1,jnu_fine_snr.json,analysis,JNU,modeA_rpm600|arm=orig,,transformer,1,torch+numpy global (train_one); eval noise RNG 未单独设种,100,3513,0.9657240509986877,add_awgn_tensor (per-window power),4|3|2|1|0|-1|-2|-3|-4|-5|-6|-7|-8|-9|-10,conc>=0.90 per SNR,results/ckpt_jnu_fine/transformer_s1.pt,566d651f14efc132e4816e12ca0d7d9f338844e89695978361de21ae420d4972,not captured,cfa51dbecbdb0483,record,
jnu_fine_snr::transformer::s2,jnu_fine_snr.json,analysis,JNU,modeA_rpm600|arm=orig,,transformer,2,torch+numpy global (train_one); eval noise RNG 未单独设种,100,3513,0.9708654880523682,add_awgn_tensor (per-window power),4|3|2|1|0|-1|-2|-3|-4|-5|-6|-7|-8|-9|-10,conc>=0.90 per SNR,results/ckpt_jnu_fine/transformer_s2.pt,94ac1c28535ef661adfa450d67149e321a5d0aa2eb2ae410dc834826c5b1424a,not captured,cfa51dbecbdb0483,record,
jnu_fine_snr::transformer::s3,jnu_fine_snr.json,analysis,JNU,modeA_rpm600|arm=orig,,transformer,3,torch+numpy global (train_one); eval noise RNG 未单独设种,100,3513,0.9640102982521057,add_awgn_tensor (per-window power),4|3|2|1|0|-1|-2|-3|-4|-5|-6|-7|-8|-9|-10,conc>=0.90 per SNR,results/ckpt_jnu_fine/transformer_s3.pt,e098c5b1c3ecfd54ce5b9853bb358ef7f96bd27613495b5d168357b02184732c,not captured,cfa51dbecbdb0483,record,
jnu_fine_snr::transformer::s4,jnu_fine_snr.json,analysis,JNU,modeA_rpm600|arm=orig,,transformer,4,torch+numpy global (train_one); eval noise RNG 未单独设种,100,3513,0.9605826735496521,add_awgn_tensor (per-window power),4|3|2|1|0|-1|-2|-3|-4|-5|-6|-7|-8|-9|-10,conc>=0.90 per SNR,results/ckpt_jnu_fine/transformer_s4.pt,5f93248d0619674ceed89710897209123637109a3986d47856b7ef28178600bc,not captured,cfa51dbecbdb0483,record,
jnu_fine_snr::drsn::s0,jnu_fine_snr.json,analysis,JNU,modeA_rpm600|arm=orig,,drsn,0,torch+numpy global (train_one); eval noise RNG 未单独设种,100,3513,0.9948586225509644,add_awgn_tensor (per-window power),4|3|2|1|0|-1|-2|-3|-4|-5|-6|-7|-8|-9|-10,conc>=0.90 per SNR,results/ckpt_jnu_fine/drsn_s0.pt,d960cb8c7eef3fb48f0f6aba0d2f26705717d5d110785bcf876a56fb2cc32bb5,not captured,cfa51dbecbdb0483,record,
jnu_fine_snr::drsn::s1,jnu_fine_snr.json,analysis,JNU,modeA_rpm600|arm=orig,,drsn,1,torch+numpy global (train_one); eval noise RNG 未单独设种,100,3513,0.9965724349021912,add_awgn_tensor (per-window power),4|3|2|1|0|-1|-2|-3|-4|-5|-6|-7|-8|-9|-10,conc>=0.90 per SNR,results/ckpt_jnu_fine/drsn_s1.pt,8ec0d65cbdcdd3115c73641b65b8d3b8400fc54710cb8941db0004718916de82,not captured,cfa51dbecbdb0483,record,
jnu_fine_snr::drsn::s2,jnu_fine_snr.json,analysis,JNU,modeA_rpm600|arm=orig,,drsn,2,torch+numpy global (train_one); eval noise RNG 未单独设种,100,3513,0.9957154989242554,add_awgn_tensor (per-window power),4|3|2|1|0|-1|-2|-3|-4|-5|-6|-7|-8|-9|-10,conc>=0.90 per SNR,results/ckpt_jnu_fine/drsn_s2.pt,1a81b802558f355093b97621d569e8ee0f5b229f7a530f82933a33590ee915b2,not captured,cfa51dbecbdb0483,record,
jnu_fine_snr::drsn::s3,jnu_fine_snr.json,analysis,JNU,modeA_rpm600|arm=orig,,drsn,3,torch+numpy global (train_one); eval noise RNG 未单独设种,100,3513,0.9957154989242554,add_awgn_tensor (per-window power),4|3|2|1|0|-1|-2|-3|-4|-5|-6|-7|-8|-9|-10,conc>=0.90 per SNR,results/ckpt_jnu_fine/drsn_s3.pt,e457e32a9a56641bd57ab923db09955f97d44e11b4f61308f783d0a09eea0d30,not captured,cfa51dbecbdb0483,record,
jnu_fine_snr::drsn::s4,jnu_fine_snr.json,analysis,JNU,modeA_rpm600|arm=orig,,drsn,4,torch+numpy global (train_one); eval noise RNG 未单独设种,100,3513,0.9940016865730286,add_awgn_tensor (per-window power),4|3|2|1|0|-1|-2|-3|-4|-5|-6|-7|-8|-9|-10,conc>=0.90 per SNR,results/ckpt_jnu_fine/drsn_s4.pt,c111f760c703c752e899ea5e31323ae4b7df31f2be820e3bbde05050ea1bf3c2,not captured,cfa51dbecbdb0483,record,
jnu_arm_balanced::cnn1d::s0,jnu_arm_balanced.json,analysis,JNU,modeA_rpm600|arm=balanced,,cnn1d,0,torch+numpy global (train_one); eval noise RNG 未单独设种,100,2340,1.0,add_awgn_tensor (per-window power),6|4|2|0|-1|-2|-3|-4|-5|-6|-7|-8|-10|-12|-14,conc>=0.90 per SNR,,missing,not captured,cfa51dbecbdb0483,record,
jnu_arm_balanced::cnn1d::s1,jnu_arm_balanced.json,analysis,JNU,modeA_rpm600|arm=balanced,,cnn1d,1,torch+numpy global (train_one); eval noise RNG 未单独设种,100,2340,1.0,add_awgn_tensor (per-window power),6|4|2|0|-1|-2|-3|-4|-5|-6|-7|-8|-10|-12|-14,conc>=0.90 per SNR,,missing,not captured,cfa51dbecbdb0483,record,
jnu_arm_balanced::cnn1d::s2,jnu_arm_balanced.json,analysis,JNU,modeA_rpm600|arm=balanced,,cnn1d,2,torch+numpy global (train_one); eval noise RNG 未单独设种,100,2340,0.999143123626709,add_awgn_tensor (per-window power),6|4|2|0|-1|-2|-3|-4|-5|-6|-7|-8|-10|-12|-14,conc>=0.90 per SNR,,missing,not captured,cfa51dbecbdb0483,record,
jnu_arm_balanced::cnn1d::s3,jnu_arm_balanced.json,analysis,JNU,modeA_rpm600|arm=balanced,,cnn1d,3,torch+numpy global (train_one); eval noise RNG 未单独设种,100,2340,0.999143123626709,add_awgn_tensor (per-window power),6|4|2|0|-1|-2|-3|-4|-5|-6|-7|-8|-10|-12|-14,conc>=0.90 per SNR,,missing,not captured,cfa51dbecbdb0483,record,
jnu_arm_balanced::cnn1d::s4,jnu_arm_balanced.json,analysis,JNU,modeA_rpm600|arm=balanced,,cnn1d,4,torch+numpy global (train_one); eval noise RNG 未单独设种,100,2340,1.0,add_awgn_tensor (per-window power),6|4|2|0|-1|-2|-3|-4|-5|-6|-7|-8|-10|-12|-14,conc>=0.90 per SNR,,missing,not captured,cfa51dbecbdb0483,record,
jnu_arm_balanced::wdcnn::s0,jnu_arm_balanced.json,analysis,JNU,modeA_rpm600|arm=balanced,,wdcnn,0,torch+numpy global (train_one); eval noise RNG 未单独设种,100,2340,1.0,add_awgn_tensor (per-window power),6|4|2|0|-1|-2|-3|-4|-5|-6|-7|-8|-10|-12|-14,conc>=0.90 per SNR,,missing,not captured,cfa51dbecbdb0483,record,
jnu_arm_balanced::wdcnn::s1,jnu_arm_balanced.json,analysis,JNU,modeA_rpm600|arm=balanced,,wdcnn,1,torch+numpy global (train_one); eval noise RNG 未单独设种,100,2340,1.0,add_awgn_tensor (per-window power),6|4|2|0|-1|-2|-3|-4|-5|-6|-7|-8|-10|-12|-14,conc>=0.90 per SNR,,missing,not captured,cfa51dbecbdb0483,record,
jnu_arm_balanced::wdcnn::s2,jnu_arm_balanced.json,analysis,JNU,modeA_rpm600|arm=balanced,,wdcnn,2,torch+numpy global (train_one); eval noise RNG 未单独设种,100,2340,1.0,add_awgn_tensor (per-window power),6|4|2|0|-1|-2|-3|-4|-5|-6|-7|-8|-10|-12|-14,conc>=0.90 per SNR,,missing,not captured,cfa51dbecbdb0483,record,
jnu_arm_balanced::wdcnn::s3,jnu_arm_balanced.json,analysis,JNU,modeA_rpm600|arm=balanced,,wdcnn,3,torch+numpy global (train_one); eval noise RNG 未单独设种,100,2340,1.0,add_awgn_tensor (per-window power),6|4|2|0|-1|-2|-3|-4|-5|-6|-7|-8|-10|-12|-14,conc>=0.90 per SNR,,missing,not captured,cfa51dbecbdb0483,record,
jnu_arm_balanced::wdcnn::s4,jnu_arm_balanced.json,analysis,JNU,modeA_rpm600|arm=balanced,,wdcnn,4,torch+numpy global (train_one); eval noise RNG 未单独设种,100,2340,1.0,add_awgn_tensor (per-window power),6|4|2|0|-1|-2|-3|-4|-5|-6|-7|-8|-10|-12|-14,conc>=0.90 per SNR,,missing,not captured,cfa51dbecbdb0483,record,
jnu_arm_balanced::lstm::s0,jnu_arm_balanced.json,analysis,JNU,modeA_rpm600|arm=balanced,,lstm,0,torch+numpy global (train_one); eval noise RNG 未单独设种,100,2340,0.9828620553016663,add_awgn_tensor (per-window power),6|4|2|0|-1|-2|-3|-4|-5|-6|-7|-8|-10|-12|-14,conc>=0.90 per SNR,,missing,not captured,cfa51dbecbdb0483,record,
jnu_arm_balanced::lstm::s1,jnu_arm_balanced.json,analysis,JNU,modeA_rpm600|arm=balanced,,lstm,1,torch+numpy global (train_one); eval noise RNG 未单独设种,100,2340,0.9854327440261841,add_awgn_tensor (per-window power),6|4|2|0|-1|-2|-3|-4|-5|-6|-7|-8|-10|-12|-14,conc>=0.90 per SNR,,missing,not captured,cfa51dbecbdb0483,record,
jnu_arm_balanced::lstm::s2,jnu_arm_balanced.json,analysis,JNU,modeA_rpm600|arm=balanced,,lstm,2,torch+numpy global (train_one); eval noise RNG 未单独设种,100,2340,0.9845758080482483,add_awgn_tensor (per-window power),6|4|2|0|-1|-2|-3|-4|-5|-6|-7|-8|-10|-12|-14,conc>=0.90 per SNR,,missing,not captured,cfa51dbecbdb0483,record,
jnu_arm_balanced::lstm::s3,jnu_arm_balanced.json,analysis,JNU,modeA_rpm600|arm=balanced,,lstm,3,torch+numpy global (train_one); eval noise RNG 未单独设种,100,2340,0.9905741214752197,add_awgn_tensor (per-window power),6|4|2|0|-1|-2|-3|-4|-5|-6|-7|-8|-10|-12|-14,conc>=0.90 per SNR,,missing,not captured,cfa51dbecbdb0483,record,
jnu_arm_balanced::lstm::s4,jnu_arm_balanced.json,analysis,JNU,modeA_rpm600|arm=balanced,,lstm,4,torch+numpy global (train_one); eval noise RNG 未单独设种,100,2340,0.9811482429504395,add_awgn_tensor (per-window power),6|4|2|0|-1|-2|-3|-4|-5|-6|-7|-8|-10|-12|-14,conc>=0.90 per SNR,,missing,not captured,cfa51dbecbdb0483,record,
jnu_arm_balanced::transformer::s0,jnu_arm_balanced.json,analysis,JNU,modeA_rpm600|arm=balanced,,transformer,0,torch+numpy global (train_one); eval noise RNG 未单独设种,100,2340,0.9571551084518433,add_awgn_tensor (per-window power),6|4|2|0|-1|-2|-3|-4|-5|-6|-7|-8|-10|-12|-14,conc>=0.90 per SNR,,missing,not captured,cfa51dbecbdb0483,record,
jnu_arm_balanced::transformer::s1,jnu_arm_balanced.json,analysis,JNU,modeA_rpm600|arm=balanced,,transformer,1,torch+numpy global (train_one); eval noise RNG 未单独设种,100,2340,0.9597257971763611,add_awgn_tensor (per-window power),6|4|2|0|-1|-2|-3|-4|-5|-6|-7|-8|-10|-12|-14,conc>=0.90 per SNR,,missing,not captured,cfa51dbecbdb0483,record,
jnu_arm_balanced::transformer::s2,jnu_arm_balanced.json,analysis,JNU,modeA_rpm600|arm=balanced,,transformer,2,torch+numpy global (train_one); eval noise RNG 未单独设种,100,2340,0.9640102982521057,add_awgn_tensor (per-window power),6|4|2|0|-1|-2|-3|-4|-5|-6|-7|-8|-10|-12|-14,conc>=0.90 per SNR,,missing,not captured,cfa51dbecbdb0483,record,
jnu_arm_balanced::transformer::s3,jnu_arm_balanced.json,analysis,JNU,modeA_rpm600|arm=balanced,,transformer,3,torch+numpy global (train_one); eval noise RNG 未单独设种,100,2340,0.9614396095275879,add_awgn_tensor (per-window power),6|4|2|0|-1|-2|-3|-4|-5|-6|-7|-8|-10|-12|-14,conc>=0.90 per SNR,,missing,not captured,cfa51dbecbdb0483,record,
jnu_arm_balanced::transformer::s4,jnu_arm_balanced.json,analysis,JNU,modeA_rpm600|arm=balanced,,transformer,4,torch+numpy global (train_one); eval noise RNG 未单独设种,100,2340,0.9640102982521057,add_awgn_tensor (per-window power),6|4|2|0|-1|-2|-3|-4|-5|-6|-7|-8|-10|-12|-14,conc>=0.90 per SNR,,missing,not captured,cfa51dbecbdb0483,record,
jnu_arm_balanced::drsn::s0,jnu_arm_balanced.json,analysis,JNU,modeA_rpm600|arm=balanced,,drsn,0,torch+numpy global (train_one); eval noise RNG 未单独设种,100,2340,0.9931448101997375,add_awgn_tensor (per-window power),6|4|2|0|-1|-2|-3|-4|-5|-6|-7|-8|-10|-12|-14,conc>=0.90 per SNR,,missing,not captured,cfa51dbecbdb0483,record,
jnu_arm_balanced::drsn::s1,jnu_arm_balanced.json,analysis,JNU,modeA_rpm600|arm=balanced,,drsn,1,torch+numpy global (train_one); eval noise RNG 未单独设种,100,2340,0.9940016865730286,add_awgn_tensor (per-window power),6|4|2|0|-1|-2|-3|-4|-5|-6|-7|-8|-10|-12|-14,conc>=0.90 per SNR,,missing,not captured,cfa51dbecbdb0483,record,
jnu_arm_balanced::drsn::s2,jnu_arm_balanced.json,analysis,JNU,modeA_rpm600|arm=balanced,,drsn,2,torch+numpy global (train_one); eval noise RNG 未单独设种,100,2340,0.9957154989242554,add_awgn_tensor (per-window power),6|4|2|0|-1|-2|-3|-4|-5|-6|-7|-8|-10|-12|-14,conc>=0.90 per SNR,,missing,not captured,cfa51dbecbdb0483,record,
jnu_arm_balanced::drsn::s3,jnu_arm_balanced.json,analysis,JNU,modeA_rpm600|arm=balanced,,drsn,3,torch+numpy global (train_one); eval noise RNG 未单独设种,100,2340,0.9931448101997375,add_awgn_tensor (per-window power),6|4|2|0|-1|-2|-3|-4|-5|-6|-7|-8|-10|-12|-14,conc>=0.90 per SNR,,missing,not captured,cfa51dbecbdb0483,record,
jnu_arm_balanced::drsn::s4,jnu_arm_balanced.json,analysis,JNU,modeA_rpm600|arm=balanced,,drsn,4,torch+numpy global (train_one); eval noise RNG 未单独设种,100,2340,0.9940016865730286,add_awgn_tensor (per-window power),6|4|2|0|-1|-2|-3|-4|-5|-6|-7|-8|-10|-12|-14,conc>=0.90 per SNR,,missing,not captured,cfa51dbecbdb0483,record,
jnu_arm_subsample::cnn1d::s0,jnu_arm_subsample.json,analysis,JNU,modeA_rpm600|arm=subsample,,cnn1d,0,torch+numpy global (train_one); eval noise RNG 未单独设种,100,2341,1.0,add_awgn_tensor (per-window power),6|4|2|0|-1|-2|-3|-4|-5|-6|-7|-8|-10|-12|-14,conc>=0.90 per SNR,,missing,not captured,cfa51dbecbdb0483,record,
jnu_arm_subsample::cnn1d::s1,jnu_arm_subsample.json,analysis,JNU,modeA_rpm600|arm=subsample,,cnn1d,1,torch+numpy global (train_one); eval noise RNG 未单独设种,100,2341,1.0,add_awgn_tensor (per-window power),6|4|2|0|-1|-2|-3|-4|-5|-6|-7|-8|-10|-12|-14,conc>=0.90 per SNR,,missing,not captured,cfa51dbecbdb0483,record,
jnu_arm_subsample::cnn1d::s2,jnu_arm_subsample.json,analysis,JNU,modeA_rpm600|arm=subsample,,cnn1d,2,torch+numpy global (train_one); eval noise RNG 未单独设种,100,2341,1.0,add_awgn_tensor (per-window power),6|4|2|0|-1|-2|-3|-4|-5|-6|-7|-8|-10|-12|-14,conc>=0.90 per SNR,,missing,not captured,cfa51dbecbdb0483,record,
jnu_arm_subsample::cnn1d::s3,jnu_arm_subsample.json,analysis,JNU,modeA_rpm600|arm=subsample,,cnn1d,3,torch+numpy global (train_one); eval noise RNG 未单独设种,100,2341,1.0,add_awgn_tensor (per-window power),6|4|2|0|-1|-2|-3|-4|-5|-6|-7|-8|-10|-12|-14,conc>=0.90 per SNR,,missing,not captured,cfa51dbecbdb0483,record,
jnu_arm_subsample::cnn1d::s4,jnu_arm_subsample.json,analysis,JNU,modeA_rpm600|arm=subsample,,cnn1d,4,torch+numpy global (train_one); eval noise RNG 未单独设种,100,2341,1.0,add_awgn_tensor (per-window power),6|4|2|0|-1|-2|-3|-4|-5|-6|-7|-8|-10|-12|-14,conc>=0.90 per SNR,,missing,not captured,cfa51dbecbdb0483,record,
jnu_arm_subsample::wdcnn::s0,jnu_arm_subsample.json,analysis,JNU,modeA_rpm600|arm=subsample,,wdcnn,0,torch+numpy global (train_one); eval noise RNG 未单独设种,100,2341,0.999143123626709,add_awgn_tensor (per-window power),6|4|2|0|-1|-2|-3|-4|-5|-6|-7|-8|-10|-12|-14,conc>=0.90 per SNR,,missing,not captured,cfa51dbecbdb0483,record,
jnu_arm_subsample::wdcnn::s1,jnu_arm_subsample.json,analysis,JNU,modeA_rpm600|arm=subsample,,wdcnn,1,torch+numpy global (train_one); eval noise RNG 未单独设种,100,2341,1.0,add_awgn_tensor (per-window power),6|4|2|0|-1|-2|-3|-4|-5|-6|-7|-8|-10|-12|-14,conc>=0.90 per SNR,,missing,not captured,cfa51dbecbdb0483,record,
jnu_arm_subsample::wdcnn::s2,jnu_arm_subsample.json,analysis,JNU,modeA_rpm600|arm=subsample,,wdcnn,2,torch+numpy global (train_one); eval noise RNG 未单独设种,100,2341,1.0,add_awgn_tensor (per-window power),6|4|2|0|-1|-2|-3|-4|-5|-6|-7|-8|-10|-12|-14,conc>=0.90 per SNR,,missing,not captured,cfa51dbecbdb0483,record,
jnu_arm_subsample::wdcnn::s3,jnu_arm_subsample.json,analysis,JNU,modeA_rpm600|arm=subsample,,wdcnn,3,torch+numpy global (train_one); eval noise RNG 未单独设种,100,2341,1.0,add_awgn_tensor (per-window power),6|4|2|0|-1|-2|-3|-4|-5|-6|-7|-8|-10|-12|-14,conc>=0.90 per SNR,,missing,not captured,cfa51dbecbdb0483,record,
jnu_arm_subsample::wdcnn::s4,jnu_arm_subsample.json,analysis,JNU,modeA_rpm600|arm=subsample,,wdcnn,4,torch+numpy global (train_one); eval noise RNG 未单独设种,100,2341,1.0,add_awgn_tensor (per-window power),6|4|2|0|-1|-2|-3|-4|-5|-6|-7|-8|-10|-12|-14,conc>=0.90 per SNR,,missing,not captured,cfa51dbecbdb0483,record,
jnu_arm_subsample::lstm::s0,jnu_arm_subsample.json,analysis,JNU,modeA_rpm600|arm=subsample,,lstm,0,torch+numpy global (train_one); eval noise RNG 未单独设种,100,2341,0.9802913665771484,add_awgn_tensor (per-window power),6|4|2|0|-1|-2|-3|-4|-5|-6|-7|-8|-10|-12|-14,conc>=0.90 per SNR,,missing,not captured,cfa51dbecbdb0483,record,
jnu_arm_subsample::lstm::s1,jnu_arm_subsample.json,analysis,JNU,modeA_rpm600|arm=subsample,,lstm,1,torch+numpy global (train_one); eval noise RNG 未单独设种,100,2341,0.9820051193237305,add_awgn_tensor (per-window power),6|4|2|0|-1|-2|-3|-4|-5|-6|-7|-8|-10|-12|-14,conc>=0.90 per SNR,,missing,not captured,cfa51dbecbdb0483,record,
jnu_arm_subsample::lstm::s2,jnu_arm_subsample.json,analysis,JNU,modeA_rpm600|arm=subsample,,lstm,2,torch+numpy global (train_one); eval noise RNG 未单独设种,100,2341,0.9845758080482483,add_awgn_tensor (per-window power),6|4|2|0|-1|-2|-3|-4|-5|-6|-7|-8|-10|-12|-14,conc>=0.90 per SNR,,missing,not captured,cfa51dbecbdb0483,record,
jnu_arm_subsample::lstm::s3,jnu_arm_subsample.json,analysis,JNU,modeA_rpm600|arm=subsample,,lstm,3,torch+numpy global (train_one); eval noise RNG 未单独设种,100,2341,0.9845758080482483,add_awgn_tensor (per-window power),6|4|2|0|-1|-2|-3|-4|-5|-6|-7|-8|-10|-12|-14,conc>=0.90 per SNR,,missing,not captured,cfa51dbecbdb0483,record,
jnu_arm_subsample::lstm::s4,jnu_arm_subsample.json,analysis,JNU,modeA_rpm600|arm=subsample,,lstm,4,torch+numpy global (train_one); eval noise RNG 未单独设种,100,2341,0.9837189316749573,add_awgn_tensor (per-window power),6|4|2|0|-1|-2|-3|-4|-5|-6|-7|-8|-10|-12|-14,conc>=0.90 per SNR,,missing,not captured,cfa51dbecbdb0483,record,
jnu_arm_subsample::transformer::s0,jnu_arm_subsample.json,analysis,JNU,modeA_rpm600|arm=subsample,,transformer,0,torch+numpy global (train_one); eval noise RNG 未单独设种,100,2341,0.9554412961006165,add_awgn_tensor (per-window power),6|4|2|0|-1|-2|-3|-4|-5|-6|-7|-8|-10|-12|-14,conc>=0.90 per SNR,,missing,not captured,cfa51dbecbdb0483,record,
jnu_arm_subsample::transformer::s1,jnu_arm_subsample.json,analysis,JNU,modeA_rpm600|arm=subsample,,transformer,1,torch+numpy global (train_one); eval noise RNG 未单独设种,100,2341,0.9502999186515808,add_awgn_tensor (per-window power),6|4|2|0|-1|-2|-3|-4|-5|-6|-7|-8|-10|-12|-14,conc>=0.90 per SNR,,missing,not captured,cfa51dbecbdb0483,record,
jnu_arm_subsample::transformer::s2,jnu_arm_subsample.json,analysis,JNU,modeA_rpm600|arm=subsample,,transformer,2,torch+numpy global (train_one); eval noise RNG 未单独设种,100,2341,0.9494430422782898,add_awgn_tensor (per-window power),6|4|2|0|-1|-2|-3|-4|-5|-6|-7|-8|-10|-12|-14,conc>=0.90 per SNR,,missing,not captured,cfa51dbecbdb0483,record,
jnu_arm_subsample::transformer::s3,jnu_arm_subsample.json,analysis,JNU,modeA_rpm600|arm=subsample,,transformer,3,torch+numpy global (train_one); eval noise RNG 未单独设种,100,2341,0.9648671746253967,add_awgn_tensor (per-window power),6|4|2|0|-1|-2|-3|-4|-5|-6|-7|-8|-10|-12|-14,conc>=0.90 per SNR,,missing,not captured,cfa51dbecbdb0483,record,
jnu_arm_subsample::transformer::s4,jnu_arm_subsample.json,analysis,JNU,modeA_rpm600|arm=subsample,,transformer,4,torch+numpy global (train_one); eval noise RNG 未单独设种,100,2341,0.9537274837493896,add_awgn_tensor (per-window power),6|4|2|0|-1|-2|-3|-4|-5|-6|-7|-8|-10|-12|-14,conc>=0.90 per SNR,,missing,not captured,cfa51dbecbdb0483,record,
jnu_arm_subsample::drsn::s0,jnu_arm_subsample.json,analysis,JNU,modeA_rpm600|arm=subsample,,drsn,0,torch+numpy global (train_one); eval noise RNG 未单独设种,100,2341,0.9948586225509644,add_awgn_tensor (per-window power),6|4|2|0|-1|-2|-3|-4|-5|-6|-7|-8|-10|-12|-14,conc>=0.90 per SNR,,missing,not captured,cfa51dbecbdb0483,record,
jnu_arm_subsample::drsn::s1,jnu_arm_subsample.json,analysis,JNU,modeA_rpm600|arm=subsample,,drsn,1,torch+numpy global (train_one); eval noise RNG 未单独设种,100,2341,0.9948586225509644,add_awgn_tensor (per-window power),6|4|2|0|-1|-2|-3|-4|-5|-6|-7|-8|-10|-12|-14,conc>=0.90 per SNR,,missing,not captured,cfa51dbecbdb0483,record,
jnu_arm_subsample::drsn::s2,jnu_arm_subsample.json,analysis,JNU,modeA_rpm600|arm=subsample,,drsn,2,torch+numpy global (train_one); eval noise RNG 未单独设种,100,2341,0.9940016865730286,add_awgn_tensor (per-window power),6|4|2|0|-1|-2|-3|-4|-5|-6|-7|-8|-10|-12|-14,conc>=0.90 per SNR,,missing,not captured,cfa51dbecbdb0483,record,
jnu_arm_subsample::drsn::s3,jnu_arm_subsample.json,analysis,JNU,modeA_rpm600|arm=subsample,,drsn,3,torch+numpy global (train_one); eval noise RNG 未单独设种,100,2341,0.9922879338264465,add_awgn_tensor (per-window power),6|4|2|0|-1|-2|-3|-4|-5|-6|-7|-8|-10|-12|-14,conc>=0.90 per SNR,,missing,not captured,cfa51dbecbdb0483,record,
jnu_arm_subsample::drsn::s4,jnu_arm_subsample.json,analysis,JNU,modeA_rpm600|arm=subsample,,drsn,4,torch+numpy global (train_one); eval noise RNG 未单独设种,100,2341,0.9948586225509644,add_awgn_tensor (per-window power),6|4|2|0|-1|-2|-3|-4|-5|-6|-7|-8|-10|-12|-14,conc>=0.90 per SNR,,missing,not captured,cfa51dbecbdb0483,record,
pu_fine_snr::cnn1d::s0,pu_fine_snr.json,analysis,PU,"N15_M07_F10|time60/20/20|K001-3,KA04/15/16,KI04/14/17",,cnn1d,0,torch+numpy global (train_one); eval noise RNG 未单独设种,100,16146,0.9801720976829529,add_awgn_tensor (per-window power),6|4|2|0|-1|-2|-3|-4|-5|-6|-7|-8|-10|-12|-14,conc>=0.90 per SNR,,missing,not captured,cfa51dbecbdb0483,record,
pu_fine_snr::cnn1d::s1,pu_fine_snr.json,analysis,PU,"N15_M07_F10|time60/20/20|K001-3,KA04/15/16,KI04/14/17",,cnn1d,1,torch+numpy global (train_one); eval noise RNG 未单独设种,100,16146,0.981855571269989,add_awgn_tensor (per-window power),6|4|2|0|-1|-2|-3|-4|-5|-6|-7|-8|-10|-12|-14,conc>=0.90 per SNR,,missing,not captured,cfa51dbecbdb0483,record,
pu_fine_snr::cnn1d::s2,pu_fine_snr.json,analysis,PU,"N15_M07_F10|time60/20/20|K001-3,KA04/15/16,KI04/14/17",,cnn1d,2,torch+numpy global (train_one); eval noise RNG 未单独设种,100,16146,0.9805461764335632,add_awgn_tensor (per-window power),6|4|2|0|-1|-2|-3|-4|-5|-6|-7|-8|-10|-12|-14,conc>=0.90 per SNR,,missing,not captured,cfa51dbecbdb0483,record,
pu_fine_snr::cnn1d::s3,pu_fine_snr.json,analysis,PU,"N15_M07_F10|time60/20/20|K001-3,KA04/15/16,KI04/14/17",,cnn1d,3,torch+numpy global (train_one); eval noise RNG 未单独设种,100,16146,0.9811073541641235,add_awgn_tensor (per-window power),6|4|2|0|-1|-2|-3|-4|-5|-6|-7|-8|-10|-12|-14,conc>=0.90 per SNR,,missing,not captured,cfa51dbecbdb0483,record,
pu_fine_snr::cnn1d::s4,pu_fine_snr.json,analysis,PU,"N15_M07_F10|time60/20/20|K001-3,KA04/15/16,KI04/14/17",,cnn1d,4,torch+numpy global (train_one); eval noise RNG 未单独设种,100,16146,0.9816685318946838,add_awgn_tensor (per-window power),6|4|2|0|-1|-2|-3|-4|-5|-6|-7|-8|-10|-12|-14,conc>=0.90 per SNR,,missing,not captured,cfa51dbecbdb0483,record,
pu_fine_snr::wdcnn::s0,pu_fine_snr.json,analysis,PU,"N15_M07_F10|time60/20/20|K001-3,KA04/15/16,KI04/14/17",,wdcnn,0,torch+numpy global (train_one); eval noise RNG 未单独设种,100,16146,0.9983165264129639,add_awgn_tensor (per-window power),6|4|2|0|-1|-2|-3|-4|-5|-6|-7|-8|-10|-12|-14,conc>=0.90 per SNR,,missing,not captured,cfa51dbecbdb0483,record,
pu_fine_snr::wdcnn::s1,pu_fine_snr.json,analysis,PU,"N15_M07_F10|time60/20/20|K001-3,KA04/15/16,KI04/14/17",,wdcnn,1,torch+numpy global (train_one); eval noise RNG 未单独设种,100,16146,0.9981294274330139,add_awgn_tensor (per-window power),6|4|2|0|-1|-2|-3|-4|-5|-6|-7|-8|-10|-12|-14,conc>=0.90 per SNR,,missing,not captured,cfa51dbecbdb0483,record,
pu_fine_snr::wdcnn::s2,pu_fine_snr.json,analysis,PU,"N15_M07_F10|time60/20/20|K001-3,KA04/15/16,KI04/14/17",,wdcnn,2,torch+numpy global (train_one); eval noise RNG 未单独设种,100,16146,0.9977553486824036,add_awgn_tensor (per-window power),6|4|2|0|-1|-2|-3|-4|-5|-6|-7|-8|-10|-12|-14,conc>=0.90 per SNR,,missing,not captured,cfa51dbecbdb0483,record,
pu_fine_snr::wdcnn::s3,pu_fine_snr.json,analysis,PU,"N15_M07_F10|time60/20/20|K001-3,KA04/15/16,KI04/14/17",,wdcnn,3,torch+numpy global (train_one); eval noise RNG 未单独设种,100,16146,0.9988776445388794,add_awgn_tensor (per-window power),6|4|2|0|-1|-2|-3|-4|-5|-6|-7|-8|-10|-12|-14,conc>=0.90 per SNR,,missing,not captured,cfa51dbecbdb0483,record,
pu_fine_snr::wdcnn::s4,pu_fine_snr.json,analysis,PU,"N15_M07_F10|time60/20/20|K001-3,KA04/15/16,KI04/14/17",,wdcnn,4,torch+numpy global (train_one); eval noise RNG 未单独设种,100,16146,0.9986906051635742,add_awgn_tensor (per-window power),6|4|2|0|-1|-2|-3|-4|-5|-6|-7|-8|-10|-12|-14,conc>=0.90 per SNR,,missing,not captured,cfa51dbecbdb0483,record,
pu_fine_snr::lstm::s0,pu_fine_snr.json,analysis,PU,"N15_M07_F10|time60/20/20|K001-3,KA04/15/16,KI04/14/17",,lstm,0,torch+numpy global (train_one); eval noise RNG 未单独设种,100,16146,0.9932659864425659,add_awgn_tensor (per-window power),6|4|2|0|-1|-2|-3|-4|-5|-6|-7|-8|-10|-12|-14,conc>=0.90 per SNR,,missing,not captured,cfa51dbecbdb0483,record,
pu_fine_snr::lstm::s1,pu_fine_snr.json,analysis,PU,"N15_M07_F10|time60/20/20|K001-3,KA04/15/16,KI04/14/17",,lstm,1,torch+numpy global (train_one); eval noise RNG 未单独设种,100,16146,0.9945753812789917,add_awgn_tensor (per-window power),6|4|2|0|-1|-2|-3|-4|-5|-6|-7|-8|-10|-12|-14,conc>=0.90 per SNR,,missing,not captured,cfa51dbecbdb0483,record,
pu_fine_snr::lstm::s2,pu_fine_snr.json,analysis,PU,"N15_M07_F10|time60/20/20|K001-3,KA04/15/16,KI04/14/17",,lstm,2,torch+numpy global (train_one); eval noise RNG 未单独设种,100,16146,0.9932659864425659,add_awgn_tensor (per-window power),6|4|2|0|-1|-2|-3|-4|-5|-6|-7|-8|-10|-12|-14,conc>=0.90 per SNR,,missing,not captured,cfa51dbecbdb0483,record,
pu_fine_snr::lstm::s3,pu_fine_snr.json,analysis,PU,"N15_M07_F10|time60/20/20|K001-3,KA04/15/16,KI04/14/17",,lstm,3,torch+numpy global (train_one); eval noise RNG 未单独设种,100,16146,0.9945753812789917,add_awgn_tensor (per-window power),6|4|2|0|-1|-2|-3|-4|-5|-6|-7|-8|-10|-12|-14,conc>=0.90 per SNR,,missing,not captured,cfa51dbecbdb0483,record,
pu_fine_snr::lstm::s4,pu_fine_snr.json,analysis,PU,"N15_M07_F10|time60/20/20|K001-3,KA04/15/16,KI04/14/17",,lstm,4,torch+numpy global (train_one); eval noise RNG 未单独设种,100,16146,0.9940142035484314,add_awgn_tensor (per-window power),6|4|2|0|-1|-2|-3|-4|-5|-6|-7|-8|-10|-12|-14,conc>=0.90 per SNR,,missing,not captured,cfa51dbecbdb0483,record,
pu_fine_snr::transformer::s0,pu_fine_snr.json,analysis,PU,"N15_M07_F10|time60/20/20|K001-3,KA04/15/16,KI04/14/17",,transformer,0,torch+numpy global (train_one); eval noise RNG 未单独设种,100,16146,0.9594088792800903,add_awgn_tensor (per-window power),6|4|2|0|-1|-2|-3|-4|-5|-6|-7|-8|-10|-12|-14,conc>=0.90 per SNR,,missing,not captured,cfa51dbecbdb0483,record,
pu_fine_snr::transformer::s1,pu_fine_snr.json,analysis,PU,"N15_M07_F10|time60/20/20|K001-3,KA04/15/16,KI04/14/17",,transformer,1,torch+numpy global (train_one); eval noise RNG 未单独设种,100,16146,0.9629629850387573,add_awgn_tensor (per-window power),6|4|2|0|-1|-2|-3|-4|-5|-6|-7|-8|-10|-12|-14,conc>=0.90 per SNR,,missing,not captured,cfa51dbecbdb0483,record,
pu_fine_snr::transformer::s2,pu_fine_snr.json,analysis,PU,"N15_M07_F10|time60/20/20|K001-3,KA04/15/16,KI04/14/17",,transformer,2,torch+numpy global (train_one); eval noise RNG 未单独设种,100,16146,0.9586606621742249,add_awgn_tensor (per-window power),6|4|2|0|-1|-2|-3|-4|-5|-6|-7|-8|-10|-12|-14,conc>=0.90 per SNR,,missing,not captured,cfa51dbecbdb0483,record,
pu_fine_snr::transformer::s3,pu_fine_snr.json,analysis,PU,"N15_M07_F10|time60/20/20|K001-3,KA04/15/16,KI04/14/17",,transformer,3,torch+numpy global (train_one); eval noise RNG 未单独设种,100,16146,0.9625888466835022,add_awgn_tensor (per-window power),6|4|2|0|-1|-2|-3|-4|-5|-6|-7|-8|-10|-12|-14,conc>=0.90 per SNR,,missing,not captured,cfa51dbecbdb0483,record,
jnu_smoke::wdcnn::s0,jnu_smoke.json,smoke,JNU,modeA_rpm600,,wdcnn,0,torch+numpy global (train_one); eval noise RNG 未单独设种,unknown,,0.9845758080482483,add_awgn_tensor (per-window power),0|-4|-8,conc>=0.90 per SNR,,missing,not captured,cfa51dbecbdb0483,record,
jnu_fine_smoke::wdcnn::s0,jnu_fine_smoke.json,smoke,JNU,modeA_rpm600,,wdcnn,0,torch+numpy global (train_one); eval noise RNG 未单独设种,unknown,3513,0.9597257971763611,add_awgn_tensor (per-window power),4|3|2|1|0|-1|-2|-3|-4|-5|-6|-7|-8|-9|-10,conc>=0.90 per SNR,,missing,not captured,cfa51dbecbdb0483,record,
jnu_arm_smoke_balanced::wdcnn::s0,jnu_arm_smoke_balanced.json,smoke,JNU,arm=balanced,,wdcnn,0,torch+numpy global (train_one); eval noise RNG 未单独设种,unknown,2340,0.9974293112754822,add_awgn_tensor (per-window power),0|-8,conc>=0.90 per SNR,,missing,not captured,cfa51dbecbdb0483,record,
jnu_arm_smoke_subsample::wdcnn::s0,jnu_arm_smoke_subsample.json,smoke,JNU,arm=subsample,,wdcnn,0,torch+numpy global (train_one); eval noise RNG 未单独设种,unknown,2341,0.9982861876487732,add_awgn_tensor (per-window power),0|-8,conc>=0.90 per SNR,,missing,not captured,cfa51dbecbdb0483,record,
pu_smoke::wdcnn::s0,pu_smoke.json,smoke,PU,-,,wdcnn,0,torch+numpy global (train_one); eval noise RNG 未单独设种,unknown,4491,0.1845913976430893,add_awgn_tensor (per-window power),4|2|0|-2|-4|-6|-8|-10,conc>=0.90 per SNR,,missing,not captured,cfa51dbecbdb0483,record,
pu_probe::wdcnn::s0,pu_probe.json,smoke,PU,individual-split (失败协议),,wdcnn,0,torch+numpy global (train_one); eval noise RNG 未单独设种,unknown,8982,0.24270763993263245,add_awgn_tensor (per-window power),4|0|-4|-8,conc>=0.90 per SNR,,missing,not captured,cfa51dbecbdb0483,record,
pu_probe2::wdcnn::s0,pu_probe2.json,smoke,PU,time-split,,wdcnn,0,torch+numpy global (train_one); eval noise RNG 未单独设种,unknown,16146,0.9986906051635742,add_awgn_tensor (per-window power),4|0|-4|-8,conc>=0.90 per SNR,,missing,not captured,cfa51dbecbdb0483,record,
arm2x2::C007_R11::wdcnn::s0,arm2x2.json,analysis,CWRU,"40file-pool 2x2 arm=C007_R11 (coverage=007, ratio=R11)",42,wdcnn,0,torch.manual_seed+np.random.seed(seed); eval noise torch.manual_seed(1000+17*seed+rep),"3000 steps, last weights",1900,,add_awgn_tensor (per-window power),10.0|0.0|-4.0|-6.0|-8.0,top_mode over 5 noise draws; conc_mean,results/ckpt_2x2/C007_R11_wdcnn_s0.pt,cf1275b6cef4f792cf4fb8d5690d7cdc9dca8b7f908e4e341791b251b5f7bee5,not captured; script sha now 664dbf0c2116b0a8,,result json,
arm2x2::C007_R31::wdcnn::s0,arm2x2.json,analysis,CWRU,"40file-pool 2x2 arm=C007_R31 (coverage=007, ratio=R31)",42,wdcnn,0,torch.manual_seed+np.random.seed(seed); eval noise torch.manual_seed(1000+17*seed+rep),"3000 steps, last weights",1900,,add_awgn_tensor (per-window power),10.0|0.0|-4.0|-6.0|-8.0,top_mode over 5 noise draws; conc_mean,results/ckpt_2x2/C007_R31_wdcnn_s0.pt,ce114b057ba5bf8664f667addea7eede929b2af412000d919fee9a02fdcf0260,not captured; script sha now 664dbf0c2116b0a8,,result json,
arm2x2::CALL_R11::wdcnn::s0,arm2x2.json,analysis,CWRU,"40file-pool 2x2 arm=CALL_R11 (coverage=ALL, ratio=R11)",42,wdcnn,0,torch.manual_seed+np.random.seed(seed); eval noise torch.manual_seed(1000+17*seed+rep),"3000 steps, last weights",1900,,add_awgn_tensor (per-window power),10.0|0.0|-4.0|-6.0|-8.0,top_mode over 5 noise draws; conc_mean,results/ckpt_2x2/CALL_R11_wdcnn_s0.pt,d7e7c97a993243b4a79c069e4b24173280bef40ee4e1bdbb3726ba2a589f207b,not captured; script sha now 664dbf0c2116b0a8,,result json,
arm2x2::CALL_R31::wdcnn::s0,arm2x2.json,analysis,CWRU,"40file-pool 2x2 arm=CALL_R31 (coverage=ALL, ratio=R31)",42,wdcnn,0,torch.manual_seed+np.random.seed(seed); eval noise torch.manual_seed(1000+17*seed+rep),"3000 steps, last weights",1900,,add_awgn_tensor (per-window power),10.0|0.0|-4.0|-6.0|-8.0,top_mode over 5 noise draws; conc_mean,results/ckpt_2x2/CALL_R31_wdcnn_s0.pt,efe401f608d5cc8be21504f2be8606d682fc2d304c14f8105b2621a0b514faff,not captured; script sha now 664dbf0c2116b0a8,,result json,
arm2x2::C007_R11::cnn1d::s0,arm2x2.json,analysis,CWRU,"40file-pool 2x2 arm=C007_R11 (coverage=007, ratio=R11)",42,cnn1d,0,torch.manual_seed+np.random.seed(seed); eval noise torch.manual_seed(1000+17*seed+rep),"3000 steps, last weights",1900,,add_awgn_tensor (per-window power),10.0|0.0|-4.0|-6.0|-8.0,top_mode over 5 noise draws; conc_mean,results/ckpt_2x2/C007_R11_cnn1d_s0.pt,00a6743be005ea86b5e6c35bb540252f39b1ceb70e886742a4e945b53862531a,not captured; script sha now 664dbf0c2116b0a8,,result json,
arm2x2::C007_R31::cnn1d::s0,arm2x2.json,analysis,CWRU,"40file-pool 2x2 arm=C007_R31 (coverage=007, ratio=R31)",42,cnn1d,0,torch.manual_seed+np.random.seed(seed); eval noise torch.manual_seed(1000+17*seed+rep),"3000 steps, last weights",1900,,add_awgn_tensor (per-window power),10.0|0.0|-4.0|-6.0|-8.0,top_mode over 5 noise draws; conc_mean,results/ckpt_2x2/C007_R31_cnn1d_s0.pt,e92feb51d3e7f61be5ab91d940b4cead12ab8c11efd36615cf972e58716bd66a,not captured; script sha now 664dbf0c2116b0a8,,result json,
arm2x2::CALL_R11::cnn1d::s0,arm2x2.json,analysis,CWRU,"40file-pool 2x2 arm=CALL_R11 (coverage=ALL, ratio=R11)",42,cnn1d,0,torch.manual_seed+np.random.seed(seed); eval noise torch.manual_seed(1000+17*seed+rep),"3000 steps, last weights",1900,,add_awgn_tensor (per-window power),10.0|0.0|-4.0|-6.0|-8.0,top_mode over 5 noise draws; conc_mean,results/ckpt_2x2/CALL_R11_cnn1d_s0.pt,d52788a9880d117b74d3d8ce742960e81a6bd22dcadb40e22735698fd71db1a6,not captured; script sha now 664dbf0c2116b0a8,,result json,
arm2x2::CALL_R31::cnn1d::s0,arm2x2.json,analysis,CWRU,"40file-pool 2x2 arm=CALL_R31 (coverage=ALL, ratio=R31)",42,cnn1d,0,torch.manual_seed+np.random.seed(seed); eval noise torch.manual_seed(1000+17*seed+rep),"3000 steps, last weights",1900,,add_awgn_tensor (per-window power),10.0|0.0|-4.0|-6.0|-8.0,top_mode over 5 noise draws; conc_mean,results/ckpt_2x2/CALL_R31_cnn1d_s0.pt,7b4e1c1a9ff6f8df9715060566af579eaa35efcc064440a2b5d4b5dec7d29b1e,not captured; script sha now 664dbf0c2116b0a8,,result json,
arm2x2::C007_R11::drsn::s0,arm2x2.json,analysis,CWRU,"40file-pool 2x2 arm=C007_R11 (coverage=007, ratio=R11)",42,drsn,0,torch.manual_seed+np.random.seed(seed); eval noise torch.manual_seed(1000+17*seed+rep),"3000 steps, last weights",1900,,add_awgn_tensor (per-window power),10.0|0.0|-4.0|-6.0|-8.0,top_mode over 5 noise draws; conc_mean,results/ckpt_2x2/C007_R11_drsn_s0.pt,7e3ae9ab15306aa89f819836ab33c2d71f5bd010bae040b5ad1fa02a9dfcf624,not captured; script sha now 664dbf0c2116b0a8,,result json,
arm2x2::C007_R31::drsn::s0,arm2x2.json,analysis,CWRU,"40file-pool 2x2 arm=C007_R31 (coverage=007, ratio=R31)",42,drsn,0,torch.manual_seed+np.random.seed(seed); eval noise torch.manual_seed(1000+17*seed+rep),"3000 steps, last weights",1900,,add_awgn_tensor (per-window power),10.0|0.0|-4.0|-6.0|-8.0,top_mode over 5 noise draws; conc_mean,results/ckpt_2x2/C007_R31_drsn_s0.pt,ce43bcbfa41b016d880593ddade1419951238123035e6da7286f3e7174be42f2,not captured; script sha now 664dbf0c2116b0a8,,result json,
arm2x2::CALL_R11::drsn::s0,arm2x2.json,analysis,CWRU,"40file-pool 2x2 arm=CALL_R11 (coverage=ALL, ratio=R11)",42,drsn,0,torch.manual_seed+np.random.seed(seed); eval noise torch.manual_seed(1000+17*seed+rep),"3000 steps, last weights",1900,,add_awgn_tensor (per-window power),10.0|0.0|-4.0|-6.0|-8.0,top_mode over 5 noise draws; conc_mean,results/ckpt_2x2/CALL_R11_drsn_s0.pt,7f3baf98153dda61c01bc5a1945e136ade316e201e08b70d534d0c2fb9520743,not captured; script sha now 664dbf0c2116b0a8,,result json,
arm2x2::CALL_R31::drsn::s0,arm2x2.json,analysis,CWRU,"40file-pool 2x2 arm=CALL_R31 (coverage=ALL, ratio=R31)",42,drsn,0,torch.manual_seed+np.random.seed(seed); eval noise torch.manual_seed(1000+17*seed+rep),"3000 steps, last weights",1900,,add_awgn_tensor (per-window power),10.0|0.0|-4.0|-6.0|-8.0,top_mode over 5 noise draws; conc_mean,results/ckpt_2x2/CALL_R31_drsn_s0.pt,61d7c56f63c9bbe3e18e709fa79e2554a2edd39569dcc3f6a90c406d62f64862,not captured; script sha now 664dbf0c2116b0a8,,result json,
arm2x2::C007_R11::wdcnn::s1,arm2x2.json,analysis,CWRU,"40file-pool 2x2 arm=C007_R11 (coverage=007, ratio=R11)",42,wdcnn,1,torch.manual_seed+np.random.seed(seed); eval noise torch.manual_seed(1000+17*seed+rep),"3000 steps, last weights",1900,,add_awgn_tensor (per-window power),10.0|0.0|-4.0|-6.0|-8.0,top_mode over 5 noise draws; conc_mean,results/ckpt_2x2/C007_R11_wdcnn_s1.pt,4e982300e32382ca6018d82532e294e9f4096c6f8541caf369c8733f923e12fb,not captured; script sha now 664dbf0c2116b0a8,,result json,
arm2x2::C007_R31::wdcnn::s1,arm2x2.json,analysis,CWRU,"40file-pool 2x2 arm=C007_R31 (coverage=007, ratio=R31)",42,wdcnn,1,torch.manual_seed+np.random.seed(seed); eval noise torch.manual_seed(1000+17*seed+rep),"3000 steps, last weights",1900,,add_awgn_tensor (per-window power),10.0|0.0|-4.0|-6.0|-8.0,top_mode over 5 noise draws; conc_mean,results/ckpt_2x2/C007_R31_wdcnn_s1.pt,8917c407522c93c9a2581da12a96084f871825c032514f41446a7ebe0760803f,not captured; script sha now 664dbf0c2116b0a8,,result json,
arm2x2::CALL_R11::wdcnn::s1,arm2x2.json,analysis,CWRU,"40file-pool 2x2 arm=CALL_R11 (coverage=ALL, ratio=R11)",42,wdcnn,1,torch.manual_seed+np.random.seed(seed); eval noise torch.manual_seed(1000+17*seed+rep),"3000 steps, last weights",1900,,add_awgn_tensor (per-window power),10.0|0.0|-4.0|-6.0|-8.0,top_mode over 5 noise draws; conc_mean,results/ckpt_2x2/CALL_R11_wdcnn_s1.pt,1e0fa0c55434ac2db70dbc6cbf0fccf2848e9dcf9d32492dfc02aeefde2748ec,not captured; script sha now 664dbf0c2116b0a8,,result json,
arm2x2::CALL_R31::wdcnn::s1,arm2x2.json,analysis,CWRU,"40file-pool 2x2 arm=CALL_R31 (coverage=ALL, ratio=R31)",42,wdcnn,1,torch.manual_seed+np.random.seed(seed); eval noise torch.manual_seed(1000+17*seed+rep),"3000 steps, last weights",1900,,add_awgn_tensor (per-window power),10.0|0.0|-4.0|-6.0|-8.0,top_mode over 5 noise draws; conc_mean,results/ckpt_2x2/CALL_R31_wdcnn_s1.pt,63f804b3a3eb4526e1b6b232558927df20bc45dfe73e30f6fa1d6bbeead909b9,not captured; script sha now 664dbf0c2116b0a8,,result json,
arm2x2::C007_R11::cnn1d::s1,arm2x2.json,analysis,CWRU,"40file-pool 2x2 arm=C007_R11 (coverage=007, ratio=R11)",42,cnn1d,1,torch.manual_seed+np.random.seed(seed); eval noise torch.manual_seed(1000+17*seed+rep),"3000 steps, last weights",1900,,add_awgn_tensor (per-window power),10.0|0.0|-4.0|-6.0|-8.0,top_mode over 5 noise draws; conc_mean,results/ckpt_2x2/C007_R11_cnn1d_s1.pt,7d5822133f2144944df9df14598953bff0e71e438c3f5768b4ad42e9c8aba040,not captured; script sha now 664dbf0c2116b0a8,,result json,
arm2x2::C007_R31::cnn1d::s1,arm2x2.json,analysis,CWRU,"40file-pool 2x2 arm=C007_R31 (coverage=007, ratio=R31)",42,cnn1d,1,torch.manual_seed+np.random.seed(seed); eval noise torch.manual_seed(1000+17*seed+rep),"3000 steps, last weights",1900,,add_awgn_tensor (per-window power),10.0|0.0|-4.0|-6.0|-8.0,top_mode over 5 noise draws; conc_mean,results/ckpt_2x2/C007_R31_cnn1d_s1.pt,9be129cecd3f359bbe0cb4316b31a5086871962c1c5c22a69794837bf164d24b,not captured; script sha now 664dbf0c2116b0a8,,result json,
arm2x2::CALL_R11::cnn1d::s1,arm2x2.json,analysis,CWRU,"40file-pool 2x2 arm=CALL_R11 (coverage=ALL, ratio=R11)",42,cnn1d,1,torch.manual_seed+np.random.seed(seed); eval noise torch.manual_seed(1000+17*seed+rep),"3000 steps, last weights",1900,,add_awgn_tensor (per-window power),10.0|0.0|-4.0|-6.0|-8.0,top_mode over 5 noise draws; conc_mean,results/ckpt_2x2/CALL_R11_cnn1d_s1.pt,684d261a5edd937b76f7d257d3747899fcffd9d141e218ae0d41f232b5ff5b50,not captured; script sha now 664dbf0c2116b0a8,,result json,
arm2x2::CALL_R31::cnn1d::s1,arm2x2.json,analysis,CWRU,"40file-pool 2x2 arm=CALL_R31 (coverage=ALL, ratio=R31)",42,cnn1d,1,torch.manual_seed+np.random.seed(seed); eval noise torch.manual_seed(1000+17*seed+rep),"3000 steps, last weights",1900,,add_awgn_tensor (per-window power),10.0|0.0|-4.0|-6.0|-8.0,top_mode over 5 noise draws; conc_mean,results/ckpt_2x2/CALL_R31_cnn1d_s1.pt,9e85d451a9a751a2fdc4ab76bedc23d210c5d1c5d1d5fe6c128ff9868e4aa10d,not captured; script sha now 664dbf0c2116b0a8,,result json,
arm2x2::C007_R11::drsn::s1,arm2x2.json,analysis,CWRU,"40file-pool 2x2 arm=C007_R11 (coverage=007, ratio=R11)",42,drsn,1,torch.manual_seed+np.random.seed(seed); eval noise torch.manual_seed(1000+17*seed+rep),"3000 steps, last weights",1900,,add_awgn_tensor (per-window power),10.0|0.0|-4.0|-6.0|-8.0,top_mode over 5 noise draws; conc_mean,results/ckpt_2x2/C007_R11_drsn_s1.pt,b9a37879d4709d8a7b00a4c5143896c53a4a00e599a5beb45d5e0f6ef6fc3044,not captured; script sha now 664dbf0c2116b0a8,,result json,
arm2x2::C007_R31::drsn::s1,arm2x2.json,analysis,CWRU,"40file-pool 2x2 arm=C007_R31 (coverage=007, ratio=R31)",42,drsn,1,torch.manual_seed+np.random.seed(seed); eval noise torch.manual_seed(1000+17*seed+rep),"3000 steps, last weights",1900,,add_awgn_tensor (per-window power),10.0|0.0|-4.0|-6.0|-8.0,top_mode over 5 noise draws; conc_mean,results/ckpt_2x2/C007_R31_drsn_s1.pt,aef96b119dd17621c0dc1c01d543708832abe1c0406dfeb2cf19c06e00f266ac,not captured; script sha now 664dbf0c2116b0a8,,result json,
arm2x2::CALL_R11::drsn::s1,arm2x2.json,analysis,CWRU,"40file-pool 2x2 arm=CALL_R11 (coverage=ALL, ratio=R11)",42,drsn,1,torch.manual_seed+np.random.seed(seed); eval noise torch.manual_seed(1000+17*seed+rep),"3000 steps, last weights",1900,,add_awgn_tensor (per-window power),10.0|0.0|-4.0|-6.0|-8.0,top_mode over 5 noise draws; conc_mean,results/ckpt_2x2/CALL_R11_drsn_s1.pt,485725a0075dc77289c1d3fd5ae9a36cd8a7c19edb7965c6c88b344e3dc05173,not captured; script sha now 664dbf0c2116b0a8,,result json,
arm2x2::CALL_R31::drsn::s1,arm2x2.json,analysis,CWRU,"40file-pool 2x2 arm=CALL_R31 (coverage=ALL, ratio=R31)",42,drsn,1,torch.manual_seed+np.random.seed(seed); eval noise torch.manual_seed(1000+17*seed+rep),"3000 steps, last weights",1900,,add_awgn_tensor (per-window power),10.0|0.0|-4.0|-6.0|-8.0,top_mode over 5 noise draws; conc_mean,results/ckpt_2x2/CALL_R31_drsn_s1.pt,87ded8b0d66982af07522957846f4dbfacbe1e8b98e0d0e2666faa08dae03d6e,not captured; script sha now 664dbf0c2116b0a8,,result json,
arm2x2::C007_R11::wdcnn::s2,arm2x2.json,analysis,CWRU,"40file-pool 2x2 arm=C007_R11 (coverage=007, ratio=R11)",42,wdcnn,2,torch.manual_seed+np.random.seed(seed); eval noise torch.manual_seed(1000+17*seed+rep),"3000 steps, last weights",1900,,add_awgn_tensor (per-window power),10.0|0.0|-4.0|-6.0|-8.0,top_mode over 5 noise draws; conc_mean,results/ckpt_2x2/C007_R11_wdcnn_s2.pt,50c15edad8acf8056e52dfcc5f5117bb2d1211502e2bdecc23b09c22645552d1,not captured; script sha now 664dbf0c2116b0a8,,result json,
arm2x2::C007_R31::wdcnn::s2,arm2x2.json,analysis,CWRU,"40file-pool 2x2 arm=C007_R31 (coverage=007, ratio=R31)",42,wdcnn,2,torch.manual_seed+np.random.seed(seed); eval noise torch.manual_seed(1000+17*seed+rep),"3000 steps, last weights",1900,,add_awgn_tensor (per-window power),10.0|0.0|-4.0|-6.0|-8.0,top_mode over 5 noise draws; conc_mean,results/ckpt_2x2/C007_R31_wdcnn_s2.pt,b53e996dd9d3488f2b86637ad9118432aba2f547a14f83773e7097c479483057,not captured; script sha now 664dbf0c2116b0a8,,result json,
arm2x2::CALL_R11::wdcnn::s2,arm2x2.json,analysis,CWRU,"40file-pool 2x2 arm=CALL_R11 (coverage=ALL, ratio=R11)",42,wdcnn,2,torch.manual_seed+np.random.seed(seed); eval noise torch.manual_seed(1000+17*seed+rep),"3000 steps, last weights",1900,,add_awgn_tensor (per-window power),10.0|0.0|-4.0|-6.0|-8.0,top_mode over 5 noise draws; conc_mean,results/ckpt_2x2/CALL_R11_wdcnn_s2.pt,3263ce814e9daf59357bf30d126728969f9aba5f51c1d2402a0f80a344effab4,not captured; script sha now 664dbf0c2116b0a8,,result json,
arm2x2::CALL_R31::wdcnn::s2,arm2x2.json,analysis,CWRU,"40file-pool 2x2 arm=CALL_R31 (coverage=ALL, ratio=R31)",42,wdcnn,2,torch.manual_seed+np.random.seed(seed); eval noise torch.manual_seed(1000+17*seed+rep),"3000 steps, last weights",1900,,add_awgn_tensor (per-window power),10.0|0.0|-4.0|-6.0|-8.0,top_mode over 5 noise draws; conc_mean,results/ckpt_2x2/CALL_R31_wdcnn_s2.pt,f6cfb10d0be186847cdb0916a5f1be298cd69ae6227801324d80770bda42b359,not captured; script sha now 664dbf0c2116b0a8,,result json,
arm2x2::C007_R11::cnn1d::s2,arm2x2.json,analysis,CWRU,"40file-pool 2x2 arm=C007_R11 (coverage=007, ratio=R11)",42,cnn1d,2,torch.manual_seed+np.random.seed(seed); eval noise torch.manual_seed(1000+17*seed+rep),"3000 steps, last weights",1900,,add_awgn_tensor (per-window power),10.0|0.0|-4.0|-6.0|-8.0,top_mode over 5 noise draws; conc_mean,results/ckpt_2x2/C007_R11_cnn1d_s2.pt,57a8f763f0a35407c3ff79c400d7505f8d3d3ff27d1bfc7d349588d7219cab9b,not captured; script sha now 664dbf0c2116b0a8,,result json,
arm2x2::C007_R31::cnn1d::s2,arm2x2.json,analysis,CWRU,"40file-pool 2x2 arm=C007_R31 (coverage=007, ratio=R31)",42,cnn1d,2,torch.manual_seed+np.random.seed(seed); eval noise torch.manual_seed(1000+17*seed+rep),"3000 steps, last weights",1900,,add_awgn_tensor (per-window power),10.0|0.0|-4.0|-6.0|-8.0,top_mode over 5 noise draws; conc_mean,results/ckpt_2x2/C007_R31_cnn1d_s2.pt,4b377939cee4582eb398f1018cdbc12bfc7f9b708c57c75717aeb781e79a9079,not captured; script sha now 664dbf0c2116b0a8,,result json,
arm2x2::CALL_R11::cnn1d::s2,arm2x2.json,analysis,CWRU,"40file-pool 2x2 arm=CALL_R11 (coverage=ALL, ratio=R11)",42,cnn1d,2,torch.manual_seed+np.random.seed(seed); eval noise torch.manual_seed(1000+17*seed+rep),"3000 steps, last weights",1900,,add_awgn_tensor (per-window power),10.0|0.0|-4.0|-6.0|-8.0,top_mode over 5 noise draws; conc_mean,results/ckpt_2x2/CALL_R11_cnn1d_s2.pt,0abc10d1c72bab68a80bdc59da1140470299b2093b93c02edd0f64fa9b43102d,not captured; script sha now 664dbf0c2116b0a8,,result json,
arm2x2::CALL_R31::cnn1d::s2,arm2x2.json,analysis,CWRU,"40file-pool 2x2 arm=CALL_R31 (coverage=ALL, ratio=R31)",42,cnn1d,2,torch.manual_seed+np.random.seed(seed); eval noise torch.manual_seed(1000+17*seed+rep),"3000 steps, last weights",1900,,add_awgn_tensor (per-window power),10.0|0.0|-4.0|-6.0|-8.0,top_mode over 5 noise draws; conc_mean,results/ckpt_2x2/CALL_R31_cnn1d_s2.pt,ef4281f874119209ba73e7549c32dfe6cd793a2bd4c1a726dc655b549ab3fe70,not captured; script sha now 664dbf0c2116b0a8,,result json,
arm2x2::C007_R11::drsn::s2,arm2x2.json,analysis,CWRU,"40file-pool 2x2 arm=C007_R11 (coverage=007, ratio=R11)",42,drsn,2,torch.manual_seed+np.random.seed(seed); eval noise torch.manual_seed(1000+17*seed+rep),"3000 steps, last weights",1900,,add_awgn_tensor (per-window power),10.0|0.0|-4.0|-6.0|-8.0,top_mode over 5 noise draws; conc_mean,results/ckpt_2x2/C007_R11_drsn_s2.pt,73576bb5384c27690b5082232e9a5fa727f4c00a99b50778113c935f2840542c,not captured; script sha now 664dbf0c2116b0a8,,result json,
arm2x2::C007_R31::drsn::s2,arm2x2.json,analysis,CWRU,"40file-pool 2x2 arm=C007_R31 (coverage=007, ratio=R31)",42,drsn,2,torch.manual_seed+np.random.seed(seed); eval noise torch.manual_seed(1000+17*seed+rep),"3000 steps, last weights",1900,,add_awgn_tensor (per-window power),10.0|0.0|-4.0|-6.0|-8.0,top_mode over 5 noise draws; conc_mean,results/ckpt_2x2/C007_R31_drsn_s2.pt,b167f466c67bff975d6c893dc23da94802976dcc562c234fd6a3e6fcc80402be,not captured; script sha now 664dbf0c2116b0a8,,result json,
arm2x2::CALL_R11::drsn::s2,arm2x2.json,analysis,CWRU,"40file-pool 2x2 arm=CALL_R11 (coverage=ALL, ratio=R11)",42,drsn,2,torch.manual_seed+np.random.seed(seed); eval noise torch.manual_seed(1000+17*seed+rep),"3000 steps, last weights",1900,,add_awgn_tensor (per-window power),10.0|0.0|-4.0|-6.0|-8.0,top_mode over 5 noise draws; conc_mean,results/ckpt_2x2/CALL_R11_drsn_s2.pt,5119628916f1bb298b26a7179c58ac4600907dfcea52961d2b54be3203df05b5,not captured; script sha now 664dbf0c2116b0a8,,result json,
arm2x2::CALL_R31::drsn::s2,arm2x2.json,analysis,CWRU,"40file-pool 2x2 arm=CALL_R31 (coverage=ALL, ratio=R31)",42,drsn,2,torch.manual_seed+np.random.seed(seed); eval noise torch.manual_seed(1000+17*seed+rep),"3000 steps, last weights",1900,,add_awgn_tensor (per-window power),10.0|0.0|-4.0|-6.0|-8.0,top_mode over 5 noise draws; conc_mean,results/ckpt_2x2/CALL_R31_drsn_s2.pt,181b3324e45fcf918ab5ee1b66bef74f2fa5963afc8f18b1ef215f50273935a2,not captured; script sha now 664dbf0c2116b0a8,,result json,
arm2x2::C007_R11::wdcnn::s3,arm2x2.json,analysis,CWRU,"40file-pool 2x2 arm=C007_R11 (coverage=007, ratio=R11)",42,wdcnn,3,torch.manual_seed+np.random.seed(seed); eval noise torch.manual_seed(1000+17*seed+rep),"3000 steps, last weights",1900,,add_awgn_tensor (per-window power),10.0|0.0|-4.0|-6.0|-8.0,top_mode over 5 noise draws; conc_mean,results/ckpt_2x2/C007_R11_wdcnn_s3.pt,7e4ed47f93ebc27ab238509396be664c9ec509b74c9645a8398fb7ad9b7546f4,not captured; script sha now 664dbf0c2116b0a8,,result json,
arm2x2::C007_R31::wdcnn::s3,arm2x2.json,analysis,CWRU,"40file-pool 2x2 arm=C007_R31 (coverage=007, ratio=R31)",42,wdcnn,3,torch.manual_seed+np.random.seed(seed); eval noise torch.manual_seed(1000+17*seed+rep),"3000 steps, last weights",1900,,add_awgn_tensor (per-window power),10.0|0.0|-4.0|-6.0|-8.0,top_mode over 5 noise draws; conc_mean,results/ckpt_2x2/C007_R31_wdcnn_s3.pt,eb543dbc04a23607d994b30f2539a2a5036e798aaa54c82051af2c29585d8cbc,not captured; script sha now 664dbf0c2116b0a8,,result json,
arm2x2::CALL_R11::wdcnn::s3,arm2x2.json,analysis,CWRU,"40file-pool 2x2 arm=CALL_R11 (coverage=ALL, ratio=R11)",42,wdcnn,3,torch.manual_seed+np.random.seed(seed); eval noise torch.manual_seed(1000+17*seed+rep),"3000 steps, last weights",1900,,add_awgn_tensor (per-window power),10.0|0.0|-4.0|-6.0|-8.0,top_mode over 5 noise draws; conc_mean,results/ckpt_2x2/CALL_R11_wdcnn_s3.pt,319c6df881f5e375da1d1c4b8c071da8ab4d8a802145928ee28d05da66ee65e1,not captured; script sha now 664dbf0c2116b0a8,,result json,
arm2x2::CALL_R31::wdcnn::s3,arm2x2.json,analysis,CWRU,"40file-pool 2x2 arm=CALL_R31 (coverage=ALL, ratio=R31)",42,wdcnn,3,torch.manual_seed+np.random.seed(seed); eval noise torch.manual_seed(1000+17*seed+rep),"3000 steps, last weights",1900,,add_awgn_tensor (per-window power),10.0|0.0|-4.0|-6.0|-8.0,top_mode over 5 noise draws; conc_mean,results/ckpt_2x2/CALL_R31_wdcnn_s3.pt,9f463160365ef07e7951841925f19b69322fb93d5848d97733c2547d49a7761a,not captured; script sha now 664dbf0c2116b0a8,,result json,
arm2x2::C007_R11::cnn1d::s3,arm2x2.json,analysis,CWRU,"40file-pool 2x2 arm=C007_R11 (coverage=007, ratio=R11)",42,cnn1d,3,torch.manual_seed+np.random.seed(seed); eval noise torch.manual_seed(1000+17*seed+rep),"3000 steps, last weights",1900,,add_awgn_tensor (per-window power),10.0|0.0|-4.0|-6.0|-8.0,top_mode over 5 noise draws; conc_mean,results/ckpt_2x2/C007_R11_cnn1d_s3.pt,c48a39a5d29766e1bbc322839d8dc24ee9a1b972f277e8d56784245b33f1ef6b,not captured; script sha now 664dbf0c2116b0a8,,result json,
arm2x2::C007_R31::cnn1d::s3,arm2x2.json,analysis,CWRU,"40file-pool 2x2 arm=C007_R31 (coverage=007, ratio=R31)",42,cnn1d,3,torch.manual_seed+np.random.seed(seed); eval noise torch.manual_seed(1000+17*seed+rep),"3000 steps, last weights",1900,,add_awgn_tensor (per-window power),10.0|0.0|-4.0|-6.0|-8.0,top_mode over 5 noise draws; conc_mean,results/ckpt_2x2/C007_R31_cnn1d_s3.pt,a0e14ffee3ffd9554fa5badf089da48735c64c93c6eb4d458c3c75b67edb7294,not captured; script sha now 664dbf0c2116b0a8,,result json,
arm2x2::CALL_R11::cnn1d::s3,arm2x2.json,analysis,CWRU,"40file-pool 2x2 arm=CALL_R11 (coverage=ALL, ratio=R11)",42,cnn1d,3,torch.manual_seed+np.random.seed(seed); eval noise torch.manual_seed(1000+17*seed+rep),"3000 steps, last weights",1900,,add_awgn_tensor (per-window power),10.0|0.0|-4.0|-6.0|-8.0,top_mode over 5 noise draws; conc_mean,results/ckpt_2x2/CALL_R11_cnn1d_s3.pt,c47a0537cf736a3a9ea0f29581763bc0a8d935f927903d66ec7e3fa51b051f94,not captured; script sha now 664dbf0c2116b0a8,,result json,
arm2x2::CALL_R31::cnn1d::s3,arm2x2.json,analysis,CWRU,"40file-pool 2x2 arm=CALL_R31 (coverage=ALL, ratio=R31)",42,cnn1d,3,torch.manual_seed+np.random.seed(seed); eval noise torch.manual_seed(1000+17*seed+rep),"3000 steps, last weights",1900,,add_awgn_tensor (per-window power),10.0|0.0|-4.0|-6.0|-8.0,top_mode over 5 noise draws; conc_mean,results/ckpt_2x2/CALL_R31_cnn1d_s3.pt,a0565649eee2517e65ce8c3fdd86d0b2b710d8c2bf3e6db75551f9595f9f7762,not captured; script sha now 664dbf0c2116b0a8,,result json,
arm2x2::C007_R11::drsn::s3,arm2x2.json,analysis,CWRU,"40file-pool 2x2 arm=C007_R11 (coverage=007, ratio=R11)",42,drsn,3,torch.manual_seed+np.random.seed(seed); eval noise torch.manual_seed(1000+17*seed+rep),"3000 steps, last weights",1900,,add_awgn_tensor (per-window power),10.0|0.0|-4.0|-6.0|-8.0,top_mode over 5 noise draws; conc_mean,results/ckpt_2x2/C007_R11_drsn_s3.pt,e468e489d0d96455519e8a0f1264afa8805b444bc71a8dd0c181cf7431da0e06,not captured; script sha now 664dbf0c2116b0a8,,result json,
arm2x2::C007_R31::drsn::s3,arm2x2.json,analysis,CWRU,"40file-pool 2x2 arm=C007_R31 (coverage=007, ratio=R31)",42,drsn,3,torch.manual_seed+np.random.seed(seed); eval noise torch.manual_seed(1000+17*seed+rep),"3000 steps, last weights",1900,,add_awgn_tensor (per-window power),10.0|0.0|-4.0|-6.0|-8.0,top_mode over 5 noise draws; conc_mean,results/ckpt_2x2/C007_R31_drsn_s3.pt,db514fb38d9355c340b38b35323e6cf1ac4fd1af27af190e634d1fbefed2bb28,not captured; script sha now 664dbf0c2116b0a8,,result json,
arm2x2::CALL_R11::drsn::s3,arm2x2.json,analysis,CWRU,"40file-pool 2x2 arm=CALL_R11 (coverage=ALL, ratio=R11)",42,drsn,3,torch.manual_seed+np.random.seed(seed); eval noise torch.manual_seed(1000+17*seed+rep),"3000 steps, last weights",1900,,add_awgn_tensor (per-window power),10.0|0.0|-4.0|-6.0|-8.0,top_mode over 5 noise draws; conc_mean,results/ckpt_2x2/CALL_R11_drsn_s3.pt,4207e94f2e976785db9d5eebc45e38350ddcd5d8c60e2a0ca4c60fd9d30d9e8b,not captured; script sha now 664dbf0c2116b0a8,,result json,
arm2x2::CALL_R31::drsn::s3,arm2x2.json,analysis,CWRU,"40file-pool 2x2 arm=CALL_R31 (coverage=ALL, ratio=R31)",42,drsn,3,torch.manual_seed+np.random.seed(seed); eval noise torch.manual_seed(1000+17*seed+rep),"3000 steps, last weights",1900,,add_awgn_tensor (per-window power),10.0|0.0|-4.0|-6.0|-8.0,top_mode over 5 noise draws; conc_mean,results/ckpt_2x2/CALL_R31_drsn_s3.pt,21725beecab0560127a26d203d0d6768346dc08450769c436173b8d55be13907,not captured; script sha now 664dbf0c2116b0a8,,result json,
arm2x2::C007_R11::wdcnn::s4,arm2x2.json,analysis,CWRU,"40file-pool 2x2 arm=C007_R11 (coverage=007, ratio=R11)",42,wdcnn,4,torch.manual_seed+np.random.seed(seed); eval noise torch.manual_seed(1000+17*seed+rep),"3000 steps, last weights",1900,,add_awgn_tensor (per-window power),10.0|0.0|-4.0|-6.0|-8.0,top_mode over 5 noise draws; conc_mean,results/ckpt_2x2/C007_R11_wdcnn_s4.pt,bfe483324de94dc6e9d0dbecc128525d69692a6578a2caea129cdec4996cf27d,not captured; script sha now 664dbf0c2116b0a8,,result json,
arm2x2::C007_R31::wdcnn::s4,arm2x2.json,analysis,CWRU,"40file-pool 2x2 arm=C007_R31 (coverage=007, ratio=R31)",42,wdcnn,4,torch.manual_seed+np.random.seed(seed); eval noise torch.manual_seed(1000+17*seed+rep),"3000 steps, last weights",1900,,add_awgn_tensor (per-window power),10.0|0.0|-4.0|-6.0|-8.0,top_mode over 5 noise draws; conc_mean,results/ckpt_2x2/C007_R31_wdcnn_s4.pt,82b4b84bb1824f63b4574ace84eb02f214c4aa5d59fa6988f745894e3f7e30e7,not captured; script sha now 664dbf0c2116b0a8,,result json,
arm2x2::CALL_R11::wdcnn::s4,arm2x2.json,analysis,CWRU,"40file-pool 2x2 arm=CALL_R11 (coverage=ALL, ratio=R11)",42,wdcnn,4,torch.manual_seed+np.random.seed(seed); eval noise torch.manual_seed(1000+17*seed+rep),"3000 steps, last weights",1900,,add_awgn_tensor (per-window power),10.0|0.0|-4.0|-6.0|-8.0,top_mode over 5 noise draws; conc_mean,results/ckpt_2x2/CALL_R11_wdcnn_s4.pt,729e7bd71ae29e11b382809806e130737af7b40a314b90878b4d1d03cef83bd9,not captured; script sha now 664dbf0c2116b0a8,,result json,
arm2x2::CALL_R31::wdcnn::s4,arm2x2.json,analysis,CWRU,"40file-pool 2x2 arm=CALL_R31 (coverage=ALL, ratio=R31)",42,wdcnn,4,torch.manual_seed+np.random.seed(seed); eval noise torch.manual_seed(1000+17*seed+rep),"3000 steps, last weights",1900,,add_awgn_tensor (per-window power),10.0|0.0|-4.0|-6.0|-8.0,top_mode over 5 noise draws; conc_mean,results/ckpt_2x2/CALL_R31_wdcnn_s4.pt,fdddb94213443a3c7f7e3b164ecfb96004f6159ea5a150d2e7b87030c16bbfe0,not captured; script sha now 664dbf0c2116b0a8,,result json,
arm2x2::C007_R11::cnn1d::s4,arm2x2.json,analysis,CWRU,"40file-pool 2x2 arm=C007_R11 (coverage=007, ratio=R11)",42,cnn1d,4,torch.manual_seed+np.random.seed(seed); eval noise torch.manual_seed(1000+17*seed+rep),"3000 steps, last weights",1900,,add_awgn_tensor (per-window power),10.0|0.0|-4.0|-6.0|-8.0,top_mode over 5 noise draws; conc_mean,results/ckpt_2x2/C007_R11_cnn1d_s4.pt,3b0146c893656dfd19d106cd721e9f655d0d8868519e70207939bbcdfd73ef43,not captured; script sha now 664dbf0c2116b0a8,,result json,
arm2x2::C007_R31::cnn1d::s4,arm2x2.json,analysis,CWRU,"40file-pool 2x2 arm=C007_R31 (coverage=007, ratio=R31)",42,cnn1d,4,torch.manual_seed+np.random.seed(seed); eval noise torch.manual_seed(1000+17*seed+rep),"3000 steps, last weights",1900,,add_awgn_tensor (per-window power),10.0|0.0|-4.0|-6.0|-8.0,top_mode over 5 noise draws; conc_mean,results/ckpt_2x2/C007_R31_cnn1d_s4.pt,8738bb942fd252e19a95d1d00ba01f28a963843af2f8b8b1228eabc6e0657809,not captured; script sha now 664dbf0c2116b0a8,,result json,
arm2x2::CALL_R11::cnn1d::s4,arm2x2.json,analysis,CWRU,"40file-pool 2x2 arm=CALL_R11 (coverage=ALL, ratio=R11)",42,cnn1d,4,torch.manual_seed+np.random.seed(seed); eval noise torch.manual_seed(1000+17*seed+rep),"3000 steps, last weights",1900,,add_awgn_tensor (per-window power),10.0|0.0|-4.0|-6.0|-8.0,top_mode over 5 noise draws; conc_mean,results/ckpt_2x2/CALL_R11_cnn1d_s4.pt,fdd1ec0abb6f9c06e8fa68ffe77a99c78259a2ad75458aa669f58a220b48862f,not captured; script sha now 664dbf0c2116b0a8,,result json,
arm2x2::CALL_R31::cnn1d::s4,arm2x2.json,analysis,CWRU,"40file-pool 2x2 arm=CALL_R31 (coverage=ALL, ratio=R31)",42,cnn1d,4,torch.manual_seed+np.random.seed(seed); eval noise torch.manual_seed(1000+17*seed+rep),"3000 steps, last weights",1900,,add_awgn_tensor (per-window power),10.0|0.0|-4.0|-6.0|-8.0,top_mode over 5 noise draws; conc_mean,results/ckpt_2x2/CALL_R31_cnn1d_s4.pt,479337d3a1e662d7ee9bbd6710099e67a3a0bef7cce55df830798381766d6f0d,not captured; script sha now 664dbf0c2116b0a8,,result json,
arm2x2::C007_R11::drsn::s4,arm2x2.json,analysis,CWRU,"40file-pool 2x2 arm=C007_R11 (coverage=007, ratio=R11)",42,drsn,4,torch.manual_seed+np.random.seed(seed); eval noise torch.manual_seed(1000+17*seed+rep),"3000 steps, last weights",1900,,add_awgn_tensor (per-window power),10.0|0.0|-4.0|-6.0|-8.0,top_mode over 5 noise draws; conc_mean,results/ckpt_2x2/C007_R11_drsn_s4.pt,c8e55606e1751a1dbf7052d78f044ca5716141ccd7c8177f17f4fd09c3359d9c,not captured; script sha now 664dbf0c2116b0a8,,result json,
arm2x2::C007_R31::drsn::s4,arm2x2.json,analysis,CWRU,"40file-pool 2x2 arm=C007_R31 (coverage=007, ratio=R31)",42,drsn,4,torch.manual_seed+np.random.seed(seed); eval noise torch.manual_seed(1000+17*seed+rep),"3000 steps, last weights",1900,,add_awgn_tensor (per-window power),10.0|0.0|-4.0|-6.0|-8.0,top_mode over 5 noise draws; conc_mean,results/ckpt_2x2/C007_R31_drsn_s4.pt,b112fed56a750adb5762d63c1dcbff7fff41164bec66aa9e883be5b8c9ebe1fc,not captured; script sha now 664dbf0c2116b0a8,,result json,
arm2x2::CALL_R11::drsn::s4,arm2x2.json,analysis,CWRU,"40file-pool 2x2 arm=CALL_R11 (coverage=ALL, ratio=R11)",42,drsn,4,torch.manual_seed+np.random.seed(seed); eval noise torch.manual_seed(1000+17*seed+rep),"3000 steps, last weights",1900,,add_awgn_tensor (per-window power),10.0|0.0|-4.0|-6.0|-8.0,top_mode over 5 noise draws; conc_mean,results/ckpt_2x2/CALL_R11_drsn_s4.pt,357be4a00e45e93d98c37e61b43c609a29c9c90cc865d7b1e748dad3b1311b58,not captured; script sha now 664dbf0c2116b0a8,,result json,
arm2x2::CALL_R31::drsn::s4,arm2x2.json,analysis,CWRU,"40file-pool 2x2 arm=CALL_R31 (coverage=ALL, ratio=R31)",42,drsn,4,torch.manual_seed+np.random.seed(seed); eval noise torch.manual_seed(1000+17*seed+rep),"3000 steps, last weights",1900,,add_awgn_tensor (per-window power),10.0|0.0|-4.0|-6.0|-8.0,top_mode over 5 noise draws; conc_mean,results/ckpt_2x2/CALL_R31_drsn_s4.pt,ac2fdfe3a8140c001a5fab710c683bc35be945ded45ddab7cfc089cc5f05bcd2,not captured; script sha now 664dbf0c2116b0a8,,result json,
arm2x2_lt::C007_R11::lstm::s0,arm2x2_lt.json,analysis,CWRU,"40file-pool 2x2 arm=C007_R11 (coverage=007, ratio=R11)",42,lstm,0,torch.manual_seed+np.random.seed(seed); eval noise torch.manual_seed(1000+17*seed+rep),"3000 steps, last weights",1900,,add_awgn_tensor (per-window power),10.0|0.0|-4.0|-6.0|-8.0,top_mode over 5 noise draws; conc_mean,results/ckpt_2x2_lt/C007_R11_lstm_s0.pt,e5a1a1fd470d07e0f9dc73f7de55e237adf77eb5ee1ddaf9475b02c5d968a738,not captured; script sha now 664dbf0c2116b0a8,,result json,
arm2x2_lt::C007_R31::lstm::s0,arm2x2_lt.json,analysis,CWRU,"40file-pool 2x2 arm=C007_R31 (coverage=007, ratio=R31)",42,lstm,0,torch.manual_seed+np.random.seed(seed); eval noise torch.manual_seed(1000+17*seed+rep),"3000 steps, last weights",1900,,add_awgn_tensor (per-window power),10.0|0.0|-4.0|-6.0|-8.0,top_mode over 5 noise draws; conc_mean,results/ckpt_2x2_lt/C007_R31_lstm_s0.pt,3e8bc7d4291c6437b4b961b93a2567389cbf0d55b4e6bc40a524c02361e1ff6c,not captured; script sha now 664dbf0c2116b0a8,,result json,
arm2x2_lt::CALL_R11::lstm::s0,arm2x2_lt.json,analysis,CWRU,"40file-pool 2x2 arm=CALL_R11 (coverage=ALL, ratio=R11)",42,lstm,0,torch.manual_seed+np.random.seed(seed); eval noise torch.manual_seed(1000+17*seed+rep),"3000 steps, last weights",1900,,add_awgn_tensor (per-window power),10.0|0.0|-4.0|-6.0|-8.0,top_mode over 5 noise draws; conc_mean,results/ckpt_2x2_lt/CALL_R11_lstm_s0.pt,c0b77a3500bf0b8023258052d0a23489d40d110b17547595d381128e03a3c2f9,not captured; script sha now 664dbf0c2116b0a8,,result json,
arm2x2_lt::CALL_R31::lstm::s0,arm2x2_lt.json,analysis,CWRU,"40file-pool 2x2 arm=CALL_R31 (coverage=ALL, ratio=R31)",42,lstm,0,torch.manual_seed+np.random.seed(seed); eval noise torch.manual_seed(1000+17*seed+rep),"3000 steps, last weights",1900,,add_awgn_tensor (per-window power),10.0|0.0|-4.0|-6.0|-8.0,top_mode over 5 noise draws; conc_mean,results/ckpt_2x2_lt/CALL_R31_lstm_s0.pt,8e90e21b1ddc436701a8fde9e01a8f80230cff0945ac65762635a1cb4659bf40,not captured; script sha now 664dbf0c2116b0a8,,result json,
arm2x2_lt::C007_R11::transformer::s0,arm2x2_lt.json,analysis,CWRU,"40file-pool 2x2 arm=C007_R11 (coverage=007, ratio=R11)",42,transformer,0,torch.manual_seed+np.random.seed(seed); eval noise torch.manual_seed(1000+17*seed+rep),"3000 steps, last weights",1900,,add_awgn_tensor (per-window power),10.0|0.0|-4.0|-6.0|-8.0,top_mode over 5 noise draws; conc_mean,results/ckpt_2x2_lt/C007_R11_transformer_s0.pt,e936f983a5b026c771b3fd9ae2bf11fd13ac81bab2e548a1713ec70d607b5324,not captured; script sha now 664dbf0c2116b0a8,,result json,
arm2x2_lt::C007_R31::transformer::s0,arm2x2_lt.json,analysis,CWRU,"40file-pool 2x2 arm=C007_R31 (coverage=007, ratio=R31)",42,transformer,0,torch.manual_seed+np.random.seed(seed); eval noise torch.manual_seed(1000+17*seed+rep),"3000 steps, last weights",1900,,add_awgn_tensor (per-window power),10.0|0.0|-4.0|-6.0|-8.0,top_mode over 5 noise draws; conc_mean,results/ckpt_2x2_lt/C007_R31_transformer_s0.pt,e3d7847ebd4962089496c484b5f9abbdd557b5002d85745d5ca03e4fa757bacf,not captured; script sha now 664dbf0c2116b0a8,,result json,
arm2x2_lt::CALL_R11::transformer::s0,arm2x2_lt.json,analysis,CWRU,"40file-pool 2x2 arm=CALL_R11 (coverage=ALL, ratio=R11)",42,transformer,0,torch.manual_seed+np.random.seed(seed); eval noise torch.manual_seed(1000+17*seed+rep),"3000 steps, last weights",1900,,add_awgn_tensor (per-window power),10.0|0.0|-4.0|-6.0|-8.0,top_mode over 5 noise draws; conc_mean,results/ckpt_2x2_lt/CALL_R11_transformer_s0.pt,057c474d0b5814f9101adc47c9878b2dccf6b6c589217323506c87eb44096c99,not captured; script sha now 664dbf0c2116b0a8,,result json,
arm2x2_lt::CALL_R31::transformer::s0,arm2x2_lt.json,analysis,CWRU,"40file-pool 2x2 arm=CALL_R31 (coverage=ALL, ratio=R31)",42,transformer,0,torch.manual_seed+np.random.seed(seed); eval noise torch.manual_seed(1000+17*seed+rep),"3000 steps, last weights",1900,,add_awgn_tensor (per-window power),10.0|0.0|-4.0|-6.0|-8.0,top_mode over 5 noise draws; conc_mean,results/ckpt_2x2_lt/CALL_R31_transformer_s0.pt,b5ca40995450c0bea4b69e06e5e1aced72421c519286003a093c96ce5918486c,not captured; script sha now 664dbf0c2116b0a8,,result json,
arm2x2_lt::C007_R11::lstm::s1,arm2x2_lt.json,analysis,CWRU,"40file-pool 2x2 arm=C007_R11 (coverage=007, ratio=R11)",42,lstm,1,torch.manual_seed+np.random.seed(seed); eval noise torch.manual_seed(1000+17*seed+rep),"3000 steps, last weights",1900,,add_awgn_tensor (per-window power),10.0|0.0|-4.0|-6.0|-8.0,top_mode over 5 noise draws; conc_mean,results/ckpt_2x2_lt/C007_R11_lstm_s1.pt,5fbae6317671440dbdc8555551246ba8c1cbb048857fbca742cd159264f3c8db,not captured; script sha now 664dbf0c2116b0a8,,result json,
arm2x2_lt::C007_R31::lstm::s1,arm2x2_lt.json,analysis,CWRU,"40file-pool 2x2 arm=C007_R31 (coverage=007, ratio=R31)",42,lstm,1,torch.manual_seed+np.random.seed(seed); eval noise torch.manual_seed(1000+17*seed+rep),"3000 steps, last weights",1900,,add_awgn_tensor (per-window power),10.0|0.0|-4.0|-6.0|-8.0,top_mode over 5 noise draws; conc_mean,results/ckpt_2x2_lt/C007_R31_lstm_s1.pt,fe77143b9563c074a8299d3b9e25ee79f6d810b52a3373f9f08db9d21730afc0,not captured; script sha now 664dbf0c2116b0a8,,result json,
arm2x2_lt::CALL_R11::lstm::s1,arm2x2_lt.json,analysis,CWRU,"40file-pool 2x2 arm=CALL_R11 (coverage=ALL, ratio=R11)",42,lstm,1,torch.manual_seed+np.random.seed(seed); eval noise torch.manual_seed(1000+17*seed+rep),"3000 steps, last weights",1900,,add_awgn_tensor (per-window power),10.0|0.0|-4.0|-6.0|-8.0,top_mode over 5 noise draws; conc_mean,results/ckpt_2x2_lt/CALL_R11_lstm_s1.pt,0e2511bbc7e3c3f835079f1985e7918afd74c5f7fe004c88d19c7012771dd273,not captured; script sha now 664dbf0c2116b0a8,,result json,
arm2x2_lt::CALL_R31::lstm::s1,arm2x2_lt.json,analysis,CWRU,"40file-pool 2x2 arm=CALL_R31 (coverage=ALL, ratio=R31)",42,lstm,1,torch.manual_seed+np.random.seed(seed); eval noise torch.manual_seed(1000+17*seed+rep),"3000 steps, last weights",1900,,add_awgn_tensor (per-window power),10.0|0.0|-4.0|-6.0|-8.0,top_mode over 5 noise draws; conc_mean,results/ckpt_2x2_lt/CALL_R31_lstm_s1.pt,c30ab32d38b59837905c3945a974dc0e9a5f01dea6ff32caeeb73ddbaf89668b,not captured; script sha now 664dbf0c2116b0a8,,result json,
arm2x2_lt::C007_R11::transformer::s1,arm2x2_lt.json,analysis,CWRU,"40file-pool 2x2 arm=C007_R11 (coverage=007, ratio=R11)",42,transformer,1,torch.manual_seed+np.random.seed(seed); eval noise torch.manual_seed(1000+17*seed+rep),"3000 steps, last weights",1900,,add_awgn_tensor (per-window power),10.0|0.0|-4.0|-6.0|-8.0,top_mode over 5 noise draws; conc_mean,results/ckpt_2x2_lt/C007_R11_transformer_s1.pt,4b4f2cab94130d0fa867b2ea5f8a3dfe90e7783f6b8f534ef8a150c3b0cc3f1a,not captured; script sha now 664dbf0c2116b0a8,,result json,
arm2x2_lt::C007_R31::transformer::s1,arm2x2_lt.json,analysis,CWRU,"40file-pool 2x2 arm=C007_R31 (coverage=007, ratio=R31)",42,transformer,1,torch.manual_seed+np.random.seed(seed); eval noise torch.manual_seed(1000+17*seed+rep),"3000 steps, last weights",1900,,add_awgn_tensor (per-window power),10.0|0.0|-4.0|-6.0|-8.0,top_mode over 5 noise draws; conc_mean,results/ckpt_2x2_lt/C007_R31_transformer_s1.pt,4be5be44f42f971fe286da62d38b1accea78e565bf36cda65ace15c7ee0011e8,not captured; script sha now 664dbf0c2116b0a8,,result json,
arm2x2_lt::CALL_R11::transformer::s1,arm2x2_lt.json,analysis,CWRU,"40file-pool 2x2 arm=CALL_R11 (coverage=ALL, ratio=R11)",42,transformer,1,torch.manual_seed+np.random.seed(seed); eval noise torch.manual_seed(1000+17*seed+rep),"3000 steps, last weights",1900,,add_awgn_tensor (per-window power),10.0|0.0|-4.0|-6.0|-8.0,top_mode over 5 noise draws; conc_mean,results/ckpt_2x2_lt/CALL_R11_transformer_s1.pt,cb44465ba329b25274af7be476e0a37da17ee51a1d3c263c477e8480798a3032,not captured; script sha now 664dbf0c2116b0a8,,result json,
arm2x2_lt::CALL_R31::transformer::s1,arm2x2_lt.json,analysis,CWRU,"40file-pool 2x2 arm=CALL_R31 (coverage=ALL, ratio=R31)",42,transformer,1,torch.manual_seed+np.random.seed(seed); eval noise torch.manual_seed(1000+17*seed+rep),"3000 steps, last weights",1900,,add_awgn_tensor (per-window power),10.0|0.0|-4.0|-6.0|-8.0,top_mode over 5 noise draws; conc_mean,results/ckpt_2x2_lt/CALL_R31_transformer_s1.pt,a077f90bf9c2b13e106ffc40fb3329db1c3318c697d79b7ca5f931edae25a93f,not captured; script sha now 664dbf0c2116b0a8,,result json,
arm2x2_lt::C007_R11::lstm::s2,arm2x2_lt.json,analysis,CWRU,"40file-pool 2x2 arm=C007_R11 (coverage=007, ratio=R11)",42,lstm,2,torch.manual_seed+np.random.seed(seed); eval noise torch.manual_seed(1000+17*seed+rep),"3000 steps, last weights",1900,,add_awgn_tensor (per-window power),10.0|0.0|-4.0|-6.0|-8.0,top_mode over 5 noise draws; conc_mean,results/ckpt_2x2_lt/C007_R11_lstm_s2.pt,736a7ce558c5f2de78b0589616ee11888b7a40b94aba46b8de6e8eb206382a9f,not captured; script sha now 664dbf0c2116b0a8,,result json,
arm2x2_lt::C007_R31::lstm::s2,arm2x2_lt.json,analysis,CWRU,"40file-pool 2x2 arm=C007_R31 (coverage=007, ratio=R31)",42,lstm,2,torch.manual_seed+np.random.seed(seed); eval noise torch.manual_seed(1000+17*seed+rep),"3000 steps, last weights",1900,,add_awgn_tensor (per-window power),10.0|0.0|-4.0|-6.0|-8.0,top_mode over 5 noise draws; conc_mean,results/ckpt_2x2_lt/C007_R31_lstm_s2.pt,73479df14a20e6d8e3fde2253a61371966c2349edeb912c0d36bc41935f623ad,not captured; script sha now 664dbf0c2116b0a8,,result json,
arm2x2_lt::CALL_R11::lstm::s2,arm2x2_lt.json,analysis,CWRU,"40file-pool 2x2 arm=CALL_R11 (coverage=ALL, ratio=R11)",42,lstm,2,torch.manual_seed+np.random.seed(seed); eval noise torch.manual_seed(1000+17*seed+rep),"3000 steps, last weights",1900,,add_awgn_tensor (per-window power),10.0|0.0|-4.0|-6.0|-8.0,top_mode over 5 noise draws; conc_mean,results/ckpt_2x2_lt/CALL_R11_lstm_s2.pt,5d11917a8a4feecd1847c3096b00e186844c66d58ae2e3177fd1f307928a9606,not captured; script sha now 664dbf0c2116b0a8,,result json,
arm2x2_lt::CALL_R31::lstm::s2,arm2x2_lt.json,analysis,CWRU,"40file-pool 2x2 arm=CALL_R31 (coverage=ALL, ratio=R31)",42,lstm,2,torch.manual_seed+np.random.seed(seed); eval noise torch.manual_seed(1000+17*seed+rep),"3000 steps, last weights",1900,,add_awgn_tensor (per-window power),10.0|0.0|-4.0|-6.0|-8.0,top_mode over 5 noise draws; conc_mean,results/ckpt_2x2_lt/CALL_R31_lstm_s2.pt,9020b99b85f63a6b5952df92906dcd6c7cce56ac65482f296d82ee15b806ccde,not captured; script sha now 664dbf0c2116b0a8,,result json,
arm2x2_lt::C007_R11::transformer::s2,arm2x2_lt.json,analysis,CWRU,"40file-pool 2x2 arm=C007_R11 (coverage=007, ratio=R11)",42,transformer,2,torch.manual_seed+np.random.seed(seed); eval noise torch.manual_seed(1000+17*seed+rep),"3000 steps, last weights",1900,,add_awgn_tensor (per-window power),10.0|0.0|-4.0|-6.0|-8.0,top_mode over 5 noise draws; conc_mean,results/ckpt_2x2_lt/C007_R11_transformer_s2.pt,fd6ba3468294a54184061a307b120c3b9b52b4140a7997b1dcd20cec206587c0,not captured; script sha now 664dbf0c2116b0a8,,result json,
arm2x2_lt::C007_R31::transformer::s2,arm2x2_lt.json,analysis,CWRU,"40file-pool 2x2 arm=C007_R31 (coverage=007, ratio=R31)",42,transformer,2,torch.manual_seed+np.random.seed(seed); eval noise torch.manual_seed(1000+17*seed+rep),"3000 steps, last weights",1900,,add_awgn_tensor (per-window power),10.0|0.0|-4.0|-6.0|-8.0,top_mode over 5 noise draws; conc_mean,results/ckpt_2x2_lt/C007_R31_transformer_s2.pt,6f5cb84a88378dadc57ef2fd8e589730e804e5850f564a7920e32730e5f9d0ba,not captured; script sha now 664dbf0c2116b0a8,,result json,
arm2x2_lt::CALL_R11::transformer::s2,arm2x2_lt.json,analysis,CWRU,"40file-pool 2x2 arm=CALL_R11 (coverage=ALL, ratio=R11)",42,transformer,2,torch.manual_seed+np.random.seed(seed); eval noise torch.manual_seed(1000+17*seed+rep),"3000 steps, last weights",1900,,add_awgn_tensor (per-window power),10.0|0.0|-4.0|-6.0|-8.0,top_mode over 5 noise draws; conc_mean,results/ckpt_2x2_lt/CALL_R11_transformer_s2.pt,b63197c17e7a813c0a3e8fe3060aea006115f7981455c3ff13189cd92761f078,not captured; script sha now 664dbf0c2116b0a8,,result json,
arm2x2_lt::CALL_R31::transformer::s2,arm2x2_lt.json,analysis,CWRU,"40file-pool 2x2 arm=CALL_R31 (coverage=ALL, ratio=R31)",42,transformer,2,torch.manual_seed+np.random.seed(seed); eval noise torch.manual_seed(1000+17*seed+rep),"3000 steps, last weights",1900,,add_awgn_tensor (per-window power),10.0|0.0|-4.0|-6.0|-8.0,top_mode over 5 noise draws; conc_mean,results/ckpt_2x2_lt/CALL_R31_transformer_s2.pt,b61fb83ad65992ef1a05152e3580e5f4287852c3899f4e6d392b3b68fed73ec0,not captured; script sha now 664dbf0c2116b0a8,,result json,
arm2x2_lt::C007_R11::lstm::s3,arm2x2_lt.json,analysis,CWRU,"40file-pool 2x2 arm=C007_R11 (coverage=007, ratio=R11)",42,lstm,3,torch.manual_seed+np.random.seed(seed); eval noise torch.manual_seed(1000+17*seed+rep),"3000 steps, last weights",1900,,add_awgn_tensor (per-window power),10.0|0.0|-4.0|-6.0|-8.0,top_mode over 5 noise draws; conc_mean,results/ckpt_2x2_lt/C007_R11_lstm_s3.pt,a0f8d70cdeddac01e6639cfa5a80063f9f68cc3b6a2a4d0917870707ff0a8171,not captured; script sha now 664dbf0c2116b0a8,,result json,
arm2x2_lt::C007_R31::lstm::s3,arm2x2_lt.json,analysis,CWRU,"40file-pool 2x2 arm=C007_R31 (coverage=007, ratio=R31)",42,lstm,3,torch.manual_seed+np.random.seed(seed); eval noise torch.manual_seed(1000+17*seed+rep),"3000 steps, last weights",1900,,add_awgn_tensor (per-window power),10.0|0.0|-4.0|-6.0|-8.0,top_mode over 5 noise draws; conc_mean,results/ckpt_2x2_lt/C007_R31_lstm_s3.pt,9bc2cb8263a1a172802eff520879d4f85769d64e9879b685909635dda9880c13,not captured; script sha now 664dbf0c2116b0a8,,result json,
arm2x2_lt::CALL_R11::lstm::s3,arm2x2_lt.json,analysis,CWRU,"40file-pool 2x2 arm=CALL_R11 (coverage=ALL, ratio=R11)",42,lstm,3,torch.manual_seed+np.random.seed(seed); eval noise torch.manual_seed(1000+17*seed+rep),"3000 steps, last weights",1900,,add_awgn_tensor (per-window power),10.0|0.0|-4.0|-6.0|-8.0,top_mode over 5 noise draws; conc_mean,results/ckpt_2x2_lt/CALL_R11_lstm_s3.pt,a1b740b01816500a1d0a850dc2d342840a3bb2c4df8724f2803976964e6b8088,not captured; script sha now 664dbf0c2116b0a8,,result json,
arm2x2_lt::CALL_R31::lstm::s3,arm2x2_lt.json,analysis,CWRU,"40file-pool 2x2 arm=CALL_R31 (coverage=ALL, ratio=R31)",42,lstm,3,torch.manual_seed+np.random.seed(seed); eval noise torch.manual_seed(1000+17*seed+rep),"3000 steps, last weights",1900,,add_awgn_tensor (per-window power),10.0|0.0|-4.0|-6.0|-8.0,top_mode over 5 noise draws; conc_mean,results/ckpt_2x2_lt/CALL_R31_lstm_s3.pt,82fcf59b5137df13ec800ee1cc2ae5a639f0a74890f4fc2c8c5992e1a7faa6e9,not captured; script sha now 664dbf0c2116b0a8,,result json,
arm2x2_lt::C007_R11::transformer::s3,arm2x2_lt.json,analysis,CWRU,"40file-pool 2x2 arm=C007_R11 (coverage=007, ratio=R11)",42,transformer,3,torch.manual_seed+np.random.seed(seed); eval noise torch.manual_seed(1000+17*seed+rep),"3000 steps, last weights",1900,,add_awgn_tensor (per-window power),10.0|0.0|-4.0|-6.0|-8.0,top_mode over 5 noise draws; conc_mean,results/ckpt_2x2_lt/C007_R11_transformer_s3.pt,eed34570f5b33ca8e17f2c7a666395e43d750879d9681009f3eec5060025a566,not captured; script sha now 664dbf0c2116b0a8,,result json,
arm2x2_lt::C007_R31::transformer::s3,arm2x2_lt.json,analysis,CWRU,"40file-pool 2x2 arm=C007_R31 (coverage=007, ratio=R31)",42,transformer,3,torch.manual_seed+np.random.seed(seed); eval noise torch.manual_seed(1000+17*seed+rep),"3000 steps, last weights",1900,,add_awgn_tensor (per-window power),10.0|0.0|-4.0|-6.0|-8.0,top_mode over 5 noise draws; conc_mean,results/ckpt_2x2_lt/C007_R31_transformer_s3.pt,1911522add65ed3eaa3f3b174dc570e23d9ab9b38faef36a6bb87679c3949ba6,not captured; script sha now 664dbf0c2116b0a8,,result json,
arm2x2_lt::CALL_R11::transformer::s3,arm2x2_lt.json,analysis,CWRU,"40file-pool 2x2 arm=CALL_R11 (coverage=ALL, ratio=R11)",42,transformer,3,torch.manual_seed+np.random.seed(seed); eval noise torch.manual_seed(1000+17*seed+rep),"3000 steps, last weights",1900,,add_awgn_tensor (per-window power),10.0|0.0|-4.0|-6.0|-8.0,top_mode over 5 noise draws; conc_mean,results/ckpt_2x2_lt/CALL_R11_transformer_s3.pt,b60f09edd2432c94d8e872626dbf0ad9f391a280b2f19438be47f045168e84a0,not captured; script sha now 664dbf0c2116b0a8,,result json,
arm2x2_lt::CALL_R31::transformer::s3,arm2x2_lt.json,analysis,CWRU,"40file-pool 2x2 arm=CALL_R31 (coverage=ALL, ratio=R31)",42,transformer,3,torch.manual_seed+np.random.seed(seed); eval noise torch.manual_seed(1000+17*seed+rep),"3000 steps, last weights",1900,,add_awgn_tensor (per-window power),10.0|0.0|-4.0|-6.0|-8.0,top_mode over 5 noise draws; conc_mean,results/ckpt_2x2_lt/CALL_R31_transformer_s3.pt,e89257f7d4d0b2f4cd96d20fc8ff55be62d78365ac3dda32a9c8ee2cfbedb9a3,not captured; script sha now 664dbf0c2116b0a8,,result json,
arm2x2_lt::C007_R11::lstm::s4,arm2x2_lt.json,analysis,CWRU,"40file-pool 2x2 arm=C007_R11 (coverage=007, ratio=R11)",42,lstm,4,torch.manual_seed+np.random.seed(seed); eval noise torch.manual_seed(1000+17*seed+rep),"3000 steps, last weights",1900,,add_awgn_tensor (per-window power),10.0|0.0|-4.0|-6.0|-8.0,top_mode over 5 noise draws; conc_mean,results/ckpt_2x2_lt/C007_R11_lstm_s4.pt,d854fb0676a1f74e570bb169aa67d04ae61a39673a9143d8f18e7d616d37aade,not captured; script sha now 664dbf0c2116b0a8,,result json,
arm2x2_lt::C007_R31::lstm::s4,arm2x2_lt.json,analysis,CWRU,"40file-pool 2x2 arm=C007_R31 (coverage=007, ratio=R31)",42,lstm,4,torch.manual_seed+np.random.seed(seed); eval noise torch.manual_seed(1000+17*seed+rep),"3000 steps, last weights",1900,,add_awgn_tensor (per-window power),10.0|0.0|-4.0|-6.0|-8.0,top_mode over 5 noise draws; conc_mean,results/ckpt_2x2_lt/C007_R31_lstm_s4.pt,40f318dc5987682bb7ca2d88ffd4dce4ae7bcd73f2bab083ad68d515f6b3152d,not captured; script sha now 664dbf0c2116b0a8,,result json,
arm2x2_lt::CALL_R11::lstm::s4,arm2x2_lt.json,analysis,CWRU,"40file-pool 2x2 arm=CALL_R11 (coverage=ALL, ratio=R11)",42,lstm,4,torch.manual_seed+np.random.seed(seed); eval noise torch.manual_seed(1000+17*seed+rep),"3000 steps, last weights",1900,,add_awgn_tensor (per-window power),10.0|0.0|-4.0|-6.0|-8.0,top_mode over 5 noise draws; conc_mean,results/ckpt_2x2_lt/CALL_R11_lstm_s4.pt,a4df6f7ddae641d392fe93f9934ba534224d39a32a95af496cfc0d2344064d25,not captured; script sha now 664dbf0c2116b0a8,,result json,
arm2x2_lt::CALL_R31::lstm::s4,arm2x2_lt.json,analysis,CWRU,"40file-pool 2x2 arm=CALL_R31 (coverage=ALL, ratio=R31)",42,lstm,4,torch.manual_seed+np.random.seed(seed); eval noise torch.manual_seed(1000+17*seed+rep),"3000 steps, last weights",1900,,add_awgn_tensor (per-window power),10.0|0.0|-4.0|-6.0|-8.0,top_mode over 5 noise draws; conc_mean,results/ckpt_2x2_lt/CALL_R31_lstm_s4.pt,1a4b9a3504545205f9b65a40ffa9c289045b00711c0b1d9fc1e3d52f6807cbb1,not captured; script sha now 664dbf0c2116b0a8,,result json,
arm2x2_lt::C007_R11::transformer::s4,arm2x2_lt.json,analysis,CWRU,"40file-pool 2x2 arm=C007_R11 (coverage=007, ratio=R11)",42,transformer,4,torch.manual_seed+np.random.seed(seed); eval noise torch.manual_seed(1000+17*seed+rep),"3000 steps, last weights",1900,,add_awgn_tensor (per-window power),10.0|0.0|-4.0|-6.0|-8.0,top_mode over 5 noise draws; conc_mean,results/ckpt_2x2_lt/C007_R11_transformer_s4.pt,ebb3c4c67f86db2628c1796b29a2beccfc01ffc121570e8b0f3c677edd6bfd89,not captured; script sha now 664dbf0c2116b0a8,,result json,
arm2x2_lt::C007_R31::transformer::s4,arm2x2_lt.json,analysis,CWRU,"40file-pool 2x2 arm=C007_R31 (coverage=007, ratio=R31)",42,transformer,4,torch.manual_seed+np.random.seed(seed); eval noise torch.manual_seed(1000+17*seed+rep),"3000 steps, last weights",1900,,add_awgn_tensor (per-window power),10.0|0.0|-4.0|-6.0|-8.0,top_mode over 5 noise draws; conc_mean,results/ckpt_2x2_lt/C007_R31_transformer_s4.pt,a3acd6f82239f926378f473544e3dcec50a7fafe3c5a309148508b99d6a1e864,not captured; script sha now 664dbf0c2116b0a8,,result json,
arm2x2_lt::CALL_R11::transformer::s4,arm2x2_lt.json,analysis,CWRU,"40file-pool 2x2 arm=CALL_R11 (coverage=ALL, ratio=R11)",42,transformer,4,torch.manual_seed+np.random.seed(seed); eval noise torch.manual_seed(1000+17*seed+rep),"3000 steps, last weights",1900,,add_awgn_tensor (per-window power),10.0|0.0|-4.0|-6.0|-8.0,top_mode over 5 noise draws; conc_mean,results/ckpt_2x2_lt/CALL_R11_transformer_s4.pt,f5794c009146b769ccfc1c856a5bc0011d5e20bf94eb3ee9350e7407581f75f2,not captured; script sha now 664dbf0c2116b0a8,,result json,
arm2x2_lt::CALL_R31::transformer::s4,arm2x2_lt.json,analysis,CWRU,"40file-pool 2x2 arm=CALL_R31 (coverage=ALL, ratio=R31)",42,transformer,4,torch.manual_seed+np.random.seed(seed); eval noise torch.manual_seed(1000+17*seed+rep),"3000 steps, last weights",1900,,add_awgn_tensor (per-window power),10.0|0.0|-4.0|-6.0|-8.0,top_mode over 5 noise draws; conc_mean,results/ckpt_2x2_lt/CALL_R31_transformer_s4.pt,e68d3d87f8538ab83e2fd844a39435fe2bf03e5070ba42e4e6dd8c70aaef0486,not captured; script sha now 664dbf0c2116b0a8,,result json,
ext_e1::ID0N0S0::cnn1d::s0,ext_e1.json,analysis,CWRU,e1 cell=ID0N0S0,42,cnn1d,0,torch.manual_seed+np.random.seed(seed),"3000 steps (100 epochs), last weights",1900,,add_awgn_tensor (per-window power),10.0|0.0|-4.0|-6.0|-8.0,top_mode over 5 noise draws; conc_mean,results/ckpt_ext_e1/ID0N0S0_cnn1d_s0.pt,dfcaa4ed9dfe08a038f5d398b3882db920a87ba6c405f1869a965559f3c1bb44,not captured; script sha now 9ce510a29b726e68,,result json,arm2x2::C007_R31::cnn1d::s0
ext_e1::ID0N0S1::cnn1d::s0,ext_e1.json,analysis,CWRU,e1 cell=ID0N0S1,42,cnn1d,0,torch.manual_seed+np.random.seed(seed),"4500 steps (150 epochs), last weights",1900,,add_awgn_tensor (per-window power),10.0|0.0|-4.0|-6.0|-8.0,top_mode over 5 noise draws; conc_mean,results/ckpt_ext_e1/ID0N0S1_cnn1d_s0.pt,7a079e8bb4d33f14682e5450a6aa4e38bc2a8f94bc3485813d76c055f9ca79ae,not captured; script sha now 9ce510a29b726e68,,result json,
ext_e1::ID0N1S0::cnn1d::s0,ext_e1.json,analysis,CWRU,e1 cell=ID0N1S0,42,cnn1d,0,torch.manual_seed+np.random.seed(seed),"3015 steps (67 epochs), last weights",2844,,add_awgn_tensor (per-window power),10.0|0.0|-4.0|-6.0|-8.0,top_mode over 5 noise draws; conc_mean,results/ckpt_ext_e1/ID0N1S0_cnn1d_s0.pt,9884d5cd30d141485da6e197fca7c7510fcf5fa8cb8572967fa98909773175ee,not captured; script sha now 9ce510a29b726e68,,result json,
ext_e1::ID0N1S1::cnn1d::s0,ext_e1.json,analysis,CWRU,e1 cell=ID0N1S1,42,cnn1d,0,torch.manual_seed+np.random.seed(seed),"4500 steps (100 epochs), last weights",2844,,add_awgn_tensor (per-window power),10.0|0.0|-4.0|-6.0|-8.0,top_mode over 5 noise draws; conc_mean,results/ckpt_ext_e1/ID0N1S1_cnn1d_s0.pt,76eca9669ee64cc44d2390fcec7b34cb4284d4a5b70ffdc0c6be0668846c9b4e,not captured; script sha now 9ce510a29b726e68,,result json,
ext_e1::ID1N0S0::cnn1d::s0,ext_e1.json,analysis,CWRU,e1 cell=ID1N0S0,42,cnn1d,0,torch.manual_seed+np.random.seed(seed),"3000 steps (100 epochs), last weights; best epoch 2",1900,1.0,add_awgn_tensor (per-window power),10.0|0.0|-4.0|-6.0|-8.0,top_mode over 5 noise draws; conc_mean,results/ckpt_ext_e1/ID1N0S0_cnn1d_s0.pt,5dfc5ba422144a284690d9274f8e5101de2c3cad9723ef51ed313a287aa8ddb8,not captured; script sha now 9ce510a29b726e68,,result json,
ext_e1::ID1N0S1::cnn1d::s0,ext_e1.json,analysis,CWRU,e1 cell=ID1N0S1,42,cnn1d,0,torch.manual_seed+np.random.seed(seed),"4500 steps (150 epochs), last weights; best epoch 2",1900,1.0,add_awgn_tensor (per-window power),10.0|0.0|-4.0|-6.0|-8.0,top_mode over 5 noise draws; conc_mean,results/ckpt_ext_e1/ID1N0S1_cnn1d_s0.pt,309ee6f8e3301d6c91e92b5e8c00cc5f5493ca32ae693b1b612252838386bdc8,not captured; script sha now 9ce510a29b726e68,,result json,
ext_e1::ID1N1S0::cnn1d::s0,ext_e1.json,analysis,CWRU,e1 cell=ID1N1S0,42,cnn1d,0,torch.manual_seed+np.random.seed(seed),"3015 steps (67 epochs), last weights; best epoch 1",2844,1.0,add_awgn_tensor (per-window power),10.0|0.0|-4.0|-6.0|-8.0,top_mode over 5 noise draws; conc_mean,results/ckpt_ext_e1/ID1N1S0_cnn1d_s0.pt,39367c9436366f41c91cd7f990c65f4b4670c3a4fd80021d6f8ca91551f676a0,not captured; script sha now 9ce510a29b726e68,,result json,
ext_e1::ID1N1S1::cnn1d::s0,ext_e1.json,analysis,CWRU,e1 cell=ID1N1S1,42,cnn1d,0,torch.manual_seed+np.random.seed(seed),"4500 steps (100 epochs), last weights; best epoch 1",2844,1.0,add_awgn_tensor (per-window power),10.0|0.0|-4.0|-6.0|-8.0,top_mode over 5 noise draws; conc_mean,results/ckpt_ext_e1/ID1N1S1_cnn1d_s0.pt,4a29990d2a043fbcd386497bae3558233d68adaf3ce9b1d023005f60b31db027,not captured; script sha now 9ce510a29b726e68,,result json,
ext_e1::ID0N0S0::cnn1d::s1,ext_e1.json,analysis,CWRU,e1 cell=ID0N0S0,42,cnn1d,1,torch.manual_seed+np.random.seed(seed),"3000 steps (100 epochs), last weights",1900,,add_awgn_tensor (per-window power),10.0|0.0|-4.0|-6.0|-8.0,top_mode over 5 noise draws; conc_mean,results/ckpt_ext_e1/ID0N0S0_cnn1d_s1.pt,e4d56ae6202c1466c7758cb925640269789572daf690552d06a714f569959204,not captured; script sha now 9ce510a29b726e68,,result json,arm2x2::C007_R31::cnn1d::s1
ext_e1::ID0N0S1::cnn1d::s1,ext_e1.json,analysis,CWRU,e1 cell=ID0N0S1,42,cnn1d,1,torch.manual_seed+np.random.seed(seed),"4500 steps (150 epochs), last weights",1900,,add_awgn_tensor (per-window power),10.0|0.0|-4.0|-6.0|-8.0,top_mode over 5 noise draws; conc_mean,results/ckpt_ext_e1/ID0N0S1_cnn1d_s1.pt,b99e8ea0835e6bff28fff340cd02c5ede31e16813b79bf77e4d4de39dd431584,not captured; script sha now 9ce510a29b726e68,,result json,
ext_e1::ID0N1S0::cnn1d::s1,ext_e1.json,analysis,CWRU,e1 cell=ID0N1S0,42,cnn1d,1,torch.manual_seed+np.random.seed(seed),"3015 steps (67 epochs), last weights",2844,,add_awgn_tensor (per-window power),10.0|0.0|-4.0|-6.0|-8.0,top_mode over 5 noise draws; conc_mean,results/ckpt_ext_e1/ID0N1S0_cnn1d_s1.pt,cb05138534602ccca3eefbdc31a303cf20f00fdbaa041b440a569c7202d4b269,not captured; script sha now 9ce510a29b726e68,,result json,
ext_e1::ID0N1S1::cnn1d::s1,ext_e1.json,analysis,CWRU,e1 cell=ID0N1S1,42,cnn1d,1,torch.manual_seed+np.random.seed(seed),"4500 steps (100 epochs), last weights",2844,,add_awgn_tensor (per-window power),10.0|0.0|-4.0|-6.0|-8.0,top_mode over 5 noise draws; conc_mean,results/ckpt_ext_e1/ID0N1S1_cnn1d_s1.pt,449a33ed6c8fcced938a6316af2c9dc3988fe8bf8a0d169a6a0e7b759269668d,not captured; script sha now 9ce510a29b726e68,,result json,
ext_e1::ID1N0S0::cnn1d::s1,ext_e1.json,analysis,CWRU,e1 cell=ID1N0S0,42,cnn1d,1,torch.manual_seed+np.random.seed(seed),"3000 steps (100 epochs), last weights; best epoch 1",1900,1.0,add_awgn_tensor (per-window power),10.0|0.0|-4.0|-6.0|-8.0,top_mode over 5 noise draws; conc_mean,results/ckpt_ext_e1/ID1N0S0_cnn1d_s1.pt,d03e4ea84ddd2f542294781b383510a9a0e95812ee52dd64087d7256b47eb6ca,not captured; script sha now 9ce510a29b726e68,,result json,
ext_e1::ID1N0S1::cnn1d::s1,ext_e1.json,analysis,CWRU,e1 cell=ID1N0S1,42,cnn1d,1,torch.manual_seed+np.random.seed(seed),"4500 steps (150 epochs), last weights; best epoch 2",1900,1.0,add_awgn_tensor (per-window power),10.0|0.0|-4.0|-6.0|-8.0,top_mode over 5 noise draws; conc_mean,results/ckpt_ext_e1/ID1N0S1_cnn1d_s1.pt,a15104a3de9d9e3493e62cbe25cd2f6cc69779f260ddab9130d0e02240bb7dca,not captured; script sha now 9ce510a29b726e68,,result json,
ext_e1::ID1N1S0::cnn1d::s1,ext_e1.json,analysis,CWRU,e1 cell=ID1N1S0,42,cnn1d,1,torch.manual_seed+np.random.seed(seed),"3015 steps (67 epochs), last weights; best epoch 1",2844,1.0,add_awgn_tensor (per-window power),10.0|0.0|-4.0|-6.0|-8.0,top_mode over 5 noise draws; conc_mean,results/ckpt_ext_e1/ID1N1S0_cnn1d_s1.pt,ab6761243a8247717d830280357f01ee798d0af01573cc84bff7c91827c9e7dc,not captured; script sha now 9ce510a29b726e68,,result json,
ext_e1::ID1N1S1::cnn1d::s1,ext_e1.json,analysis,CWRU,e1 cell=ID1N1S1,42,cnn1d,1,torch.manual_seed+np.random.seed(seed),"4500 steps (100 epochs), last weights; best epoch 1",2844,1.0,add_awgn_tensor (per-window power),10.0|0.0|-4.0|-6.0|-8.0,top_mode over 5 noise draws; conc_mean,results/ckpt_ext_e1/ID1N1S1_cnn1d_s1.pt,daf63e822cce4257d891834506697b4ded251ff5ae6b1acc1afdc25c699a902c,not captured; script sha now 9ce510a29b726e68,,result json,
ext_e1::ID0N0S0::cnn1d::s2,ext_e1.json,analysis,CWRU,e1 cell=ID0N0S0,42,cnn1d,2,torch.manual_seed+np.random.seed(seed),"3000 steps (100 epochs), last weights",1900,,add_awgn_tensor (per-window power),10.0|0.0|-4.0|-6.0|-8.0,top_mode over 5 noise draws; conc_mean,results/ckpt_ext_e1/ID0N0S0_cnn1d_s2.pt,54de166b2782f3efeb74d7651d751d835ba0a1e74fe3c85a9b99b65ce61346ae,not captured; script sha now 9ce510a29b726e68,,result json,arm2x2::C007_R31::cnn1d::s2
ext_e1::ID0N0S1::cnn1d::s2,ext_e1.json,analysis,CWRU,e1 cell=ID0N0S1,42,cnn1d,2,torch.manual_seed+np.random.seed(seed),"4500 steps (150 epochs), last weights",1900,,add_awgn_tensor (per-window power),10.0|0.0|-4.0|-6.0|-8.0,top_mode over 5 noise draws; conc_mean,results/ckpt_ext_e1/ID0N0S1_cnn1d_s2.pt,6fc9dd0cefd0fef98da1f0d7dfadb9169b016dc3e7b46e5635590619f4a880c3,not captured; script sha now 9ce510a29b726e68,,result json,
ext_e1::ID0N1S0::cnn1d::s2,ext_e1.json,analysis,CWRU,e1 cell=ID0N1S0,42,cnn1d,2,torch.manual_seed+np.random.seed(seed),"3015 steps (67 epochs), last weights",2844,,add_awgn_tensor (per-window power),10.0|0.0|-4.0|-6.0|-8.0,top_mode over 5 noise draws; conc_mean,results/ckpt_ext_e1/ID0N1S0_cnn1d_s2.pt,737eb0d357ce9a9f5fe2f6fbecab61ec272b35653ec2e8c36dda4b3696db3d6d,not captured; script sha now 9ce510a29b726e68,,result json,
ext_e1::ID0N1S1::cnn1d::s2,ext_e1.json,analysis,CWRU,e1 cell=ID0N1S1,42,cnn1d,2,torch.manual_seed+np.random.seed(seed),"4500 steps (100 epochs), last weights",2844,,add_awgn_tensor (per-window power),10.0|0.0|-4.0|-6.0|-8.0,top_mode over 5 noise draws; conc_mean,results/ckpt_ext_e1/ID0N1S1_cnn1d_s2.pt,5e2d3e19681982c88d899107a9d8e522c6e5322e830c182b3d61b3cd7efe21d1,not captured; script sha now 9ce510a29b726e68,,result json,
ext_e1::ID1N0S0::cnn1d::s2,ext_e1.json,analysis,CWRU,e1 cell=ID1N0S0,42,cnn1d,2,torch.manual_seed+np.random.seed(seed),"3000 steps (100 epochs), last weights; best epoch 2",1900,1.0,add_awgn_tensor (per-window power),10.0|0.0|-4.0|-6.0|-8.0,top_mode over 5 noise draws; conc_mean,results/ckpt_ext_e1/ID1N0S0_cnn1d_s2.pt,632e0d0224d318f9fe7e0020015356222b1499b18e78cb924ebe60c3fcbcf7c7,not captured; script sha now 9ce510a29b726e68,,result json,
ext_e1::ID1N0S1::cnn1d::s2,ext_e1.json,analysis,CWRU,e1 cell=ID1N0S1,42,cnn1d,2,torch.manual_seed+np.random.seed(seed),"4500 steps (150 epochs), last weights; best epoch 2",1900,1.0,add_awgn_tensor (per-window power),10.0|0.0|-4.0|-6.0|-8.0,top_mode over 5 noise draws; conc_mean,results/ckpt_ext_e1/ID1N0S1_cnn1d_s2.pt,9a91256e22de90b611a205381cf03e632e7e5cf079acf44893a26bd01bd01403,not captured; script sha now 9ce510a29b726e68,,result json,
ext_e1::ID1N1S0::cnn1d::s2,ext_e1.json,analysis,CWRU,e1 cell=ID1N1S0,42,cnn1d,2,torch.manual_seed+np.random.seed(seed),"3015 steps (67 epochs), last weights; best epoch 1",2844,1.0,add_awgn_tensor (per-window power),10.0|0.0|-4.0|-6.0|-8.0,top_mode over 5 noise draws; conc_mean,results/ckpt_ext_e1/ID1N1S0_cnn1d_s2.pt,a7618363f1392fe1cf48c92355f196032fd08e84d33262c7cf014b281e8665ef,not captured; script sha now 9ce510a29b726e68,,result json,
ext_e1::ID1N1S1::cnn1d::s2,ext_e1.json,analysis,CWRU,e1 cell=ID1N1S1,42,cnn1d,2,torch.manual_seed+np.random.seed(seed),"4500 steps (100 epochs), last weights; best epoch 1",2844,1.0,add_awgn_tensor (per-window power),10.0|0.0|-4.0|-6.0|-8.0,top_mode over 5 noise draws; conc_mean,results/ckpt_ext_e1/ID1N1S1_cnn1d_s2.pt,eb851da543a36cc642efa3ad2935e40deb38c3cbbd93f9bb8bffaff7188ed65e,not captured; script sha now 9ce510a29b726e68,,result json,
ext_e1::ID0N0S0::cnn1d::s3,ext_e1.json,analysis,CWRU,e1 cell=ID0N0S0,42,cnn1d,3,torch.manual_seed+np.random.seed(seed),"3000 steps (100 epochs), last weights",1900,,add_awgn_tensor (per-window power),10.0|0.0|-4.0|-6.0|-8.0,top_mode over 5 noise draws; conc_mean,results/ckpt_ext_e1/ID0N0S0_cnn1d_s3.pt,02c0e8082871981c1d28382bc4e2a16e0abd1480b7976d3475522636164a5e42,not captured; script sha now 9ce510a29b726e68,,result json,arm2x2::C007_R31::cnn1d::s3
ext_e1::ID0N0S1::cnn1d::s3,ext_e1.json,analysis,CWRU,e1 cell=ID0N0S1,42,cnn1d,3,torch.manual_seed+np.random.seed(seed),"4500 steps (150 epochs), last weights",1900,,add_awgn_tensor (per-window power),10.0|0.0|-4.0|-6.0|-8.0,top_mode over 5 noise draws; conc_mean,results/ckpt_ext_e1/ID0N0S1_cnn1d_s3.pt,658f0ba870a908a0dacecf5eed0013330676186e3b42b81cb28d577bbea94f72,not captured; script sha now 9ce510a29b726e68,,result json,
ext_e1::ID0N1S0::cnn1d::s3,ext_e1.json,analysis,CWRU,e1 cell=ID0N1S0,42,cnn1d,3,torch.manual_seed+np.random.seed(seed),"3015 steps (67 epochs), last weights",2844,,add_awgn_tensor (per-window power),10.0|0.0|-4.0|-6.0|-8.0,top_mode over 5 noise draws; conc_mean,results/ckpt_ext_e1/ID0N1S0_cnn1d_s3.pt,2eb9a4a369d8c41435b74e67108597ee1fe80642ab1a2fab7a63fdf2ac7e043f,not captured; script sha now 9ce510a29b726e68,,result json,
ext_e1::ID0N1S1::cnn1d::s3,ext_e1.json,analysis,CWRU,e1 cell=ID0N1S1,42,cnn1d,3,torch.manual_seed+np.random.seed(seed),"4500 steps (100 epochs), last weights",2844,,add_awgn_tensor (per-window power),10.0|0.0|-4.0|-6.0|-8.0,top_mode over 5 noise draws; conc_mean,results/ckpt_ext_e1/ID0N1S1_cnn1d_s3.pt,8ef302a3aa1bc72e3e15d23f870fb92f730b6ce80708ec7841c3ccd16489d048,not captured; script sha now 9ce510a29b726e68,,result json,
ext_e1::ID1N0S0::cnn1d::s3,ext_e1.json,analysis,CWRU,e1 cell=ID1N0S0,42,cnn1d,3,torch.manual_seed+np.random.seed(seed),"3000 steps (100 epochs), last weights; best epoch 1",1900,1.0,add_awgn_tensor (per-window power),10.0|0.0|-4.0|-6.0|-8.0,top_mode over 5 noise draws; conc_mean,results/ckpt_ext_e1/ID1N0S0_cnn1d_s3.pt,8e05f2d9a9d409bbbe13f6aad7a14a9559abf03dcde94d367bfde342052b1f86,not captured; script sha now 9ce510a29b726e68,,result json,
ext_e1::ID1N0S1::cnn1d::s3,ext_e1.json,analysis,CWRU,e1 cell=ID1N0S1,42,cnn1d,3,torch.manual_seed+np.random.seed(seed),"4500 steps (150 epochs), last weights; best epoch 2",1900,1.0,add_awgn_tensor (per-window power),10.0|0.0|-4.0|-6.0|-8.0,top_mode over 5 noise draws; conc_mean,results/ckpt_ext_e1/ID1N0S1_cnn1d_s3.pt,663b4f36734d8535997420175a498fd9cac7ecf446e699e60e3871db98d76b4d,not captured; script sha now 9ce510a29b726e68,,result json,
ext_e1::ID1N1S0::cnn1d::s3,ext_e1.json,analysis,CWRU,e1 cell=ID1N1S0,42,cnn1d,3,torch.manual_seed+np.random.seed(seed),"3015 steps (67 epochs), last weights; best epoch 1",2844,1.0,add_awgn_tensor (per-window power),10.0|0.0|-4.0|-6.0|-8.0,top_mode over 5 noise draws; conc_mean,results/ckpt_ext_e1/ID1N1S0_cnn1d_s3.pt,6ea7ff8671a9296d6742bec4516796e4a71d97e6fbe580da0493bdfd47fa19ca,not captured; script sha now 9ce510a29b726e68,,result json,
ext_e1::ID1N1S1::cnn1d::s3,ext_e1.json,analysis,CWRU,e1 cell=ID1N1S1,42,cnn1d,3,torch.manual_seed+np.random.seed(seed),"4500 steps (100 epochs), last weights; best epoch 1",2844,1.0,add_awgn_tensor (per-window power),10.0|0.0|-4.0|-6.0|-8.0,top_mode over 5 noise draws; conc_mean,results/ckpt_ext_e1/ID1N1S1_cnn1d_s3.pt,1035e50e03598a7026afef5b89f100543a582241c26d8f75fc2cfe2e991cf8dd,not captured; script sha now 9ce510a29b726e68,,result json,
ext_e1::ID0N0S0::cnn1d::s4,ext_e1.json,analysis,CWRU,e1 cell=ID0N0S0,42,cnn1d,4,torch.manual_seed+np.random.seed(seed),"3000 steps (100 epochs), last weights",1900,,add_awgn_tensor (per-window power),10.0|0.0|-4.0|-6.0|-8.0,top_mode over 5 noise draws; conc_mean,results/ckpt_ext_e1/ID0N0S0_cnn1d_s4.pt,968323cbc2dc4ff5673c0a53ab9a51f10866d497ebefd5b6609feb75bd836eb7,not captured; script sha now 9ce510a29b726e68,,result json,arm2x2::C007_R31::cnn1d::s4
ext_e1::ID0N0S1::cnn1d::s4,ext_e1.json,analysis,CWRU,e1 cell=ID0N0S1,42,cnn1d,4,torch.manual_seed+np.random.seed(seed),"4500 steps (150 epochs), last weights",1900,,add_awgn_tensor (per-window power),10.0|0.0|-4.0|-6.0|-8.0,top_mode over 5 noise draws; conc_mean,results/ckpt_ext_e1/ID0N0S1_cnn1d_s4.pt,3de160ff4b67436c70b119bda15e316615edaf642a1f01be9b419d430faee20f,not captured; script sha now 9ce510a29b726e68,,result json,
ext_e1::ID0N1S0::cnn1d::s4,ext_e1.json,analysis,CWRU,e1 cell=ID0N1S0,42,cnn1d,4,torch.manual_seed+np.random.seed(seed),"3015 steps (67 epochs), last weights",2844,,add_awgn_tensor (per-window power),10.0|0.0|-4.0|-6.0|-8.0,top_mode over 5 noise draws; conc_mean,results/ckpt_ext_e1/ID0N1S0_cnn1d_s4.pt,f61d1bea2c5ed9a653b489f16deaf8ed6a11c4063bc3a307bc98ab2310a9098d,not captured; script sha now 9ce510a29b726e68,,result json,
ext_e1::ID0N1S1::cnn1d::s4,ext_e1.json,analysis,CWRU,e1 cell=ID0N1S1,42,cnn1d,4,torch.manual_seed+np.random.seed(seed),"4500 steps (100 epochs), last weights",2844,,add_awgn_tensor (per-window power),10.0|0.0|-4.0|-6.0|-8.0,top_mode over 5 noise draws; conc_mean,results/ckpt_ext_e1/ID0N1S1_cnn1d_s4.pt,69fbef5015aa4c6b222c788438dc575183a3eda2027619e5930306517a20a926,not captured; script sha now 9ce510a29b726e68,,result json,
ext_e1::ID1N0S0::cnn1d::s4,ext_e1.json,analysis,CWRU,e1 cell=ID1N0S0,42,cnn1d,4,torch.manual_seed+np.random.seed(seed),"3000 steps (100 epochs), last weights; best epoch 2",1900,1.0,add_awgn_tensor (per-window power),10.0|0.0|-4.0|-6.0|-8.0,top_mode over 5 noise draws; conc_mean,results/ckpt_ext_e1/ID1N0S0_cnn1d_s4.pt,10a5aacb11ce67f60cf3216f6da63fb521142bf1c34c753d6e8d0d68204a9079,not captured; script sha now 9ce510a29b726e68,,result json,
ext_e1::ID1N0S1::cnn1d::s4,ext_e1.json,analysis,CWRU,e1 cell=ID1N0S1,42,cnn1d,4,torch.manual_seed+np.random.seed(seed),"4500 steps (150 epochs), last weights; best epoch 2",1900,1.0,add_awgn_tensor (per-window power),10.0|0.0|-4.0|-6.0|-8.0,top_mode over 5 noise draws; conc_mean,results/ckpt_ext_e1/ID1N0S1_cnn1d_s4.pt,e70df73383828d9911e34768268abbc18211fdf99e3b540dc84a77260a712651,not captured; script sha now 9ce510a29b726e68,,result json,
ext_e1::ID1N1S0::cnn1d::s4,ext_e1.json,analysis,CWRU,e1 cell=ID1N1S0,42,cnn1d,4,torch.manual_seed+np.random.seed(seed),"3015 steps (67 epochs), last weights; best epoch 1",2844,1.0,add_awgn_tensor (per-window power),10.0|0.0|-4.0|-6.0|-8.0,top_mode over 5 noise draws; conc_mean,results/ckpt_ext_e1/ID1N1S0_cnn1d_s4.pt,fa27a1320ed4a97bc1dddf7c9ba640c1a11269371f8ed9bead17b56f6ca44bba,not captured; script sha now 9ce510a29b726e68,,result json,
ext_e1::ID1N1S1::cnn1d::s4,ext_e1.json,analysis,CWRU,e1 cell=ID1N1S1,42,cnn1d,4,torch.manual_seed+np.random.seed(seed),"4500 steps (100 epochs), last weights; best epoch 1",2844,1.0,add_awgn_tensor (per-window power),10.0|0.0|-4.0|-6.0|-8.0,top_mode over 5 noise draws; conc_mean,results/ckpt_ext_e1/ID1N1S1_cnn1d_s4.pt,4f6b53d71de57b5c6b5c2b8c223548caee2182314125fd69e1dc22a85e57d55e,not captured; script sha now 9ce510a29b726e68,,result json,
ext_e2::S1L3::wdcnn::s0,ext_e2.json,analysis,CWRU,e2 cell=S1L3,42,wdcnn,0,torch.manual_seed+np.random.seed(seed),"3000 steps (200 epochs), last weights",920,,add_awgn_tensor (per-window power),10.0|0.0|-4.0|-6.0|-8.0,top_mode over 5 noise draws; conc_mean,results/ckpt_ext_e2/S1L3_wdcnn_s0.pt,9bb209a7e182742a9e815f40bec403484d0575ad460d6fc5275105a52844a009,not captured; script sha now 9ce510a29b726e68,,result json,
ext_e2::S3L1::wdcnn::s0,ext_e2.json,analysis,CWRU,e2 cell=S3L1,42,wdcnn,0,torch.manual_seed+np.random.seed(seed),"3000 steps (200 epochs), last weights",920,,add_awgn_tensor (per-window power),10.0|0.0|-4.0|-6.0|-8.0,top_mode over 5 noise draws; conc_mean,results/ckpt_ext_e2/S3L1_wdcnn_s0.pt,9d656ee3aff3906a130d0f36247fb86e7697cbd2593fcf4870ea36fc888d493b,not captured; script sha now 9ce510a29b726e68,,result json,
ext_e2::S1L1::wdcnn::s0,ext_e2.json,analysis,CWRU,e2 cell=S1L1,42,wdcnn,0,torch.manual_seed+np.random.seed(seed),"3000 steps (200 epochs), last weights",920,,add_awgn_tensor (per-window power),10.0|0.0|-4.0|-6.0|-8.0,top_mode over 5 noise draws; conc_mean,results/ckpt_ext_e2/S1L1_wdcnn_s0.pt,e6a6a6ab97f932547db57f48a855d1490bd9904cf1d86720116469a8501d731f,not captured; script sha now 9ce510a29b726e68,,result json,
ext_e2::S1L3::drsn::s0,ext_e2.json,analysis,CWRU,e2 cell=S1L3,42,drsn,0,torch.manual_seed+np.random.seed(seed),"3000 steps (200 epochs), last weights",920,,add_awgn_tensor (per-window power),10.0|0.0|-4.0|-6.0|-8.0,top_mode over 5 noise draws; conc_mean,results/ckpt_ext_e2/S1L3_drsn_s0.pt,c5cd87e1bade9ab28c477e8d01c661a7af03434fffc164da88731d9b145b3516,not captured; script sha now 9ce510a29b726e68,,result json,
ext_e2::S3L1::drsn::s0,ext_e2.json,analysis,CWRU,e2 cell=S3L1,42,drsn,0,torch.manual_seed+np.random.seed(seed),"3000 steps (200 epochs), last weights",920,,add_awgn_tensor (per-window power),10.0|0.0|-4.0|-6.0|-8.0,top_mode over 5 noise draws; conc_mean,results/ckpt_ext_e2/S3L1_drsn_s0.pt,6d6420c736f29b1706cf793c62ca6d0824e0e42423ebe594ec50b765204a652a,not captured; script sha now 9ce510a29b726e68,,result json,
ext_e2::S1L1::drsn::s0,ext_e2.json,analysis,CWRU,e2 cell=S1L1,42,drsn,0,torch.manual_seed+np.random.seed(seed),"3000 steps (200 epochs), last weights",920,,add_awgn_tensor (per-window power),10.0|0.0|-4.0|-6.0|-8.0,top_mode over 5 noise draws; conc_mean,results/ckpt_ext_e2/S1L1_drsn_s0.pt,4609f792d62cf5256c0bbb2822e6aa8422c41e4b9460cf13830f1b06f70945e9,not captured; script sha now 9ce510a29b726e68,,result json,
ext_e2::S1L3::cnn1d::s0,ext_e2.json,analysis,CWRU,e2 cell=S1L3,42,cnn1d,0,torch.manual_seed+np.random.seed(seed),"3000 steps (200 epochs), last weights",920,,add_awgn_tensor (per-window power),10.0|0.0|-4.0|-6.0|-8.0,top_mode over 5 noise draws; conc_mean,results/ckpt_ext_e2/S1L3_cnn1d_s0.pt,da175d55d5838e815b88fc3db1b932a9c6c50a381cdd2f57c7365c840328bdb3,not captured; script sha now 9ce510a29b726e68,,result json,
ext_e2::S3L1::cnn1d::s0,ext_e2.json,analysis,CWRU,e2 cell=S3L1,42,cnn1d,0,torch.manual_seed+np.random.seed(seed),"3000 steps (200 epochs), last weights",920,,add_awgn_tensor (per-window power),10.0|0.0|-4.0|-6.0|-8.0,top_mode over 5 noise draws; conc_mean,results/ckpt_ext_e2/S3L1_cnn1d_s0.pt,f0d895c814bd9ea41746eac8bebf4b81b09178a3cb122e7d20e8c799a42d7a0a,not captured; script sha now 9ce510a29b726e68,,result json,
ext_e2::S1L1::cnn1d::s0,ext_e2.json,analysis,CWRU,e2 cell=S1L1,42,cnn1d,0,torch.manual_seed+np.random.seed(seed),"3000 steps (200 epochs), last weights",920,,add_awgn_tensor (per-window power),10.0|0.0|-4.0|-6.0|-8.0,top_mode over 5 noise draws; conc_mean,results/ckpt_ext_e2/S1L1_cnn1d_s0.pt,86c60b9085523b53d057ca90e6a7d26eaabfc489ef68f65d70625c21173916d2,not captured; script sha now 9ce510a29b726e68,,result json,
ext_e2::S1L3::wdcnn::s1,ext_e2.json,analysis,CWRU,e2 cell=S1L3,42,wdcnn,1,torch.manual_seed+np.random.seed(seed),"3000 steps (200 epochs), last weights",920,,add_awgn_tensor (per-window power),10.0|0.0|-4.0|-6.0|-8.0,top_mode over 5 noise draws; conc_mean,results/ckpt_ext_e2/S1L3_wdcnn_s1.pt,296cfc1054d54504d6a7c3ce60d6ab37ed8ffc29c0270437f0068f7b1803fe19,not captured; script sha now 9ce510a29b726e68,,result json,
ext_e2::S3L1::wdcnn::s1,ext_e2.json,analysis,CWRU,e2 cell=S3L1,42,wdcnn,1,torch.manual_seed+np.random.seed(seed),"3000 steps (200 epochs), last weights",920,,add_awgn_tensor (per-window power),10.0|0.0|-4.0|-6.0|-8.0,top_mode over 5 noise draws; conc_mean,results/ckpt_ext_e2/S3L1_wdcnn_s1.pt,d555ce9a0a67744d99bc94a2b80f1f8c178fc8177f560f4c1365f7072d3e61e0,not captured; script sha now 9ce510a29b726e68,,result json,
ext_e2::S1L1::wdcnn::s1,ext_e2.json,analysis,CWRU,e2 cell=S1L1,42,wdcnn,1,torch.manual_seed+np.random.seed(seed),"3000 steps (200 epochs), last weights",920,,add_awgn_tensor (per-window power),10.0|0.0|-4.0|-6.0|-8.0,top_mode over 5 noise draws; conc_mean,results/ckpt_ext_e2/S1L1_wdcnn_s1.pt,af3c66858002c9eb802deeb414a82d906c306eee956c04433a631ce0227ee7a4,not captured; script sha now 9ce510a29b726e68,,result json,
ext_e2::S1L3::drsn::s1,ext_e2.json,analysis,CWRU,e2 cell=S1L3,42,drsn,1,torch.manual_seed+np.random.seed(seed),"3000 steps (200 epochs), last weights",920,,add_awgn_tensor (per-window power),10.0|0.0|-4.0|-6.0|-8.0,top_mode over 5 noise draws; conc_mean,results/ckpt_ext_e2/S1L3_drsn_s1.pt,d9ea6c6b1583d8a711c7bb372b490e5f5b5a93a238f76928aab7eb74013f86ca,not captured; script sha now 9ce510a29b726e68,,result json,
ext_e2::S3L1::drsn::s1,ext_e2.json,analysis,CWRU,e2 cell=S3L1,42,drsn,1,torch.manual_seed+np.random.seed(seed),"3000 steps (200 epochs), last weights",920,,add_awgn_tensor (per-window power),10.0|0.0|-4.0|-6.0|-8.0,top_mode over 5 noise draws; conc_mean,results/ckpt_ext_e2/S3L1_drsn_s1.pt,8fa12443403f4f4197808d4af54acb0fdf5f51a53c8014d90ad6e26641363eeb,not captured; script sha now 9ce510a29b726e68,,result json,
ext_e2::S1L1::drsn::s1,ext_e2.json,analysis,CWRU,e2 cell=S1L1,42,drsn,1,torch.manual_seed+np.random.seed(seed),"3000 steps (200 epochs), last weights",920,,add_awgn_tensor (per-window power),10.0|0.0|-4.0|-6.0|-8.0,top_mode over 5 noise draws; conc_mean,results/ckpt_ext_e2/S1L1_drsn_s1.pt,977b8161539e12c2e11d7659f9a57c9e50d28895f20673332cce705bccb302e5,not captured; script sha now 9ce510a29b726e68,,result json,
ext_e2::S1L3::cnn1d::s1,ext_e2.json,analysis,CWRU,e2 cell=S1L3,42,cnn1d,1,torch.manual_seed+np.random.seed(seed),"3000 steps (200 epochs), last weights",920,,add_awgn_tensor (per-window power),10.0|0.0|-4.0|-6.0|-8.0,top_mode over 5 noise draws; conc_mean,results/ckpt_ext_e2/S1L3_cnn1d_s1.pt,baec57947a19e7d499d4d7cb1c3b9a236a282cf623e531387b244cec6f68ecd0,not captured; script sha now 9ce510a29b726e68,,result json,
ext_e2::S3L1::cnn1d::s1,ext_e2.json,analysis,CWRU,e2 cell=S3L1,42,cnn1d,1,torch.manual_seed+np.random.seed(seed),"3000 steps (200 epochs), last weights",920,,add_awgn_tensor (per-window power),10.0|0.0|-4.0|-6.0|-8.0,top_mode over 5 noise draws; conc_mean,results/ckpt_ext_e2/S3L1_cnn1d_s1.pt,ae979bd0ac56a2121e3c80906bd9743baff7e26f7ff31097e1856ae086c70e8a,not captured; script sha now 9ce510a29b726e68,,result json,
ext_e2::S1L1::cnn1d::s1,ext_e2.json,analysis,CWRU,e2 cell=S1L1,42,cnn1d,1,torch.manual_seed+np.random.seed(seed),"3000 steps (200 epochs), last weights",920,,add_awgn_tensor (per-window power),10.0|0.0|-4.0|-6.0|-8.0,top_mode over 5 noise draws; conc_mean,results/ckpt_ext_e2/S1L1_cnn1d_s1.pt,b96645fd0d04bdff9cc875ff68a2a34e0e9daaf1fdeb37e7bead19902a56871d,not captured; script sha now 9ce510a29b726e68,,result json,
ext_e2::S1L3::wdcnn::s2,ext_e2.json,analysis,CWRU,e2 cell=S1L3,42,wdcnn,2,torch.manual_seed+np.random.seed(seed),"3000 steps (200 epochs), last weights",920,,add_awgn_tensor (per-window power),10.0|0.0|-4.0|-6.0|-8.0,top_mode over 5 noise draws; conc_mean,results/ckpt_ext_e2/S1L3_wdcnn_s2.pt,e7c6f1552520aa11993cfe210c5628feb90686b1ca699130c08fa96cba42d5fe,not captured; script sha now 9ce510a29b726e68,,result json,
ext_e2::S3L1::wdcnn::s2,ext_e2.json,analysis,CWRU,e2 cell=S3L1,42,wdcnn,2,torch.manual_seed+np.random.seed(seed),"3000 steps (200 epochs), last weights",920,,add_awgn_tensor (per-window power),10.0|0.0|-4.0|-6.0|-8.0,top_mode over 5 noise draws; conc_mean,results/ckpt_ext_e2/S3L1_wdcnn_s2.pt,c0e6c97215e47f124c62080866ce8fa9046bf569d1f018fb30b7d794f99fde27,not captured; script sha now 9ce510a29b726e68,,result json,
ext_e2::S1L1::wdcnn::s2,ext_e2.json,analysis,CWRU,e2 cell=S1L1,42,wdcnn,2,torch.manual_seed+np.random.seed(seed),"3000 steps (200 epochs), last weights",920,,add_awgn_tensor (per-window power),10.0|0.0|-4.0|-6.0|-8.0,top_mode over 5 noise draws; conc_mean,results/ckpt_ext_e2/S1L1_wdcnn_s2.pt,df4b8b5aeb78ee1d8bfa94a628e5f5c90a361a6c6984765bf5216d58e4807c75,not captured; script sha now 9ce510a29b726e68,,result json,
ext_e2::S1L3::drsn::s2,ext_e2.json,analysis,CWRU,e2 cell=S1L3,42,drsn,2,torch.manual_seed+np.random.seed(seed),"3000 steps (200 epochs), last weights",920,,add_awgn_tensor (per-window power),10.0|0.0|-4.0|-6.0|-8.0,top_mode over 5 noise draws; conc_mean,results/ckpt_ext_e2/S1L3_drsn_s2.pt,170483303a9f3d76d7f3fe103f064f7801f704839f4716d4f46dba41109ec953,not captured; script sha now 9ce510a29b726e68,,result json,
ext_e2::S3L1::drsn::s2,ext_e2.json,analysis,CWRU,e2 cell=S3L1,42,drsn,2,torch.manual_seed+np.random.seed(seed),"3000 steps (200 epochs), last weights",920,,add_awgn_tensor (per-window power),10.0|0.0|-4.0|-6.0|-8.0,top_mode over 5 noise draws; conc_mean,results/ckpt_ext_e2/S3L1_drsn_s2.pt,f201806c1f68663f103b6b17861aa5a0ed8fba12dd39954d08d2af8a78a9f33f,not captured; script sha now 9ce510a29b726e68,,result json,
ext_e2::S1L1::drsn::s2,ext_e2.json,analysis,CWRU,e2 cell=S1L1,42,drsn,2,torch.manual_seed+np.random.seed(seed),"3000 steps (200 epochs), last weights",920,,add_awgn_tensor (per-window power),10.0|0.0|-4.0|-6.0|-8.0,top_mode over 5 noise draws; conc_mean,results/ckpt_ext_e2/S1L1_drsn_s2.pt,8704ee8a2963b0d4a99724f5a8f9df982a761dc7d872e93e9d2b6f281d3e4894,not captured; script sha now 9ce510a29b726e68,,result json,
ext_e2::S1L3::cnn1d::s2,ext_e2.json,analysis,CWRU,e2 cell=S1L3,42,cnn1d,2,torch.manual_seed+np.random.seed(seed),"3000 steps (200 epochs), last weights",920,,add_awgn_tensor (per-window power),10.0|0.0|-4.0|-6.0|-8.0,top_mode over 5 noise draws; conc_mean,results/ckpt_ext_e2/S1L3_cnn1d_s2.pt,2780ac73a1b81813109a67e59308d971214e211497ec7d886ebd1cb669c98567,not captured; script sha now 9ce510a29b726e68,,result json,
ext_e2::S3L1::cnn1d::s2,ext_e2.json,analysis,CWRU,e2 cell=S3L1,42,cnn1d,2,torch.manual_seed+np.random.seed(seed),"3000 steps (200 epochs), last weights",920,,add_awgn_tensor (per-window power),10.0|0.0|-4.0|-6.0|-8.0,top_mode over 5 noise draws; conc_mean,results/ckpt_ext_e2/S3L1_cnn1d_s2.pt,54e536c0135491c22300a414955062938c860fa84c24e07e997ced1407e60d58,not captured; script sha now 9ce510a29b726e68,,result json,
ext_e2::S1L1::cnn1d::s2,ext_e2.json,analysis,CWRU,e2 cell=S1L1,42,cnn1d,2,torch.manual_seed+np.random.seed(seed),"3000 steps (200 epochs), last weights",920,,add_awgn_tensor (per-window power),10.0|0.0|-4.0|-6.0|-8.0,top_mode over 5 noise draws; conc_mean,results/ckpt_ext_e2/S1L1_cnn1d_s2.pt,312379c80318d70582520d3a88be0c8b8f2ebc4d21783b2fdb6acaf6ed30f2ab,not captured; script sha now 9ce510a29b726e68,,result json,
ext_e2::S1L3::wdcnn::s3,ext_e2.json,analysis,CWRU,e2 cell=S1L3,42,wdcnn,3,torch.manual_seed+np.random.seed(seed),"3000 steps (200 epochs), last weights",920,,add_awgn_tensor (per-window power),10.0|0.0|-4.0|-6.0|-8.0,top_mode over 5 noise draws; conc_mean,results/ckpt_ext_e2/S1L3_wdcnn_s3.pt,664a0c5f6b41a4e1603fdb24a5db828a3249e7e42cffa2e865708bd93fd1bb74,not captured; script sha now 9ce510a29b726e68,,result json,
ext_e2::S3L1::wdcnn::s3,ext_e2.json,analysis,CWRU,e2 cell=S3L1,42,wdcnn,3,torch.manual_seed+np.random.seed(seed),"3000 steps (200 epochs), last weights",920,,add_awgn_tensor (per-window power),10.0|0.0|-4.0|-6.0|-8.0,top_mode over 5 noise draws; conc_mean,results/ckpt_ext_e2/S3L1_wdcnn_s3.pt,1120c9d79f5182c442adbc9ae7d6eaefdec7639b6d0aedfa8db81a42fcfdd38a,not captured; script sha now 9ce510a29b726e68,,result json,
ext_e2::S1L1::wdcnn::s3,ext_e2.json,analysis,CWRU,e2 cell=S1L1,42,wdcnn,3,torch.manual_seed+np.random.seed(seed),"3000 steps (200 epochs), last weights",920,,add_awgn_tensor (per-window power),10.0|0.0|-4.0|-6.0|-8.0,top_mode over 5 noise draws; conc_mean,results/ckpt_ext_e2/S1L1_wdcnn_s3.pt,af944e0cc7b8c93bf547bfc9bd06e591f9becbdd539f88ce61beb2910375e43a,not captured; script sha now 9ce510a29b726e68,,result json,
ext_e2::S1L3::drsn::s3,ext_e2.json,analysis,CWRU,e2 cell=S1L3,42,drsn,3,torch.manual_seed+np.random.seed(seed),"3000 steps (200 epochs), last weights",920,,add_awgn_tensor (per-window power),10.0|0.0|-4.0|-6.0|-8.0,top_mode over 5 noise draws; conc_mean,results/ckpt_ext_e2/S1L3_drsn_s3.pt,b5aa28deeffedc5572fbe08b21bb20b0ee9172dbfbdd77a31caa0e735a6a0a16,not captured; script sha now 9ce510a29b726e68,,result json,
ext_e2::S3L1::drsn::s3,ext_e2.json,analysis,CWRU,e2 cell=S3L1,42,drsn,3,torch.manual_seed+np.random.seed(seed),"3000 steps (200 epochs), last weights",920,,add_awgn_tensor (per-window power),10.0|0.0|-4.0|-6.0|-8.0,top_mode over 5 noise draws; conc_mean,results/ckpt_ext_e2/S3L1_drsn_s3.pt,27563d560b7184ab7c213dc48ee90018ad844916f2d53d1daf68cf6c919ed6bb,not captured; script sha now 9ce510a29b726e68,,result json,
ext_e2::S1L1::drsn::s3,ext_e2.json,analysis,CWRU,e2 cell=S1L1,42,drsn,3,torch.manual_seed+np.random.seed(seed),"3000 steps (200 epochs), last weights",920,,add_awgn_tensor (per-window power),10.0|0.0|-4.0|-6.0|-8.0,top_mode over 5 noise draws; conc_mean,results/ckpt_ext_e2/S1L1_drsn_s3.pt,d3340b05e70373ff85876513b287663c9119a7791313a08ee7b1444a0b690d2f,not captured; script sha now 9ce510a29b726e68,,result json,
ext_e2::S1L3::cnn1d::s3,ext_e2.json,analysis,CWRU,e2 cell=S1L3,42,cnn1d,3,torch.manual_seed+np.random.seed(seed),"3000 steps (200 epochs), last weights",920,,add_awgn_tensor (per-window power),10.0|0.0|-4.0|-6.0|-8.0,top_mode over 5 noise draws; conc_mean,results/ckpt_ext_e2/S1L3_cnn1d_s3.pt,db2f988480e046dd8c1155369cdf7cc96d735857e01898531f8f271c3a0b552d,not captured; script sha now 9ce510a29b726e68,,result json,
ext_e2::S3L1::cnn1d::s3,ext_e2.json,analysis,CWRU,e2 cell=S3L1,42,cnn1d,3,torch.manual_seed+np.random.seed(seed),"3000 steps (200 epochs), last weights",920,,add_awgn_tensor (per-window power),10.0|0.0|-4.0|-6.0|-8.0,top_mode over 5 noise draws; conc_mean,results/ckpt_ext_e2/S3L1_cnn1d_s3.pt,1690faa83487c0f9bcaa1c4f2919c593fb051e637609d9d4fce48f252d4151e3,not captured; script sha now 9ce510a29b726e68,,result json,
ext_e2::S1L1::cnn1d::s3,ext_e2.json,analysis,CWRU,e2 cell=S1L1,42,cnn1d,3,torch.manual_seed+np.random.seed(seed),"3000 steps (200 epochs), last weights",920,,add_awgn_tensor (per-window power),10.0|0.0|-4.0|-6.0|-8.0,top_mode over 5 noise draws; conc_mean,results/ckpt_ext_e2/S1L1_cnn1d_s3.pt,62d8648bf77bbb90e99f2ae5888a3d0e1c5d4686444182abbb79347008ebedc6,not captured; script sha now 9ce510a29b726e68,,result json,
ext_e2::S1L3::wdcnn::s4,ext_e2.json,analysis,CWRU,e2 cell=S1L3,42,wdcnn,4,torch.manual_seed+np.random.seed(seed),"3000 steps (200 epochs), last weights",920,,add_awgn_tensor (per-window power),10.0|0.0|-4.0|-6.0|-8.0,top_mode over 5 noise draws; conc_mean,results/ckpt_ext_e2/S1L3_wdcnn_s4.pt,5ced0ec8c12402b3d52da2567831137872733df8e77ff171332c901331c2f3af,not captured; script sha now 9ce510a29b726e68,,result json,
ext_e2::S3L1::wdcnn::s4,ext_e2.json,analysis,CWRU,e2 cell=S3L1,42,wdcnn,4,torch.manual_seed+np.random.seed(seed),"3000 steps (200 epochs), last weights",920,,add_awgn_tensor (per-window power),10.0|0.0|-4.0|-6.0|-8.0,top_mode over 5 noise draws; conc_mean,results/ckpt_ext_e2/S3L1_wdcnn_s4.pt,4752bc8fc075fafc4c22fa1db2bb39d962cb47dcf83b10dfc0159e01bd3de695,not captured; script sha now 9ce510a29b726e68,,result json,
ext_e2::S1L1::wdcnn::s4,ext_e2.json,analysis,CWRU,e2 cell=S1L1,42,wdcnn,4,torch.manual_seed+np.random.seed(seed),"3000 steps (200 epochs), last weights",920,,add_awgn_tensor (per-window power),10.0|0.0|-4.0|-6.0|-8.0,top_mode over 5 noise draws; conc_mean,results/ckpt_ext_e2/S1L1_wdcnn_s4.pt,ff851fbe6e0d7db871c97c827e6216b8dcc7ecb383cd009ce6051e6be052f6ca,not captured; script sha now 9ce510a29b726e68,,result json,
ext_e2::S1L3::drsn::s4,ext_e2.json,analysis,CWRU,e2 cell=S1L3,42,drsn,4,torch.manual_seed+np.random.seed(seed),"3000 steps (200 epochs), last weights",920,,add_awgn_tensor (per-window power),10.0|0.0|-4.0|-6.0|-8.0,top_mode over 5 noise draws; conc_mean,results/ckpt_ext_e2/S1L3_drsn_s4.pt,088c7f5d5e96127fa0dd72e9ba2e5c34392b0c705492ea1708f2593623e74a5d,not captured; script sha now 9ce510a29b726e68,,result json,
ext_e2::S3L1::drsn::s4,ext_e2.json,analysis,CWRU,e2 cell=S3L1,42,drsn,4,torch.manual_seed+np.random.seed(seed),"3000 steps (200 epochs), last weights",920,,add_awgn_tensor (per-window power),10.0|0.0|-4.0|-6.0|-8.0,top_mode over 5 noise draws; conc_mean,results/ckpt_ext_e2/S3L1_drsn_s4.pt,97759de450e1e60c0eaa87aadc2e444dbf56d8652244eb787c7dcbe0df6f3d42,not captured; script sha now 9ce510a29b726e68,,result json,
ext_e2::S1L1::drsn::s4,ext_e2.json,analysis,CWRU,e2 cell=S1L1,42,drsn,4,torch.manual_seed+np.random.seed(seed),"3000 steps (200 epochs), last weights",920,,add_awgn_tensor (per-window power),10.0|0.0|-4.0|-6.0|-8.0,top_mode over 5 noise draws; conc_mean,results/ckpt_ext_e2/S1L1_drsn_s4.pt,bf08856de09bdaa2296b3a963de81d58719f0eafed37de0821a33f5555060aea,not captured; script sha now 9ce510a29b726e68,,result json,
ext_e2::S1L3::cnn1d::s4,ext_e2.json,analysis,CWRU,e2 cell=S1L3,42,cnn1d,4,torch.manual_seed+np.random.seed(seed),"3000 steps (200 epochs), last weights",920,,add_awgn_tensor (per-window power),10.0|0.0|-4.0|-6.0|-8.0,top_mode over 5 noise draws; conc_mean,results/ckpt_ext_e2/S1L3_cnn1d_s4.pt,5f859367a26d635511de830b62161e03f1dedcec9953fe288bb02c47e821b398,not captured; script sha now 9ce510a29b726e68,,result json,
ext_e2::S3L1::cnn1d::s4,ext_e2.json,analysis,CWRU,e2 cell=S3L1,42,cnn1d,4,torch.manual_seed+np.random.seed(seed),"3000 steps (200 epochs), last weights",920,,add_awgn_tensor (per-window power),10.0|0.0|-4.0|-6.0|-8.0,top_mode over 5 noise draws; conc_mean,results/ckpt_ext_e2/S3L1_cnn1d_s4.pt,f97bf3c7efdf2bb8267236ae6bee49ccf976490ed992747dffe0bc2d6f820bf3,not captured; script sha now 9ce510a29b726e68,,result json,
ext_e2::S1L1::cnn1d::s4,ext_e2.json,analysis,CWRU,e2 cell=S1L1,42,cnn1d,4,torch.manual_seed+np.random.seed(seed),"3000 steps (200 epochs), last weights",920,,add_awgn_tensor (per-window power),10.0|0.0|-4.0|-6.0|-8.0,top_mode over 5 noise draws; conc_mean,results/ckpt_ext_e2/S1L1_cnn1d_s4.pt,abb9063aa13ebd999399ac5b0c8c4707b7add5eeab3bac2816ca259f976a36dd,not captured; script sha now 9ce510a29b726e68,,result json,
e4_paperB_harness::wdcnn::s0,e4_paperB_harness.json,analysis,CWRU,"16file v2 split, NA- (paperB cwru_clean_v2 protocol)",42,wdcnn,0,paperB set_seed(seed) via TrainConfig; eval in fork_rng,100 epochs; best epoch 1 (strict val improvement) + final,2844,1.0,paperB evaluate_snr_sweep (awgn),10|8|6|4|2|0|-2|-4|-6|-8,paperB: mean per-seed conc>=90%,best=results/ckpt_e4/wdcnn_s0_best.pt | final=results/ckpt_e4/wdcnn_s0_final.pt,best=1f970330a1f61b05d0dd272621017133d2671ab8f016642afd3c59d30acd6dc2 | final=570620706e475389d6b1f6e6563600c8712e9bf1203bae8678351fd13036b0e5,not captured; script sha now d9895eadb7832d12,,result json,
e4_paperB_harness::cnn1d::s0,e4_paperB_harness.json,analysis,CWRU,"16file v2 split, NA- (paperB cwru_clean_v2 protocol)",42,cnn1d,0,paperB set_seed(seed) via TrainConfig; eval in fork_rng,100 epochs; best epoch 1 (strict val improvement) + final,2844,1.0,paperB evaluate_snr_sweep (awgn),10|8|6|4|2|0|-2|-4|-6|-8,paperB: mean per-seed conc>=90%,best=results/ckpt_e4/cnn1d_s0_best.pt | final=results/ckpt_e4/cnn1d_s0_final.pt,best=4eee77d70c1950aa8c8fe40fc161afaffe5496ef1aa870ce82268f2902173c2e | final=1ba21516e5900c8b50907dc72621d8e006cc7536658a6b7e8c3b266f8f32fc54,not captured; script sha now d9895eadb7832d12,,result json,
e4_paperB_harness::drsn::s0,e4_paperB_harness.json,analysis,CWRU,"16file v2 split, NA- (paperB cwru_clean_v2 protocol)",42,drsn,0,paperB set_seed(seed) via TrainConfig; eval in fork_rng,100 epochs; best epoch 1 (strict val improvement) + final,2844,1.0,paperB evaluate_snr_sweep (awgn),10|8|6|4|2|0|-2|-4|-6|-8,paperB: mean per-seed conc>=90%,best=results/ckpt_e4/drsn_s0_best.pt | final=results/ckpt_e4/drsn_s0_final.pt,best=893da41bb6fc454b657d326f7af571d792d7ccb00663f4ce98f1bbfaeed47092 | final=876e66cb20b72765aac4d1c86a903b43e85972e40625592479f7e5c80ceb0bb6,not captured; script sha now d9895eadb7832d12,,result json,
e4_paperB_harness::wdcnn::s1,e4_paperB_harness.json,analysis,CWRU,"16file v2 split, NA- (paperB cwru_clean_v2 protocol)",42,wdcnn,1,paperB set_seed(seed) via TrainConfig; eval in fork_rng,100 epochs; best epoch 1 (strict val improvement) + final,2844,1.0,paperB evaluate_snr_sweep (awgn),10|8|6|4|2|0|-2|-4|-6|-8,paperB: mean per-seed conc>=90%,best=results/ckpt_e4/wdcnn_s1_best.pt | final=results/ckpt_e4/wdcnn_s1_final.pt,best=34446e1000d8019f29543f130813a59d24cbd673fed8c85230c3162263b3d35f | final=983f8927fceeaebdade0f1f3992f034ed14049ca157d6ecd6e113d913cb32040,not captured; script sha now d9895eadb7832d12,,result json,
e4_paperB_harness::cnn1d::s1,e4_paperB_harness.json,analysis,CWRU,"16file v2 split, NA- (paperB cwru_clean_v2 protocol)",42,cnn1d,1,paperB set_seed(seed) via TrainConfig; eval in fork_rng,100 epochs; best epoch 1 (strict val improvement) + final,2844,1.0,paperB evaluate_snr_sweep (awgn),10|8|6|4|2|0|-2|-4|-6|-8,paperB: mean per-seed conc>=90%,best=results/ckpt_e4/cnn1d_s1_best.pt | final=results/ckpt_e4/cnn1d_s1_final.pt,best=b88c0e55f2fdc81fedd52e8e633c11ab1bbe7fa0d3d273ee0c147b3205a983c0 | final=57f84b2e4d19c3634c2b41df93eb3081d5e421495d2d9982e039c526904eda27,not captured; script sha now d9895eadb7832d12,,result json,
e4_paperB_harness::drsn::s1,e4_paperB_harness.json,analysis,CWRU,"16file v2 split, NA- (paperB cwru_clean_v2 protocol)",42,drsn,1,paperB set_seed(seed) via TrainConfig; eval in fork_rng,100 epochs; best epoch 1 (strict val improvement) + final,2844,1.0,paperB evaluate_snr_sweep (awgn),10|8|6|4|2|0|-2|-4|-6|-8,paperB: mean per-seed conc>=90%,best=results/ckpt_e4/drsn_s1_best.pt | final=results/ckpt_e4/drsn_s1_final.pt,best=b6bd1e252f430b1fa8976a2c3b6da1e4355563d8108d729c92807382cb5ede76 | final=70ba3856d5061d8c5301ff6236f0d833a2fe7aea4ec2de74405ac1a6e169968f,not captured; script sha now d9895eadb7832d12,,result json,
e4_paperB_harness::wdcnn::s2,e4_paperB_harness.json,analysis,CWRU,"16file v2 split, NA- (paperB cwru_clean_v2 protocol)",42,wdcnn,2,paperB set_seed(seed) via TrainConfig; eval in fork_rng,100 epochs; best epoch 1 (strict val improvement) + final,2844,1.0,paperB evaluate_snr_sweep (awgn),10|8|6|4|2|0|-2|-4|-6|-8,paperB: mean per-seed conc>=90%,best=results/ckpt_e4/wdcnn_s2_best.pt | final=results/ckpt_e4/wdcnn_s2_final.pt,best=7b9132856b7003eaf6c25ada57be80896a3930f6537857e11572c5e4778b3fd7 | final=d6b9e2422f7b3a3f1a98424ff54227603d3a192e0b21114e822fbc274c57cad0,not captured; script sha now d9895eadb7832d12,,result json,
e4_paperB_harness::cnn1d::s2,e4_paperB_harness.json,analysis,CWRU,"16file v2 split, NA- (paperB cwru_clean_v2 protocol)",42,cnn1d,2,paperB set_seed(seed) via TrainConfig; eval in fork_rng,100 epochs; best epoch 1 (strict val improvement) + final,2844,1.0,paperB evaluate_snr_sweep (awgn),10|8|6|4|2|0|-2|-4|-6|-8,paperB: mean per-seed conc>=90%,best=results/ckpt_e4/cnn1d_s2_best.pt | final=results/ckpt_e4/cnn1d_s2_final.pt,best=2942f7dc4cb4e4556db545cb543b52b675c911ac78b80d244bb7574360b2abcb | final=d7d9ae0954e96a14cf480f71915760b2487848b93e18e22d6d78467550b672e9,not captured; script sha now d9895eadb7832d12,,result json,
e4_paperB_harness::drsn::s2,e4_paperB_harness.json,analysis,CWRU,"16file v2 split, NA- (paperB cwru_clean_v2 protocol)",42,drsn,2,paperB set_seed(seed) via TrainConfig; eval in fork_rng,100 epochs; best epoch 1 (strict val improvement) + final,2844,1.0,paperB evaluate_snr_sweep (awgn),10|8|6|4|2|0|-2|-4|-6|-8,paperB: mean per-seed conc>=90%,best=results/ckpt_e4/drsn_s2_best.pt | final=results/ckpt_e4/drsn_s2_final.pt,best=b4e62e98381a1ccd9f3cede6b54103e21987c73038a5f68701eb87f86c7ed229 | final=c293c8b771b527225c0eb0a738d9712b15e5b87224a57f54ff3f2dd7b4a8a141,not captured; script sha now d9895eadb7832d12,,result json,
e4_paperB_harness::wdcnn::s3,e4_paperB_harness.json,analysis,CWRU,"16file v2 split, NA- (paperB cwru_clean_v2 protocol)",42,wdcnn,3,paperB set_seed(seed) via TrainConfig; eval in fork_rng,100 epochs; best epoch 1 (strict val improvement) + final,2844,1.0,paperB evaluate_snr_sweep (awgn),10|8|6|4|2|0|-2|-4|-6|-8,paperB: mean per-seed conc>=90%,best=results/ckpt_e4/wdcnn_s3_best.pt | final=results/ckpt_e4/wdcnn_s3_final.pt,best=e124f08bd93629dea27ee81bb05e9c834c64c8db85e73f5d48fcbf0b5ca352e1 | final=8ded512e7ebd17b1ca27c59a61666dafd2167d5730d0feeffcea97cf97f976c3,not captured; script sha now d9895eadb7832d12,,result json,
e4_paperB_harness::cnn1d::s3,e4_paperB_harness.json,analysis,CWRU,"16file v2 split, NA- (paperB cwru_clean_v2 protocol)",42,cnn1d,3,paperB set_seed(seed) via TrainConfig; eval in fork_rng,100 epochs; best epoch 1 (strict val improvement) + final,2844,1.0,paperB evaluate_snr_sweep (awgn),10|8|6|4|2|0|-2|-4|-6|-8,paperB: mean per-seed conc>=90%,best=results/ckpt_e4/cnn1d_s3_best.pt | final=results/ckpt_e4/cnn1d_s3_final.pt,best=29ffa4c868da1e3df51e240244025cfaf803ab27fb6901f1b04119559ba5387e | final=3221cae1971a6a49406c9ba677d05fc41fcc70d09df1a0ee875ec65bc6f3326f,not captured; script sha now d9895eadb7832d12,,result json,
e4_paperB_harness::drsn::s3,e4_paperB_harness.json,analysis,CWRU,"16file v2 split, NA- (paperB cwru_clean_v2 protocol)",42,drsn,3,paperB set_seed(seed) via TrainConfig; eval in fork_rng,100 epochs; best epoch 2 (strict val improvement) + final,2844,1.0,paperB evaluate_snr_sweep (awgn),10|8|6|4|2|0|-2|-4|-6|-8,paperB: mean per-seed conc>=90%,best=results/ckpt_e4/drsn_s3_best.pt | final=results/ckpt_e4/drsn_s3_final.pt,best=37466cb8f46b539dfe6b54b735391918f4bfb80af1be73a15e84557de3c13035 | final=73836179d4ef4fd80f7d0ffad71bf57d5a12da5de52e8a70063bc64263a4b83c,not captured; script sha now d9895eadb7832d12,,result json,
e4_paperB_harness::wdcnn::s4,e4_paperB_harness.json,analysis,CWRU,"16file v2 split, NA- (paperB cwru_clean_v2 protocol)",42,wdcnn,4,paperB set_seed(seed) via TrainConfig; eval in fork_rng,100 epochs; best epoch 1 (strict val improvement) + final,2844,1.0,paperB evaluate_snr_sweep (awgn),10|8|6|4|2|0|-2|-4|-6|-8,paperB: mean per-seed conc>=90%,best=results/ckpt_e4/wdcnn_s4_best.pt | final=results/ckpt_e4/wdcnn_s4_final.pt,best=7407d1dedc006066cf8d6f61b0ce04180b3a43fe6fbe965afbc59598d54c4979 | final=1025a904bd5930265c59fc8802fa32594500bfebd4556150758e6637576e3930,not captured; script sha now d9895eadb7832d12,,result json,
e4_paperB_harness::cnn1d::s4,e4_paperB_harness.json,analysis,CWRU,"16file v2 split, NA- (paperB cwru_clean_v2 protocol)",42,cnn1d,4,paperB set_seed(seed) via TrainConfig; eval in fork_rng,100 epochs; best epoch 1 (strict val improvement) + final,2844,1.0,paperB evaluate_snr_sweep (awgn),10|8|6|4|2|0|-2|-4|-6|-8,paperB: mean per-seed conc>=90%,best=results/ckpt_e4/cnn1d_s4_best.pt | final=results/ckpt_e4/cnn1d_s4_final.pt,best=bb8a599d444a63a3dc47797669aadf58f6bb09063804cdda64db1c341f446113 | final=aacb81dfc4bd941d7bd177c5b28c234c65b4cf341617f7985a4389df04fd09ab,not captured; script sha now d9895eadb7832d12,,result json,
e4_paperB_harness::drsn::s4,e4_paperB_harness.json,analysis,CWRU,"16file v2 split, NA- (paperB cwru_clean_v2 protocol)",42,drsn,4,paperB set_seed(seed) via TrainConfig; eval in fork_rng,100 epochs; best epoch 1 (strict val improvement) + final,2844,1.0,paperB evaluate_snr_sweep (awgn),10|8|6|4|2|0|-2|-4|-6|-8,paperB: mean per-seed conc>=90%,best=results/ckpt_e4/drsn_s4_best.pt | final=results/ckpt_e4/drsn_s4_final.pt,best=d988431d36081bc902691a359a4edc77ef61ea54ded949274519b9482d96d375 | final=c11488f7d964249d5012fea883580b8bfb1b37a5151b610de9e7a029ca74dabe,not captured; script sha now d9895eadb7832d12,,result json,
wp1_jnu_rpmid_600::wdcnn::s0,wp1_jnu_rpmid_600.json,analysis,JNU,"jnu_modeA_v2 protocol, rpm=600 (rpm identification)",time-split,wdcnn,0,paperB set_seed(seed) via TrainConfig; eval in fork_rng,100 epochs; best epoch 54 (strict val improvement) + final,3513,1.0,paperB evaluate_snr_sweep (awgn),10|8|6|4|2|0|-2|-4|-6|-8,paperB: mean per-seed conc>=90%,best=results/ckpt_wp1/rpmid/jnu_wdcnn_s0_rpm600_best.pt | final=results/ckpt_wp1/rpmid/jnu_wdcnn_s0_rpm600_final.pt,best=4f6a7464e280d66dc226c75243c6a875da4ad2a4b1391babd6ce08357d3278f8 | final=7bdcb23c5f18ccc559f6d5f27bf07325f13fd7f2075279451c8d82d045dc6ab9,not captured; script sha now 48bbdd7309295655; torch 2.13.0+cu130,,result json,
wp1_jnu_rpmid_800::wdcnn::s0,wp1_jnu_rpmid_800.json,analysis,JNU,"jnu_modeA_v2 protocol, rpm=800 (rpm identification)",time-split,wdcnn,0,paperB set_seed(seed) via TrainConfig; eval in fork_rng,100 epochs; best epoch 13 (strict val improvement) + final,3513,0.9991431019708654,paperB evaluate_snr_sweep (awgn),10|8|6|4|2|0|-2|-4|-6|-8,paperB: mean per-seed conc>=90%,best=results/ckpt_wp1/rpmid/jnu_wdcnn_s0_rpm800_best.pt | final=results/ckpt_wp1/rpmid/jnu_wdcnn_s0_rpm800_final.pt,best=b4947d5680e3eb7320cc3b8cb1c2dd893f60c22daf78b05d74e091fc45dc20a3 | final=e19039cb5e888ea2c51c3b56eb3bfbc4a72d26dedfe5714cb4e92b1df2b4bc2d,not captured; script sha now 48bbdd7309295655; torch 2.13.0+cu130,,result json,
wp1_jnu_rpmid_1000::wdcnn::s0,wp1_jnu_rpmid_1000.json,analysis,JNU,"jnu_modeA_v2 protocol, rpm=1000 (rpm identification)",time-split,wdcnn,0,paperB set_seed(seed) via TrainConfig; eval in fork_rng,100 epochs; best epoch 23 (strict val improvement) + final,3513,1.0,paperB evaluate_snr_sweep (awgn),10|8|6|4|2|0|-2|-4|-6|-8,paperB: mean per-seed conc>=90%,best=results/ckpt_wp1/rpmid/jnu_wdcnn_s0_rpm1000_best.pt | final=results/ckpt_wp1/rpmid/jnu_wdcnn_s0_rpm1000_final.pt,best=f5c6473be4e504d4f3075b7fd41cb520ac367bc470ae80015c7e3994aad1f766 | final=c3bbdc245dbcf4d282024bbbca9940333b8349d66c60c9e5fe686ec70f2f20c6,not captured; script sha now 48bbdd7309295655; torch 2.13.0+cu130,,result json,
wp1_cwru_clean::lstm::s0,wp1_cwru_clean.json,analysis,CWRU,"16file v2, NA- (cwru_clean_v2)",42,lstm,0,paperB set_seed(seed) via TrainConfig; eval in fork_rng,100 epochs; best epoch 2 (strict val improvement) + final,2844,1.0,paperB evaluate_snr_sweep (awgn),10|8|6|4|2|0|-2|-4|-6|-8,paperB: mean per-seed conc>=90%,best=results/ckpt_wp1/cwru_clean_lstm_s0_best.pt | final=results/ckpt_wp1/cwru_clean_lstm_s0_final.pt,best=5f78b25d6cff98a19bca48b02e0ced7524c721ebe3fe7e88cd97e862c2cd7398 | final=aef720fc53bba4e2765caeabfe997f4bdbc11d3f6112db985164d81315cbe4ae,not captured; script sha now 48bbdd7309295655; torch 2.13.0+cu130,,result json,
wp1_cwru_clean::transformer::s0,wp1_cwru_clean.json,analysis,CWRU,"16file v2, NA- (cwru_clean_v2)",42,transformer,0,paperB set_seed(seed) via TrainConfig; eval in fork_rng,100 epochs; best epoch 1 (strict val improvement) + final,2844,1.0,paperB evaluate_snr_sweep (awgn),10|8|6|4|2|0|-2|-4|-6|-8,paperB: mean per-seed conc>=90%,best=results/ckpt_wp1/cwru_clean_transformer_s0_best.pt | final=results/ckpt_wp1/cwru_clean_transformer_s0_final.pt,best=84c99c252e4dcb5fe9f2e20c0679003cca7ce4379e90a326d2ecabf305b384e6 | final=5f280e9a12116f136bfbb8d02bf0c6c80ac0f1c5c6b0875f1a708e6067089c82,not captured; script sha now 48bbdd7309295655; torch 2.13.0+cu130,,result json,
wp1_cwru_clean::lstm::s1,wp1_cwru_clean.json,analysis,CWRU,"16file v2, NA- (cwru_clean_v2)",42,lstm,1,paperB set_seed(seed) via TrainConfig; eval in fork_rng,100 epochs; best epoch 2 (strict val improvement) + final,2844,1.0,paperB evaluate_snr_sweep (awgn),10|8|6|4|2|0|-2|-4|-6|-8,paperB: mean per-seed conc>=90%,best=results/ckpt_wp1/cwru_clean_lstm_s1_best.pt | final=results/ckpt_wp1/cwru_clean_lstm_s1_final.pt,best=2bc937e13c98c68985e1d244b72e37bf98cf5dd85e1dd6b421374299e197a098 | final=c72e0580cba3e39c949142bf3ead527f07bd2e5334ab13d34947964245d3c68f,not captured; script sha now 48bbdd7309295655; torch 2.13.0+cu130,,result json,
wp1_cwru_clean::transformer::s1,wp1_cwru_clean.json,analysis,CWRU,"16file v2, NA- (cwru_clean_v2)",42,transformer,1,paperB set_seed(seed) via TrainConfig; eval in fork_rng,100 epochs; best epoch 4 (strict val improvement) + final,2844,1.0,paperB evaluate_snr_sweep (awgn),10|8|6|4|2|0|-2|-4|-6|-8,paperB: mean per-seed conc>=90%,best=results/ckpt_wp1/cwru_clean_transformer_s1_best.pt | final=results/ckpt_wp1/cwru_clean_transformer_s1_final.pt,best=187e5f8b4c962f9575f81791c31579c55abcb753746b0da666826fbd416de43d | final=2e77995954d74fa18c81978a60a81796f388460e345c15d3621800fbb237268a,not captured; script sha now 48bbdd7309295655; torch 2.13.0+cu130,,result json,
wp1_cwru_clean::lstm::s2,wp1_cwru_clean.json,analysis,CWRU,"16file v2, NA- (cwru_clean_v2)",42,lstm,2,paperB set_seed(seed) via TrainConfig; eval in fork_rng,100 epochs; best epoch 2 (strict val improvement) + final,2844,1.0,paperB evaluate_snr_sweep (awgn),10|8|6|4|2|0|-2|-4|-6|-8,paperB: mean per-seed conc>=90%,best=results/ckpt_wp1/cwru_clean_lstm_s2_best.pt | final=results/ckpt_wp1/cwru_clean_lstm_s2_final.pt,best=6f072fb7180263b4d9d4412f55104008f30e105be54a7cbaf70d3e937c2744d6 | final=d9b4442ad9e2faab8eef9c827dbf551d97756dc14dd196bd782bf4e95c2b6cb7,not captured; script sha now 48bbdd7309295655; torch 2.13.0+cu130,,result json,
wp1_cwru_clean::transformer::s2,wp1_cwru_clean.json,analysis,CWRU,"16file v2, NA- (cwru_clean_v2)",42,transformer,2,paperB set_seed(seed) via TrainConfig; eval in fork_rng,100 epochs; best epoch 1 (strict val improvement) + final,2844,1.0,paperB evaluate_snr_sweep (awgn),10|8|6|4|2|0|-2|-4|-6|-8,paperB: mean per-seed conc>=90%,best=results/ckpt_wp1/cwru_clean_transformer_s2_best.pt | final=results/ckpt_wp1/cwru_clean_transformer_s2_final.pt,best=c962f9886b34ec1e1a9a6de8a525f6cf87fa0cedc11ad9805d16b35631be9987 | final=f857449e2338ac0de74dfad42d182dd9c2c7a65b1243b77f59274fdc9a44daa8,not captured; script sha now 48bbdd7309295655; torch 2.13.0+cu130,,result json,
wp1_cwru_clean::lstm::s3,wp1_cwru_clean.json,analysis,CWRU,"16file v2, NA- (cwru_clean_v2)",42,lstm,3,paperB set_seed(seed) via TrainConfig; eval in fork_rng,100 epochs; best epoch 2 (strict val improvement) + final,2844,1.0,paperB evaluate_snr_sweep (awgn),10|8|6|4|2|0|-2|-4|-6|-8,paperB: mean per-seed conc>=90%,best=results/ckpt_wp1/cwru_clean_lstm_s3_best.pt | final=results/ckpt_wp1/cwru_clean_lstm_s3_final.pt,best=3055c8e55e6e194092623920ac687828d6c3e9704b5d60dba2805074b07ef9d4 | final=0f7a1fc5a1fa5596f2c5e27dafc5676dc6ccc4c65296edcd1583349a1fc6b461,not captured; script sha now 48bbdd7309295655; torch 2.13.0+cu130,,result json,
wp1_cwru_clean::transformer::s3,wp1_cwru_clean.json,analysis,CWRU,"16file v2, NA- (cwru_clean_v2)",42,transformer,3,paperB set_seed(seed) via TrainConfig; eval in fork_rng,100 epochs; best epoch 2 (strict val improvement) + final,2844,1.0,paperB evaluate_snr_sweep (awgn),10|8|6|4|2|0|-2|-4|-6|-8,paperB: mean per-seed conc>=90%,best=results/ckpt_wp1/cwru_clean_transformer_s3_best.pt | final=results/ckpt_wp1/cwru_clean_transformer_s3_final.pt,best=8662d73f228d36fc3e42c0559f18cadb42846a576b8f8099a46910dfbc8b6dde | final=250f2d5455392902d8eb5187aaa3b7f7c67ccb81f467ad8ee2686fea7442e5fb,not captured; script sha now 48bbdd7309295655; torch 2.13.0+cu130,,result json,
wp1_cwru_clean::lstm::s4,wp1_cwru_clean.json,analysis,CWRU,"16file v2, NA- (cwru_clean_v2)",42,lstm,4,paperB set_seed(seed) via TrainConfig; eval in fork_rng,100 epochs; best epoch 2 (strict val improvement) + final,2844,1.0,paperB evaluate_snr_sweep (awgn),10|8|6|4|2|0|-2|-4|-6|-8,paperB: mean per-seed conc>=90%,best=results/ckpt_wp1/cwru_clean_lstm_s4_best.pt | final=results/ckpt_wp1/cwru_clean_lstm_s4_final.pt,best=e70864676e1c74f79ff17f980efb56f585423d9f05244f1674ce6f384d60cac3 | final=09c5789c56d204fc4caff7ca8d9cf2bcd0a30db020d7e17d2adcb6482c015f39,not captured; script sha now 48bbdd7309295655; torch 2.13.0+cu130,,result json,
wp1_cwru_clean::transformer::s4,wp1_cwru_clean.json,analysis,CWRU,"16file v2, NA- (cwru_clean_v2)",42,transformer,4,paperB set_seed(seed) via TrainConfig; eval in fork_rng,100 epochs; best epoch 2 (strict val improvement) + final,2844,1.0,paperB evaluate_snr_sweep (awgn),10|8|6|4|2|0|-2|-4|-6|-8,paperB: mean per-seed conc>=90%,best=results/ckpt_wp1/cwru_clean_transformer_s4_best.pt | final=results/ckpt_wp1/cwru_clean_transformer_s4_final.pt,best=da26b4e4140db220d213f67091e953646532b3eb49a54b334901f2e0574287f9 | final=fc42ebf9bb9011305d7b2d59e48b585bc608a8e0e64e0184077934d5f652d4d3,not captured; script sha now 48bbdd7309295655; torch 2.13.0+cu130,,result json,
wp1_cwru_clean_M::vibrmamba::s0,wp1_cwru_clean_M.json,analysis,CWRU,"16file v2, NA- (cwru_clean_v2)",42,vibrmamba,0,paperB set_seed(seed) via TrainConfig; eval in fork_rng,100 epochs; best epoch 2 (strict val improvement) + final,2844,1.0,paperB evaluate_snr_sweep (awgn),10|8|6|4|2|0|-2|-4|-6|-8,paperB: mean per-seed conc>=90%,best=results/ckpt_wp1/cwru_clean_vibrmamba_s0_best.pt | final=results/ckpt_wp1/cwru_clean_vibrmamba_s0_final.pt,best=94990f94582db70fd3e18837b570bd4e71d98ae9f1cc661b92a6a0b4891aad30 | final=03568e2d7be01a9bfb08d08ae2f95c670ded2014dca77c19fcb23565e0983303,not captured; script sha now 48bbdd7309295655; torch 2.5.1+cu124,,result json,
wp1_cwru_clean_M::vibrmamba::s1,wp1_cwru_clean_M.json,analysis,CWRU,"16file v2, NA- (cwru_clean_v2)",42,vibrmamba,1,paperB set_seed(seed) via TrainConfig; eval in fork_rng,100 epochs; best epoch 2 (strict val improvement) + final,2844,1.0,paperB evaluate_snr_sweep (awgn),10|8|6|4|2|0|-2|-4|-6|-8,paperB: mean per-seed conc>=90%,best=results/ckpt_wp1/cwru_clean_vibrmamba_s1_best.pt | final=results/ckpt_wp1/cwru_clean_vibrmamba_s1_final.pt,best=5af0eba80c0f79beff4bc1aacc3254d6ceb31e2463f41521eecbf57dd3629762 | final=0a3c336aca7e786b43f1d29993bb6cf01a9d1279166f717f42cc77bc900317e1,not captured; script sha now 48bbdd7309295655; torch 2.5.1+cu124,,result json,
wp1_cwru_clean_M::vibrmamba::s2,wp1_cwru_clean_M.json,analysis,CWRU,"16file v2, NA- (cwru_clean_v2)",42,vibrmamba,2,paperB set_seed(seed) via TrainConfig; eval in fork_rng,100 epochs; best epoch 2 (strict val improvement) + final,2844,1.0,paperB evaluate_snr_sweep (awgn),10|8|6|4|2|0|-2|-4|-6|-8,paperB: mean per-seed conc>=90%,best=results/ckpt_wp1/cwru_clean_vibrmamba_s2_best.pt | final=results/ckpt_wp1/cwru_clean_vibrmamba_s2_final.pt,best=c6572e36a9b6d1ea11da74f1f72c85cf996489f363779d8f98101e2a3a816f6a | final=9ffed31e97ddd62a78e285ed63bfac0b4ab6a6ce9970249c300d6f2b47eff510,not captured; script sha now 48bbdd7309295655; torch 2.5.1+cu124,,result json,
wp1_cwru_clean_M::vibrmamba::s3,wp1_cwru_clean_M.json,analysis,CWRU,"16file v2, NA- (cwru_clean_v2)",42,vibrmamba,3,paperB set_seed(seed) via TrainConfig; eval in fork_rng,100 epochs; best epoch 2 (strict val improvement) + final,2844,1.0,paperB evaluate_snr_sweep (awgn),10|8|6|4|2|0|-2|-4|-6|-8,paperB: mean per-seed conc>=90%,best=results/ckpt_wp1/cwru_clean_vibrmamba_s3_best.pt | final=results/ckpt_wp1/cwru_clean_vibrmamba_s3_final.pt,best=c280c609790128c7a3ef755ba9e641d98090a2c57a3af7e483d4f8a8e26c23fe | final=3528673ddab62eb4101f0c888f846a2080078c0e592db845007ddac75d7f64fa,not captured; script sha now 48bbdd7309295655; torch 2.5.1+cu124,,result json,
wp1_cwru_clean_M::vibrmamba::s4,wp1_cwru_clean_M.json,analysis,CWRU,"16file v2, NA- (cwru_clean_v2)",42,vibrmamba,4,paperB set_seed(seed) via TrainConfig; eval in fork_rng,100 epochs; best epoch 2 (strict val improvement) + final,2844,1.0,paperB evaluate_snr_sweep (awgn),10|8|6|4|2|0|-2|-4|-6|-8,paperB: mean per-seed conc>=90%,best=results/ckpt_wp1/cwru_clean_vibrmamba_s4_best.pt | final=results/ckpt_wp1/cwru_clean_vibrmamba_s4_final.pt,best=0c3b6c4875989c265c43ae30b36796542097c99d931a4c875020eabd5ee9d34c | final=d158eef8235b2fde8394f834cc2311ff3f802405e256cfaaa8670d3b02df3af8,not captured; script sha now 48bbdd7309295655; torch 2.5.1+cu124,,result json,
wp1_cwru_m2::mamba2::s0,wp1_cwru_m2.json,analysis,CWRU,"16file v2, NA- (ablation_v3 mamba2_no_noise_train; unfused path)",42,mamba2,0,paperB set_seed(seed) via TrainConfig; eval in fork_rng,100 epochs; best epoch 1 (strict val improvement) + final,2844,1.0,paperB evaluate_snr_sweep (awgn),10|8|6|4|2|0|-2|-4|-6|-8,paperB: mean per-seed conc>=90%,best=results/ckpt_wp1/cwru_m2_mamba2_s0_best.pt | final=results/ckpt_wp1/cwru_m2_mamba2_s0_final.pt,best=68fc0b913b13d7085c74ec14bcb8277fe77f0014aa5ec4b8095ad94bab444831 | final=06ebf62eaa3db6b7dcee7b4fb4ff981965263746ab9cd8b681d2f95be52449a6,not captured; script sha now 48bbdd7309295655; torch 2.5.1+cu124,,result json,
wp1_cwru_m2::mamba2::s1,wp1_cwru_m2.json,analysis,CWRU,"16file v2, NA- (ablation_v3 mamba2_no_noise_train; unfused path)",42,mamba2,1,paperB set_seed(seed) via TrainConfig; eval in fork_rng,100 epochs; best epoch 1 (strict val improvement) + final,2844,1.0,paperB evaluate_snr_sweep (awgn),10|8|6|4|2|0|-2|-4|-6|-8,paperB: mean per-seed conc>=90%,best=results/ckpt_wp1/cwru_m2_mamba2_s1_best.pt | final=results/ckpt_wp1/cwru_m2_mamba2_s1_final.pt,best=6e55e67dfe8db8f8b41f99ce50632febd1b1f547f7b25d85a373dc8b8958c635 | final=3644b8713c13b301efe50c2cfa86004ea94cddc6500cb64b800884c16309ab78,not captured; script sha now 48bbdd7309295655; torch 2.5.1+cu124,,result json,
wp1_cwru_m2::mamba2::s2,wp1_cwru_m2.json,analysis,CWRU,"16file v2, NA- (ablation_v3 mamba2_no_noise_train; unfused path)",42,mamba2,2,paperB set_seed(seed) via TrainConfig; eval in fork_rng,100 epochs; best epoch 1 (strict val improvement) + final,2844,1.0,paperB evaluate_snr_sweep (awgn),10|8|6|4|2|0|-2|-4|-6|-8,paperB: mean per-seed conc>=90%,best=results/ckpt_wp1/cwru_m2_mamba2_s2_best.pt | final=results/ckpt_wp1/cwru_m2_mamba2_s2_final.pt,best=15ed52d0728f31a36a4628fdbc62316b4ef4f7fdf80fc8d7a869ce6861eaee88 | final=ea9534e8e4734a4d32f36eebf7881f6d3633eec31e7b846f31a1cb967fee0cbc,not captured; script sha now 48bbdd7309295655; torch 2.5.1+cu124,,result json,
wp1_cwru_m2::mamba2::s3,wp1_cwru_m2.json,analysis,CWRU,"16file v2, NA- (ablation_v3 mamba2_no_noise_train; unfused path)",42,mamba2,3,paperB set_seed(seed) via TrainConfig; eval in fork_rng,100 epochs; best epoch 1 (strict val improvement) + final,2844,1.0,paperB evaluate_snr_sweep (awgn),10|8|6|4|2|0|-2|-4|-6|-8,paperB: mean per-seed conc>=90%,best=results/ckpt_wp1/cwru_m2_mamba2_s3_best.pt | final=results/ckpt_wp1/cwru_m2_mamba2_s3_final.pt,best=7415d2acc0585c69c2a1bd8511cb223ddeb48ec689ffee57fd89abccd8ebfc36 | final=9f09f2633c2c636e58bef39a4cd87906de6013404e0a2eb8bf0a5f34f3dd7bc4,not captured; script sha now 48bbdd7309295655; torch 2.5.1+cu124,,result json,
wp1_cwru_m2::mamba2::s4,wp1_cwru_m2.json,analysis,CWRU,"16file v2, NA- (ablation_v3 mamba2_no_noise_train; unfused path)",42,mamba2,4,paperB set_seed(seed) via TrainConfig; eval in fork_rng,100 epochs; best epoch 1 (strict val improvement) + final,2844,1.0,paperB evaluate_snr_sweep (awgn),10|8|6|4|2|0|-2|-4|-6|-8,paperB: mean per-seed conc>=90%,best=results/ckpt_wp1/cwru_m2_mamba2_s4_best.pt | final=results/ckpt_wp1/cwru_m2_mamba2_s4_final.pt,best=78c9a68b6c33188e184538243c4393f9cf6b77f8c03d475b21b9f41c40711f62 | final=689c4c01615254d6341e9999b0ad0bab363c99082b69ab1b4e98a83ee2c064d3,not captured; script sha now 48bbdd7309295655; torch 2.5.1+cu124,,result json,
wp1_cwru_awgn::cnn1d::s0,wp1_cwru_awgn.json,analysis,CWRU,"16file v2, NA+ awgn (main_awgn_v2)",42,cnn1d,0,paperB set_seed(seed) via TrainConfig; eval in fork_rng,100 epochs; best epoch 2 (strict val improvement) + final,2844,1.0,paperB evaluate_snr_sweep (awgn); NA+ training awgn,10|8|6|4|2|0|-2|-4|-6|-8,paperB: mean per-seed conc>=90%,best=results/ckpt_wp1/cwru_awgn_cnn1d_s0_best.pt | final=results/ckpt_wp1/cwru_awgn_cnn1d_s0_final.pt,best=1dfd1f8dde7b20cb220b4998c9d23c6891072baea3ce66c4515eb16e2521d624 | final=9298d986efc16fc028658c1a776c41dba5025ae04b76d08e8332ffccfdb81050,not captured; script sha now 48bbdd7309295655; torch 2.13.0+cu130,,result json,
wp1_cwru_awgn::wdcnn::s0,wp1_cwru_awgn.json,analysis,CWRU,"16file v2, NA+ awgn (main_awgn_v2)",42,wdcnn,0,paperB set_seed(seed) via TrainConfig; eval in fork_rng,100 epochs; best epoch 2 (strict val improvement) + final,2844,1.0,paperB evaluate_snr_sweep (awgn); NA+ training awgn,10|8|6|4|2|0|-2|-4|-6|-8,paperB: mean per-seed conc>=90%,best=results/ckpt_wp1/cwru_awgn_wdcnn_s0_best.pt | final=results/ckpt_wp1/cwru_awgn_wdcnn_s0_final.pt,best=f98d2923cac39f7e81cebf876b53bb76b54772ff9190d5da8cf23f02bd285f55 | final=99e5582876a6dce69bc05613694dec8d101d8cfce80bb169d7ee0e3e8eef9efe,not captured; script sha now 48bbdd7309295655; torch 2.13.0+cu130,,result json,
wp1_cwru_awgn::drsn::s0,wp1_cwru_awgn.json,analysis,CWRU,"16file v2, NA+ awgn (main_awgn_v2)",42,drsn,0,paperB set_seed(seed) via TrainConfig; eval in fork_rng,100 epochs; best epoch 2 (strict val improvement) + final,2844,1.0,paperB evaluate_snr_sweep (awgn); NA+ training awgn,10|8|6|4|2|0|-2|-4|-6|-8,paperB: mean per-seed conc>=90%,best=results/ckpt_wp1/cwru_awgn_drsn_s0_best.pt | final=results/ckpt_wp1/cwru_awgn_drsn_s0_final.pt,best=2b0d6271a8d306c4ed388ec88fa4983a1666b085cad2bee18e310ae5e3cc7593 | final=365c9e828f42f092e6e048288eac5225b8c96e231e3c1891d882b1948ed4cdad,not captured; script sha now 48bbdd7309295655; torch 2.13.0+cu130,,result json,
wp1_cwru_awgn::lstm::s0,wp1_cwru_awgn.json,analysis,CWRU,"16file v2, NA+ awgn (main_awgn_v2)",42,lstm,0,paperB set_seed(seed) via TrainConfig; eval in fork_rng,100 epochs; best epoch 4 (strict val improvement) + final,2844,1.0,paperB evaluate_snr_sweep (awgn); NA+ training awgn,10|8|6|4|2|0|-2|-4|-6|-8,paperB: mean per-seed conc>=90%,best=results/ckpt_wp1/cwru_awgn_lstm_s0_best.pt | final=results/ckpt_wp1/cwru_awgn_lstm_s0_final.pt,best=7614e91ab996714a3301f1a03c4ebd50541296d4cba12b6ec6e3b0e9f13be5d5 | final=21d60bddd54f2016a15db117f4aac483b397c8be7001248d241bba77aec2add0,not captured; script sha now 48bbdd7309295655; torch 2.13.0+cu130,,result json,
wp1_cwru_awgn::transformer::s0,wp1_cwru_awgn.json,analysis,CWRU,"16file v2, NA+ awgn (main_awgn_v2)",42,transformer,0,paperB set_seed(seed) via TrainConfig; eval in fork_rng,100 epochs; best epoch 6 (strict val improvement) + final,2844,1.0,paperB evaluate_snr_sweep (awgn); NA+ training awgn,10|8|6|4|2|0|-2|-4|-6|-8,paperB: mean per-seed conc>=90%,best=results/ckpt_wp1/cwru_awgn_transformer_s0_best.pt | final=results/ckpt_wp1/cwru_awgn_transformer_s0_final.pt,best=5422f777ea99ba95481039c6034f852d62d6111f0f45a586ceab7777145855e0 | final=77226aef759e366e610a2ddf8556db341a0c22a907f5613205711f240c6fde05,not captured; script sha now 48bbdd7309295655; torch 2.13.0+cu130,,result json,
wp1_cwru_awgn::cnn1d::s1,wp1_cwru_awgn.json,analysis,CWRU,"16file v2, NA+ awgn (main_awgn_v2)",42,cnn1d,1,paperB set_seed(seed) via TrainConfig; eval in fork_rng,100 epochs; best epoch 2 (strict val improvement) + final,2844,1.0,paperB evaluate_snr_sweep (awgn); NA+ training awgn,10|8|6|4|2|0|-2|-4|-6|-8,paperB: mean per-seed conc>=90%,best=results/ckpt_wp1/cwru_awgn_cnn1d_s1_best.pt | final=results/ckpt_wp1/cwru_awgn_cnn1d_s1_final.pt,best=b478cdf221255ca8db8775ac91078523cdfeee6ee7b6ebe5374d74f142198e5b | final=dc84495e15193c2e7f48874dc7faca667446c2c00731df639152a8bc38a734cf,not captured; script sha now 48bbdd7309295655; torch 2.13.0+cu130,,result json,
wp1_cwru_awgn::wdcnn::s1,wp1_cwru_awgn.json,analysis,CWRU,"16file v2, NA+ awgn (main_awgn_v2)",42,wdcnn,1,paperB set_seed(seed) via TrainConfig; eval in fork_rng,100 epochs; best epoch 1 (strict val improvement) + final,2844,1.0,paperB evaluate_snr_sweep (awgn); NA+ training awgn,10|8|6|4|2|0|-2|-4|-6|-8,paperB: mean per-seed conc>=90%,best=results/ckpt_wp1/cwru_awgn_wdcnn_s1_best.pt | final=results/ckpt_wp1/cwru_awgn_wdcnn_s1_final.pt,best=12c211f05a56860d4c501e8ff51245a3ca34219378c9ea6be1d0de15102355df | final=33010b01942737947e47e862785f9ab1eb5f6507fdc335cde7facd64699ab784,not captured; script sha now 48bbdd7309295655; torch 2.13.0+cu130,,result json,
wp1_cwru_awgn::drsn::s1,wp1_cwru_awgn.json,analysis,CWRU,"16file v2, NA+ awgn (main_awgn_v2)",42,drsn,1,paperB set_seed(seed) via TrainConfig; eval in fork_rng,100 epochs; best epoch 3 (strict val improvement) + final,2844,1.0,paperB evaluate_snr_sweep (awgn); NA+ training awgn,10|8|6|4|2|0|-2|-4|-6|-8,paperB: mean per-seed conc>=90%,best=results/ckpt_wp1/cwru_awgn_drsn_s1_best.pt | final=results/ckpt_wp1/cwru_awgn_drsn_s1_final.pt,best=e600afc1442c649a69d043a68c6da8a0b39ac11c906d5b5f10a5cb3703df0ebf | final=14791b2ced62205226f2ac9294de18c1caa4324403ebdacfa96bdfbe7e883324,not captured; script sha now 48bbdd7309295655; torch 2.13.0+cu130,,result json,
wp1_cwru_awgn::lstm::s1,wp1_cwru_awgn.json,analysis,CWRU,"16file v2, NA+ awgn (main_awgn_v2)",42,lstm,1,paperB set_seed(seed) via TrainConfig; eval in fork_rng,100 epochs; best epoch 4 (strict val improvement) + final,2844,1.0,paperB evaluate_snr_sweep (awgn); NA+ training awgn,10|8|6|4|2|0|-2|-4|-6|-8,paperB: mean per-seed conc>=90%,best=results/ckpt_wp1/cwru_awgn_lstm_s1_best.pt | final=results/ckpt_wp1/cwru_awgn_lstm_s1_final.pt,best=2f911938272f2d2abe808ad83a3e3640a11af5bcf53bd14d5bd28886ffb5f7e6 | final=6f1184a524aaab319f87fd81cc5c99dfef19763029122265c419bfd5d436a184,not captured; script sha now 48bbdd7309295655; torch 2.13.0+cu130,,result json,
wp1_cwru_awgn::transformer::s1,wp1_cwru_awgn.json,analysis,CWRU,"16file v2, NA+ awgn (main_awgn_v2)",42,transformer,1,paperB set_seed(seed) via TrainConfig; eval in fork_rng,100 epochs; best epoch 6 (strict val improvement) + final,2844,1.0,paperB evaluate_snr_sweep (awgn); NA+ training awgn,10|8|6|4|2|0|-2|-4|-6|-8,paperB: mean per-seed conc>=90%,best=results/ckpt_wp1/cwru_awgn_transformer_s1_best.pt | final=results/ckpt_wp1/cwru_awgn_transformer_s1_final.pt,best=77c8a743e9f867bc199c75581693a9dc25f340ab8d5ae0b9d10c6b174705613d | final=8d22d04aee802ed50923f909746dae6ad5e68080943dffa8c23d01d524821bcf,not captured; script sha now 48bbdd7309295655; torch 2.13.0+cu130,,result json,
wp1_cwru_awgn::cnn1d::s2,wp1_cwru_awgn.json,analysis,CWRU,"16file v2, NA+ awgn (main_awgn_v2)",42,cnn1d,2,paperB set_seed(seed) via TrainConfig; eval in fork_rng,100 epochs; best epoch 2 (strict val improvement) + final,2844,1.0,paperB evaluate_snr_sweep (awgn); NA+ training awgn,10|8|6|4|2|0|-2|-4|-6|-8,paperB: mean per-seed conc>=90%,best=results/ckpt_wp1/cwru_awgn_cnn1d_s2_best.pt | final=results/ckpt_wp1/cwru_awgn_cnn1d_s2_final.pt,best=36c7ceeb13f28bd2266ddc7cd1955a2ece9458cc4db7ff95d0e12773a6c5633c | final=15e52a3c1df4a448ace69c3fe2a87fc9f7d853e0457e0fdcebe8ebab393f6fd7,not captured; script sha now 48bbdd7309295655; torch 2.13.0+cu130,,result json,
wp1_cwru_awgn::wdcnn::s2,wp1_cwru_awgn.json,analysis,CWRU,"16file v2, NA+ awgn (main_awgn_v2)",42,wdcnn,2,paperB set_seed(seed) via TrainConfig; eval in fork_rng,100 epochs; best epoch 1 (strict val improvement) + final,2844,1.0,paperB evaluate_snr_sweep (awgn); NA+ training awgn,10|8|6|4|2|0|-2|-4|-6|-8,paperB: mean per-seed conc>=90%,best=results/ckpt_wp1/cwru_awgn_wdcnn_s2_best.pt | final=results/ckpt_wp1/cwru_awgn_wdcnn_s2_final.pt,best=f182a80146ba4308f517089919b56047d15b78f35e2d1c52844aca92ce844410 | final=3daf72ff6d0f0e9a344ed3bd8924452b742f423597b27e8267e309452b205684,not captured; script sha now 48bbdd7309295655; torch 2.13.0+cu130,,result json,
wp1_cwru_awgn::drsn::s2,wp1_cwru_awgn.json,analysis,CWRU,"16file v2, NA+ awgn (main_awgn_v2)",42,drsn,2,paperB set_seed(seed) via TrainConfig; eval in fork_rng,100 epochs; best epoch 3 (strict val improvement) + final,2844,1.0,paperB evaluate_snr_sweep (awgn); NA+ training awgn,10|8|6|4|2|0|-2|-4|-6|-8,paperB: mean per-seed conc>=90%,best=results/ckpt_wp1/cwru_awgn_drsn_s2_best.pt | final=results/ckpt_wp1/cwru_awgn_drsn_s2_final.pt,best=a4c264032b241f6cf48856701e6c7bbd003c13ed381faf2fd8d2cef8e3664397 | final=43b0deef0ab4df631e69a2a68ff251f8c6121c5603d9e9644ab4aabf5b63f25a,not captured; script sha now 48bbdd7309295655; torch 2.13.0+cu130,,result json,
wp1_cwru_awgn::lstm::s2,wp1_cwru_awgn.json,analysis,CWRU,"16file v2, NA+ awgn (main_awgn_v2)",42,lstm,2,paperB set_seed(seed) via TrainConfig; eval in fork_rng,100 epochs; best epoch 3 (strict val improvement) + final,2844,1.0,paperB evaluate_snr_sweep (awgn); NA+ training awgn,10|8|6|4|2|0|-2|-4|-6|-8,paperB: mean per-seed conc>=90%,best=results/ckpt_wp1/cwru_awgn_lstm_s2_best.pt | final=results/ckpt_wp1/cwru_awgn_lstm_s2_final.pt,best=639a13ac44ff61f8863f3c2b741209697c0ad89649871afea5330a499badb20d | final=653cb5394ddcd30d701a2d429032fa7a9a012e02ff1bbdb652c7ce10cd8b15d5,not captured; script sha now 48bbdd7309295655; torch 2.13.0+cu130,,result json,
wp1_cwru_awgn::transformer::s2,wp1_cwru_awgn.json,analysis,CWRU,"16file v2, NA+ awgn (main_awgn_v2)",42,transformer,2,paperB set_seed(seed) via TrainConfig; eval in fork_rng,100 epochs; best epoch 5 (strict val improvement) + final,2844,1.0,paperB evaluate_snr_sweep (awgn); NA+ training awgn,10|8|6|4|2|0|-2|-4|-6|-8,paperB: mean per-seed conc>=90%,best=results/ckpt_wp1/cwru_awgn_transformer_s2_best.pt | final=results/ckpt_wp1/cwru_awgn_transformer_s2_final.pt,best=d9ad89189c1f02d146b5bed98eed2fb89f7f68c3c95f4dfbbbbd863944e0a931 | final=e3b614d7fd79722987abd7f27febb17bd41ee18de06a91792ae5d1a8ff86141f,not captured; script sha now 48bbdd7309295655; torch 2.13.0+cu130,,result json,
wp1_cwru_awgn::cnn1d::s3,wp1_cwru_awgn.json,analysis,CWRU,"16file v2, NA+ awgn (main_awgn_v2)",42,cnn1d,3,paperB set_seed(seed) via TrainConfig; eval in fork_rng,100 epochs; best epoch 2 (strict val improvement) + final,2844,1.0,paperB evaluate_snr_sweep (awgn); NA+ training awgn,10|8|6|4|2|0|-2|-4|-6|-8,paperB: mean per-seed conc>=90%,best=results/ckpt_wp1/cwru_awgn_cnn1d_s3_best.pt | final=results/ckpt_wp1/cwru_awgn_cnn1d_s3_final.pt,best=ce4543ced9ab29426cea67d3544eab489a9e67fa3e8aaf3db9001a9e5cf46f8b | final=3d1b7c16fcf02421b1b420387f8cb7d7ea30812394ad16bbd0e0eeba25830ea0,not captured; script sha now 48bbdd7309295655; torch 2.13.0+cu130,,result json,
wp1_cwru_awgn::wdcnn::s3,wp1_cwru_awgn.json,analysis,CWRU,"16file v2, NA+ awgn (main_awgn_v2)",42,wdcnn,3,paperB set_seed(seed) via TrainConfig; eval in fork_rng,100 epochs; best epoch 2 (strict val improvement) + final,2844,1.0,paperB evaluate_snr_sweep (awgn); NA+ training awgn,10|8|6|4|2|0|-2|-4|-6|-8,paperB: mean per-seed conc>=90%,best=results/ckpt_wp1/cwru_awgn_wdcnn_s3_best.pt | final=results/ckpt_wp1/cwru_awgn_wdcnn_s3_final.pt,best=a17e3145b6337fa473902db4aa1f58d0e11d4bc6c49cc68112deddb3391f8c93 | final=e0682b70df74e56caf3879a7888ca3748e66403147aa90b0de597a087ab431f7,not captured; script sha now 48bbdd7309295655; torch 2.13.0+cu130,,result json,
wp1_cwru_awgn::drsn::s3,wp1_cwru_awgn.json,analysis,CWRU,"16file v2, NA+ awgn (main_awgn_v2)",42,drsn,3,paperB set_seed(seed) via TrainConfig; eval in fork_rng,100 epochs; best epoch 2 (strict val improvement) + final,2844,1.0,paperB evaluate_snr_sweep (awgn); NA+ training awgn,10|8|6|4|2|0|-2|-4|-6|-8,paperB: mean per-seed conc>=90%,best=results/ckpt_wp1/cwru_awgn_drsn_s3_best.pt | final=results/ckpt_wp1/cwru_awgn_drsn_s3_final.pt,best=8519d46e0b56ff43d8055b35f9c5475b9d31da9b2fe52f3ad1cb8a4b58a6e74c | final=a1f0e94315d07145d7032ac38197906276591f6e9596167386df219bab05a8d2,not captured; script sha now 48bbdd7309295655; torch 2.13.0+cu130,,result json,
wp1_cwru_awgn::lstm::s3,wp1_cwru_awgn.json,analysis,CWRU,"16file v2, NA+ awgn (main_awgn_v2)",42,lstm,3,paperB set_seed(seed) via TrainConfig; eval in fork_rng,100 epochs; best epoch 5 (strict val improvement) + final,2844,1.0,paperB evaluate_snr_sweep (awgn); NA+ training awgn,10|8|6|4|2|0|-2|-4|-6|-8,paperB: mean per-seed conc>=90%,best=results/ckpt_wp1/cwru_awgn_lstm_s3_best.pt | final=results/ckpt_wp1/cwru_awgn_lstm_s3_final.pt,best=fad5ba4a711462d7977f7130c731c11331ce205a309e992c3e3410187dbe7f83 | final=ac0628b8cf814cf1b1731b02e1086515da986b470a9f9aacaaa4f917b513d7e8,not captured; script sha now 48bbdd7309295655; torch 2.13.0+cu130,,result json,
wp1_cwru_awgn::transformer::s3,wp1_cwru_awgn.json,analysis,CWRU,"16file v2, NA+ awgn (main_awgn_v2)",42,transformer,3,paperB set_seed(seed) via TrainConfig; eval in fork_rng,100 epochs; best epoch 9 (strict val improvement) + final,2844,1.0,paperB evaluate_snr_sweep (awgn); NA+ training awgn,10|8|6|4|2|0|-2|-4|-6|-8,paperB: mean per-seed conc>=90%,best=results/ckpt_wp1/cwru_awgn_transformer_s3_best.pt | final=results/ckpt_wp1/cwru_awgn_transformer_s3_final.pt,best=c196d3dcde7aa651f035fa5dfee7da8a51482222bff6c3331694c5657c5e0869 | final=dfde8931acb49036f46e228eec9966c26471c0f4b5d36abce44a73928d8a72e6,not captured; script sha now 48bbdd7309295655; torch 2.13.0+cu130,,result json,
wp1_cwru_awgn::cnn1d::s4,wp1_cwru_awgn.json,analysis,CWRU,"16file v2, NA+ awgn (main_awgn_v2)",42,cnn1d,4,paperB set_seed(seed) via TrainConfig; eval in fork_rng,100 epochs; best epoch 2 (strict val improvement) + final,2844,1.0,paperB evaluate_snr_sweep (awgn); NA+ training awgn,10|8|6|4|2|0|-2|-4|-6|-8,paperB: mean per-seed conc>=90%,best=results/ckpt_wp1/cwru_awgn_cnn1d_s4_best.pt | final=results/ckpt_wp1/cwru_awgn_cnn1d_s4_final.pt,best=0b536b9c65cf1967882abd3158dbd6272064f7a7c6e5aa0859906ab81c9a2452 | final=6b4c85a2a6293ac6fbe59d0c43703262dc6e54b73be98ba2de9febc01d67ef89,not captured; script sha now 48bbdd7309295655; torch 2.13.0+cu130,,result json,
wp1_cwru_awgn::wdcnn::s4,wp1_cwru_awgn.json,analysis,CWRU,"16file v2, NA+ awgn (main_awgn_v2)",42,wdcnn,4,paperB set_seed(seed) via TrainConfig; eval in fork_rng,100 epochs; best epoch 1 (strict val improvement) + final,2844,1.0,paperB evaluate_snr_sweep (awgn); NA+ training awgn,10|8|6|4|2|0|-2|-4|-6|-8,paperB: mean per-seed conc>=90%,best=results/ckpt_wp1/cwru_awgn_wdcnn_s4_best.pt | final=results/ckpt_wp1/cwru_awgn_wdcnn_s4_final.pt,best=c0d14facd2b05266c5182d0aa66355ae634ec841937c921bd900630595a48ddc | final=28c17f4c63df8dd834a314839d725ef7d9b0e9e60a340fa45068ddf9f7eefd7a,not captured; script sha now 48bbdd7309295655; torch 2.13.0+cu130,,result json,
wp1_cwru_awgn::drsn::s4,wp1_cwru_awgn.json,analysis,CWRU,"16file v2, NA+ awgn (main_awgn_v2)",42,drsn,4,paperB set_seed(seed) via TrainConfig; eval in fork_rng,100 epochs; best epoch 3 (strict val improvement) + final,2844,1.0,paperB evaluate_snr_sweep (awgn); NA+ training awgn,10|8|6|4|2|0|-2|-4|-6|-8,paperB: mean per-seed conc>=90%,best=results/ckpt_wp1/cwru_awgn_drsn_s4_best.pt | final=results/ckpt_wp1/cwru_awgn_drsn_s4_final.pt,best=ddbe35afee063ed04e22544205b5567f724a615b0af9bb97e3f7f63b07103647 | final=45a13ab8050dad1f0bf417d7430c63c8a8d1ea39686de495024c11e8dc67cf88,not captured; script sha now 48bbdd7309295655; torch 2.13.0+cu130,,result json,
wp1_cwru_awgn::lstm::s4,wp1_cwru_awgn.json,analysis,CWRU,"16file v2, NA+ awgn (main_awgn_v2)",42,lstm,4,paperB set_seed(seed) via TrainConfig; eval in fork_rng,100 epochs; best epoch 5 (strict val improvement) + final,2844,1.0,paperB evaluate_snr_sweep (awgn); NA+ training awgn,10|8|6|4|2|0|-2|-4|-6|-8,paperB: mean per-seed conc>=90%,best=results/ckpt_wp1/cwru_awgn_lstm_s4_best.pt | final=results/ckpt_wp1/cwru_awgn_lstm_s4_final.pt,best=30d052a196c4a170217bcf4ce71f3edb1d8507297f6ddaa18114788fada86d4e | final=d63b1154f85a4092cbab4fdd5d9dc26d1a1bbaf69fc8049b64dacca45ea6ac25,not captured; script sha now 48bbdd7309295655; torch 2.13.0+cu130,,result json,
wp1_cwru_awgn::transformer::s4,wp1_cwru_awgn.json,analysis,CWRU,"16file v2, NA+ awgn (main_awgn_v2)",42,transformer,4,paperB set_seed(seed) via TrainConfig; eval in fork_rng,100 epochs; best epoch 6 (strict val improvement) + final,2844,1.0,paperB evaluate_snr_sweep (awgn); NA+ training awgn,10|8|6|4|2|0|-2|-4|-6|-8,paperB: mean per-seed conc>=90%,best=results/ckpt_wp1/cwru_awgn_transformer_s4_best.pt | final=results/ckpt_wp1/cwru_awgn_transformer_s4_final.pt,best=5c28ad5df6b4b8f2e48a119ab912d9665d631e7767fa343f043314a86ead2702 | final=d8ea4a07f3b840b6ab10486226ca61362d947dde8757820ce1a47c37cc586530,not captured; script sha now 48bbdd7309295655; torch 2.13.0+cu130,,result json,
wp1_cwru_awgn_M::vibrmamba::s0,wp1_cwru_awgn_M.json,analysis,CWRU,"16file v2, NA+ awgn (main_awgn_v2)",42,vibrmamba,0,paperB set_seed(seed) via TrainConfig; eval in fork_rng,100 epochs; best epoch 3 (strict val improvement) + final,2844,1.0,paperB evaluate_snr_sweep (awgn); NA+ training awgn,10|8|6|4|2|0|-2|-4|-6|-8,paperB: mean per-seed conc>=90%,best=results/ckpt_wp1/cwru_awgn_vibrmamba_s0_best.pt | final=results/ckpt_wp1/cwru_awgn_vibrmamba_s0_final.pt,best=9a8771f47cf37e0d2b4fcb62ffa017a45fd2f11e60cdf930c9be08a21eb57da0 | final=866d2ac2ac9a1497fbbe420c53b820b40a95848711a65d4c0c6a202672ca72a4,not captured; script sha now 48bbdd7309295655; torch 2.5.1+cu124,,result json,
wp1_cwru_awgn_M::mamba2::s0,wp1_cwru_awgn_M.json,analysis,CWRU,"16file v2, NA+ awgn (main_awgn_v2); unfused",42,mamba2,0,paperB set_seed(seed) via TrainConfig; eval in fork_rng,100 epochs; best epoch 5 (strict val improvement) + final,2844,1.0,paperB evaluate_snr_sweep (awgn); NA+ training awgn,10|8|6|4|2|0|-2|-4|-6|-8,paperB: mean per-seed conc>=90%,best=results/ckpt_wp1/cwru_awgn_mamba2_s0_best.pt | final=results/ckpt_wp1/cwru_awgn_mamba2_s0_final.pt,best=f1965d018b2283a246b0477e4630c4e69832d01c7383d7dbe46bb604473adcef | final=35e1eccfb6c1647457d1eb172ad577e9b074882fb1e4f62645ff23c35bc87b79,not captured; script sha now 48bbdd7309295655; torch 2.5.1+cu124,,result json,
wp1_cwru_awgn_M::vibrmamba::s1,wp1_cwru_awgn_M.json,analysis,CWRU,"16file v2, NA+ awgn (main_awgn_v2)",42,vibrmamba,1,paperB set_seed(seed) via TrainConfig; eval in fork_rng,100 epochs; best epoch 3 (strict val improvement) + final,2844,1.0,paperB evaluate_snr_sweep (awgn); NA+ training awgn,10|8|6|4|2|0|-2|-4|-6|-8,paperB: mean per-seed conc>=90%,best=results/ckpt_wp1/cwru_awgn_vibrmamba_s1_best.pt | final=results/ckpt_wp1/cwru_awgn_vibrmamba_s1_final.pt,best=381ef493368b28c2c7e35899fc8446e4a8631a1b578b08c1a9f5f92c51e05abd | final=92f30d6f2327f0b1a87b855ad93d5902a61d47b2ae197feb4ab71a1135931afb,not captured; script sha now 48bbdd7309295655; torch 2.5.1+cu124,,result json,
wp1_cwru_awgn_M::mamba2::s1,wp1_cwru_awgn_M.json,analysis,CWRU,"16file v2, NA+ awgn (main_awgn_v2); unfused",42,mamba2,1,paperB set_seed(seed) via TrainConfig; eval in fork_rng,100 epochs; best epoch 4 (strict val improvement) + final,2844,1.0,paperB evaluate_snr_sweep (awgn); NA+ training awgn,10|8|6|4|2|0|-2|-4|-6|-8,paperB: mean per-seed conc>=90%,best=results/ckpt_wp1/cwru_awgn_mamba2_s1_best.pt | final=results/ckpt_wp1/cwru_awgn_mamba2_s1_final.pt,best=176f563829f68d5248632873f9526b417ef2c1b74d4fecc23e999058a03296e9 | final=f0670fd352dc4c33751c27d069790c7c0c46640c7603812f895e623751238fe9,not captured; script sha now 48bbdd7309295655; torch 2.5.1+cu124,,result json,
wp1_cwru_awgn_M::vibrmamba::s2,wp1_cwru_awgn_M.json,analysis,CWRU,"16file v2, NA+ awgn (main_awgn_v2)",42,vibrmamba,2,paperB set_seed(seed) via TrainConfig; eval in fork_rng,100 epochs; best epoch 4 (strict val improvement) + final,2844,1.0,paperB evaluate_snr_sweep (awgn); NA+ training awgn,10|8|6|4|2|0|-2|-4|-6|-8,paperB: mean per-seed conc>=90%,best=results/ckpt_wp1/cwru_awgn_vibrmamba_s2_best.pt | final=results/ckpt_wp1/cwru_awgn_vibrmamba_s2_final.pt,best=f306b31ea711393ca157d8ba843dc1050e01d3ab3402c377f4ec36b98fdf3fb6 | final=3ead43b170966303694be31e8890138196967b17cbd20f83e8a30d8acf1ea963,not captured; script sha now 48bbdd7309295655; torch 2.5.1+cu124,,result json,
wp1_cwru_awgn_M::mamba2::s2,wp1_cwru_awgn_M.json,analysis,CWRU,"16file v2, NA+ awgn (main_awgn_v2); unfused",42,mamba2,2,paperB set_seed(seed) via TrainConfig; eval in fork_rng,100 epochs; best epoch 5 (strict val improvement) + final,2844,1.0,paperB evaluate_snr_sweep (awgn); NA+ training awgn,10|8|6|4|2|0|-2|-4|-6|-8,paperB: mean per-seed conc>=90%,best=results/ckpt_wp1/cwru_awgn_mamba2_s2_best.pt | final=results/ckpt_wp1/cwru_awgn_mamba2_s2_final.pt,best=a2b9daf8c4b2faf4c7b02c8a182e22cf03407af2f2cf1c6a174f441b357531e1 | final=7cca164ba7fe4d0479155b8f9d13b958907bfed043cec60792f18465b51a9db1,not captured; script sha now 48bbdd7309295655; torch 2.5.1+cu124,,result json,
wp1_cwru_awgn_M::vibrmamba::s3,wp1_cwru_awgn_M.json,analysis,CWRU,"16file v2, NA+ awgn (main_awgn_v2)",42,vibrmamba,3,paperB set_seed(seed) via TrainConfig; eval in fork_rng,100 epochs; best epoch 3 (strict val improvement) + final,2844,1.0,paperB evaluate_snr_sweep (awgn); NA+ training awgn,10|8|6|4|2|0|-2|-4|-6|-8,paperB: mean per-seed conc>=90%,best=results/ckpt_wp1/cwru_awgn_vibrmamba_s3_best.pt | final=results/ckpt_wp1/cwru_awgn_vibrmamba_s3_final.pt,best=9bd86cd2231a0c5c9b210e4cf935e2a8f37d43ecf82a0375253b0ef5f5bcbc9e | final=07db03349ad90b8253ffb5a6d8700e1ccdea57ac2b08568a032509827c9dd17d,not captured; script sha now 48bbdd7309295655; torch 2.5.1+cu124,,result json,
wp1_cwru_awgn_M::mamba2::s3,wp1_cwru_awgn_M.json,analysis,CWRU,"16file v2, NA+ awgn (main_awgn_v2); unfused",42,mamba2,3,paperB set_seed(seed) via TrainConfig; eval in fork_rng,100 epochs; best epoch 11 (strict val improvement) + final,2844,1.0,paperB evaluate_snr_sweep (awgn); NA+ training awgn,10|8|6|4|2|0|-2|-4|-6|-8,paperB: mean per-seed conc>=90%,best=results/ckpt_wp1/cwru_awgn_mamba2_s3_best.pt | final=results/ckpt_wp1/cwru_awgn_mamba2_s3_final.pt,best=46f55e60fe324258fa6150e29f2883b530d202542040bd40166b217d03c03525 | final=608b986d62d21e03c9b2ce865c327c292987939eb813e3ea35c682312428f6f7,not captured; script sha now 48bbdd7309295655; torch 2.5.1+cu124,,result json,
wp1_cwru_awgn_M::vibrmamba::s4,wp1_cwru_awgn_M.json,analysis,CWRU,"16file v2, NA+ awgn (main_awgn_v2)",42,vibrmamba,4,paperB set_seed(seed) via TrainConfig; eval in fork_rng,100 epochs; best epoch 17 (strict val improvement) + final,2844,1.0,paperB evaluate_snr_sweep (awgn); NA+ training awgn,10|8|6|4|2|0|-2|-4|-6|-8,paperB: mean per-seed conc>=90%,best=results/ckpt_wp1/cwru_awgn_vibrmamba_s4_best.pt | final=results/ckpt_wp1/cwru_awgn_vibrmamba_s4_final.pt,best=1023b5b7b153f06067d43d7ce5bba0c8179490c2b1001ddbc78daecc6f420e5d | final=6f4f0186e991087b983d7087a2ed7acb212e2a8bd8d67892dd0c554ba546c4df,not captured; script sha now 48bbdd7309295655; torch 2.5.1+cu124,,result json,
wp1_cwru_awgn_M::mamba2::s4,wp1_cwru_awgn_M.json,analysis,CWRU,"16file v2, NA+ awgn (main_awgn_v2); unfused",42,mamba2,4,paperB set_seed(seed) via TrainConfig; eval in fork_rng,100 epochs; best epoch 4 (strict val improvement) + final,2844,1.0,paperB evaluate_snr_sweep (awgn); NA+ training awgn,10|8|6|4|2|0|-2|-4|-6|-8,paperB: mean per-seed conc>=90%,best=results/ckpt_wp1/cwru_awgn_mamba2_s4_best.pt | final=results/ckpt_wp1/cwru_awgn_mamba2_s4_final.pt,best=6c76bc43cbb1c0bbba9f8dd9b5ddf2c40671dd598d405dc24f9b8d3c9f3627cc | final=6b82512d050e86733774588753a7d4c11ae4209bf9c5f446bc863a2da3e8b879,not captured; script sha now 48bbdd7309295655; torch 2.5.1+cu124,,result json,
wp1_jnu::cnn1d::s0,wp1_jnu.json,analysis,JNU,"jnu_modeA_v2, rpm=600 (behavioral only)",time-split,cnn1d,0,paperB set_seed(seed) via TrainConfig; eval in fork_rng,100 epochs; best epoch 23 (strict val improvement) + final,3513,1.0,paperB evaluate_snr_sweep (awgn),10|8|6|4|2|0|-2|-4|-6|-8,paperB: mean per-seed conc>=90%,best=results/ckpt_wp1/jnu_cnn1d_s0_rpm600_best.pt | final=results/ckpt_wp1/jnu_cnn1d_s0_rpm600_final.pt,best=b116bab824902269ffce0cbdca0d017fe6d991f5f92ce333bc70ff39fba034f6 | final=a9106384f0b679ea95bacd40b872893ddcda985bd7936b0398f7e4711ac02496,not captured; script sha now 48bbdd7309295655; torch 2.13.0+cu130,,result json,
wp1_jnu::wdcnn::s0,wp1_jnu.json,analysis,JNU,"jnu_modeA_v2, rpm=600 (behavioral only)",time-split,wdcnn,0,paperB set_seed(seed) via TrainConfig; eval in fork_rng,100 epochs; best epoch 54 (strict val improvement) + final,3513,1.0,paperB evaluate_snr_sweep (awgn),10|8|6|4|2|0|-2|-4|-6|-8,paperB: mean per-seed conc>=90%,best=results/ckpt_wp1/jnu_wdcnn_s0_rpm600_best.pt | final=results/ckpt_wp1/jnu_wdcnn_s0_rpm600_final.pt,best=4f6a7464e280d66dc226c75243c6a875da4ad2a4b1391babd6ce08357d3278f8 | final=7bdcb23c5f18ccc559f6d5f27bf07325f13fd7f2075279451c8d82d045dc6ab9,not captured; script sha now 48bbdd7309295655; torch 2.13.0+cu130,,result json,wp1_jnu_rpmid_600::wdcnn::s0
wp1_jnu::drsn::s0,wp1_jnu.json,analysis,JNU,"jnu_modeA_v2, rpm=600 (behavioral only)",time-split,drsn,0,paperB set_seed(seed) via TrainConfig; eval in fork_rng,100 epochs; best epoch 88 (strict val improvement) + final,3513,0.9974293059125964,paperB evaluate_snr_sweep (awgn),10|8|6|4|2|0|-2|-4|-6|-8,paperB: mean per-seed conc>=90%,best=results/ckpt_wp1/jnu_drsn_s0_rpm600_best.pt | final=results/ckpt_wp1/jnu_drsn_s0_rpm600_final.pt,best=329416eeb5c3ebf8c3a9bcd3e6031267e004ec4a951bf1d657929c00a9f14b25 | final=511c40018d4721c71916b47b45e30111764a47755ac95c3bc6d19ab1f895cd29,not captured; script sha now 48bbdd7309295655; torch 2.13.0+cu130,,result json,
wp1_jnu::lstm::s0,wp1_jnu.json,analysis,JNU,"jnu_modeA_v2, rpm=600 (behavioral only)",time-split,lstm,0,paperB set_seed(seed) via TrainConfig; eval in fork_rng,100 epochs; best epoch 56 (strict val improvement) + final,3513,0.9914310197086547,paperB evaluate_snr_sweep (awgn),10|8|6|4|2|0|-2|-4|-6|-8,paperB: mean per-seed conc>=90%,best=results/ckpt_wp1/jnu_lstm_s0_rpm600_best.pt | final=results/ckpt_wp1/jnu_lstm_s0_rpm600_final.pt,best=752b156be431df8df99ddc94ba620bdaaf8eb1a097b6633b27043860e1fa9372 | final=93fc7c1c3e73a339253fe764733c46795e7e6aaa33be28710c99c6f9021dbccf,not captured; script sha now 48bbdd7309295655; torch 2.13.0+cu130,,result json,
wp1_jnu::transformer::s0,wp1_jnu.json,analysis,JNU,"jnu_modeA_v2, rpm=600 (behavioral only)",time-split,transformer,0,paperB set_seed(seed) via TrainConfig; eval in fork_rng,100 epochs; best epoch 88 (strict val improvement) + final,3513,0.9657240788346186,paperB evaluate_snr_sweep (awgn),10|8|6|4|2|0|-2|-4|-6|-8,paperB: mean per-seed conc>=90%,best=results/ckpt_wp1/jnu_transformer_s0_rpm600_best.pt | final=results/ckpt_wp1/jnu_transformer_s0_rpm600_final.pt,best=22567d9d7ae4024f7b1c23d76c73d5e05f17431ee69d23c57fe89b4df6e86700 | final=be7ff44cfcb183df600d7ae812d28ec24e29b7658ad005eb31374ac9eb25087e,not captured; script sha now 48bbdd7309295655; torch 2.13.0+cu130,,result json,
wp1_jnu::cnn1d::s1,wp1_jnu.json,analysis,JNU,"jnu_modeA_v2, rpm=600 (behavioral only)",time-split,cnn1d,1,paperB set_seed(seed) via TrainConfig; eval in fork_rng,100 epochs; best epoch 32 (strict val improvement) + final,3513,1.0,paperB evaluate_snr_sweep (awgn),10|8|6|4|2|0|-2|-4|-6|-8,paperB: mean per-seed conc>=90%,best=results/ckpt_wp1/jnu_cnn1d_s1_rpm600_best.pt | final=results/ckpt_wp1/jnu_cnn1d_s1_rpm600_final.pt,best=04be94d35519cf04b68d72ad9b10f67e7f3d4b10b7bf71d6f2794e277003356a | final=24a52f49bd2f7e443e9cf0f8744989b297244129559dfddaa85a6dee526b390e,not captured; script sha now 48bbdd7309295655; torch 2.13.0+cu130,,result json,
wp1_jnu::wdcnn::s1,wp1_jnu.json,analysis,JNU,"jnu_modeA_v2, rpm=600 (behavioral only)",time-split,wdcnn,1,paperB set_seed(seed) via TrainConfig; eval in fork_rng,100 epochs; best epoch 23 (strict val improvement) + final,3513,1.0,paperB evaluate_snr_sweep (awgn),10|8|6|4|2|0|-2|-4|-6|-8,paperB: mean per-seed conc>=90%,best=results/ckpt_wp1/jnu_wdcnn_s1_rpm600_best.pt | final=results/ckpt_wp1/jnu_wdcnn_s1_rpm600_final.pt,best=4a21b1771c9e8dca2c181f10c43e9f71758881b30b370f31806f0b0e778e6348 | final=54392bd355f17142a0a6b39df4cb5279a086f2d63c590a29706afa7ef989623c,not captured; script sha now 48bbdd7309295655; torch 2.13.0+cu130,,result json,
wp1_jnu::drsn::s1,wp1_jnu.json,analysis,JNU,"jnu_modeA_v2, rpm=600 (behavioral only)",time-split,drsn,1,paperB set_seed(seed) via TrainConfig; eval in fork_rng,100 epochs; best epoch 81 (strict val improvement) + final,3513,0.9957155098543273,paperB evaluate_snr_sweep (awgn),10|8|6|4|2|0|-2|-4|-6|-8,paperB: mean per-seed conc>=90%,best=results/ckpt_wp1/jnu_drsn_s1_rpm600_best.pt | final=results/ckpt_wp1/jnu_drsn_s1_rpm600_final.pt,best=f2d9ca19ee74193a9d3e4dcb209ca7a44bfe318cce2a4bcccdfc8058aebd2f7e | final=0a72261f6042658b72a6cce22bc162631b6179c6a93e3fab86fde01d9a50d8f5,not captured; script sha now 48bbdd7309295655; torch 2.13.0+cu130,,result json,
wp1_jnu::lstm::s1,wp1_jnu.json,analysis,JNU,"jnu_modeA_v2, rpm=600 (behavioral only)",time-split,lstm,1,paperB set_seed(seed) via TrainConfig; eval in fork_rng,100 epochs; best epoch 50 (strict val improvement) + final,3513,0.9880034275921166,paperB evaluate_snr_sweep (awgn),10|8|6|4|2|0|-2|-4|-6|-8,paperB: mean per-seed conc>=90%,best=results/ckpt_wp1/jnu_lstm_s1_rpm600_best.pt | final=results/ckpt_wp1/jnu_lstm_s1_rpm600_final.pt,best=7d6d152a2b370b4521161d1eb00e3d86ba28e176824c5d9bdcd69173b61b1aef | final=b52eccc7c7b47c666e6120f57859883ae7ebddc31056ad417829548a4d5950f6,not captured; script sha now 48bbdd7309295655; torch 2.13.0+cu130,,result json,
wp1_jnu::transformer::s1,wp1_jnu.json,analysis,JNU,"jnu_modeA_v2, rpm=600 (behavioral only)",time-split,transformer,1,paperB set_seed(seed) via TrainConfig; eval in fork_rng,100 epochs; best epoch 70 (strict val improvement) + final,3513,0.9691516709511568,paperB evaluate_snr_sweep (awgn),10|8|6|4|2|0|-2|-4|-6|-8,paperB: mean per-seed conc>=90%,best=results/ckpt_wp1/jnu_transformer_s1_rpm600_best.pt | final=results/ckpt_wp1/jnu_transformer_s1_rpm600_final.pt,best=3d405af0373922e5547577d584e39fb95ace75a5f0f5a2c1ba4976b9b1e80538 | final=2944307619ad12ee2ed40a05b59a3103b544e4a96372da6e97f907cb0ae594bd,not captured; script sha now 48bbdd7309295655; torch 2.13.0+cu130,,result json,
wp1_jnu::cnn1d::s2,wp1_jnu.json,analysis,JNU,"jnu_modeA_v2, rpm=600 (behavioral only)",time-split,cnn1d,2,paperB set_seed(seed) via TrainConfig; eval in fork_rng,100 epochs; best epoch 50 (strict val improvement) + final,3513,1.0,paperB evaluate_snr_sweep (awgn),10|8|6|4|2|0|-2|-4|-6|-8,paperB: mean per-seed conc>=90%,best=results/ckpt_wp1/jnu_cnn1d_s2_rpm600_best.pt | final=results/ckpt_wp1/jnu_cnn1d_s2_rpm600_final.pt,best=dee29185e8db90b79a478b663cd6527adee1394bb774c03e20f209b6fad74065 | final=5dc1ada0af42605ef2a98654a598cc7be61991509adf33b6fbdd1451dad812e7,not captured; script sha now 48bbdd7309295655; torch 2.13.0+cu130,,result json,
wp1_jnu::wdcnn::s2,wp1_jnu.json,analysis,JNU,"jnu_modeA_v2, rpm=600 (behavioral only)",time-split,wdcnn,2,paperB set_seed(seed) via TrainConfig; eval in fork_rng,100 epochs; best epoch 11 (strict val improvement) + final,3513,1.0,paperB evaluate_snr_sweep (awgn),10|8|6|4|2|0|-2|-4|-6|-8,paperB: mean per-seed conc>=90%,best=results/ckpt_wp1/jnu_wdcnn_s2_rpm600_best.pt | final=results/ckpt_wp1/jnu_wdcnn_s2_rpm600_final.pt,best=486067148a4efb5519444ecd1319abc74320a75272de3322512b14e0cd4d72c2 | final=399ac8f337297aba0bc243c91bb7039c1e6a619bbb7b63cd251eaf1b1830be7c,not captured; script sha now 48bbdd7309295655; torch 2.13.0+cu130,,result json,
wp1_jnu::drsn::s2,wp1_jnu.json,analysis,JNU,"jnu_modeA_v2, rpm=600 (behavioral only)",time-split,drsn,2,paperB set_seed(seed) via TrainConfig; eval in fork_rng,100 epochs; best epoch 70 (strict val improvement) + final,3513,0.998286203941731,paperB evaluate_snr_sweep (awgn),10|8|6|4|2|0|-2|-4|-6|-8,paperB: mean per-seed conc>=90%,best=results/ckpt_wp1/jnu_drsn_s2_rpm600_best.pt | final=results/ckpt_wp1/jnu_drsn_s2_rpm600_final.pt,best=32b7b7c4bf94781ebd8a66cbd00e05aa9bb02dfdb7bf52e25f950fbc8ec2bd90 | final=87d115eba7b32a2728ebb17fd17df55dff1f9bf93f9cc08969106d34e9ab58da,not captured; script sha now 48bbdd7309295655; torch 2.13.0+cu130,,result json,
wp1_jnu::lstm::s2,wp1_jnu.json,analysis,JNU,"jnu_modeA_v2, rpm=600 (behavioral only)",time-split,lstm,2,paperB set_seed(seed) via TrainConfig; eval in fork_rng,100 epochs; best epoch 52 (strict val improvement) + final,3513,0.987146529562982,paperB evaluate_snr_sweep (awgn),10|8|6|4|2|0|-2|-4|-6|-8,paperB: mean per-seed conc>=90%,best=results/ckpt_wp1/jnu_lstm_s2_rpm600_best.pt | final=results/ckpt_wp1/jnu_lstm_s2_rpm600_final.pt,best=4b1951bf84417e356646d6ab421990e774fc00d2e321781e4ff42b5a0fa90f3d | final=f0a1be8acb35fe74e977c93988afcc4c1f1168486d80d37fd0966ae614b49519,not captured; script sha now 48bbdd7309295655; torch 2.13.0+cu130,,result json,
wp1_jnu::transformer::s2,wp1_jnu.json,analysis,JNU,"jnu_modeA_v2, rpm=600 (behavioral only)",time-split,transformer,2,paperB set_seed(seed) via TrainConfig; eval in fork_rng,100 epochs; best epoch 53 (strict val improvement) + final,3513,0.9674378748928878,paperB evaluate_snr_sweep (awgn),10|8|6|4|2|0|-2|-4|-6|-8,paperB: mean per-seed conc>=90%,best=results/ckpt_wp1/jnu_transformer_s2_rpm600_best.pt | final=results/ckpt_wp1/jnu_transformer_s2_rpm600_final.pt,best=9831f848993236c6ce7b7af30fba795d5c73794033ae0955d2596e23255d247b | final=a713bd0a60473ffbb4afe3b9482a1d42bb8db9cdbb9741c31faeb9ce7b2b6d27,not captured; script sha now 48bbdd7309295655; torch 2.13.0+cu130,,result json,
wp1_jnu::cnn1d::s3,wp1_jnu.json,analysis,JNU,"jnu_modeA_v2, rpm=600 (behavioral only)",time-split,cnn1d,3,paperB set_seed(seed) via TrainConfig; eval in fork_rng,100 epochs; best epoch 73 (strict val improvement) + final,3513,1.0,paperB evaluate_snr_sweep (awgn),10|8|6|4|2|0|-2|-4|-6|-8,paperB: mean per-seed conc>=90%,best=results/ckpt_wp1/jnu_cnn1d_s3_rpm600_best.pt | final=results/ckpt_wp1/jnu_cnn1d_s3_rpm600_final.pt,best=7f641ce341554d94ae44bb9e133e7300c967a71befebf5b3825b6cccc6bccdc2 | final=96a63477d606f6d4f00c7918edf63fc78bbe6bfd21659107c5a76c7e3acbe1d4,not captured; script sha now 48bbdd7309295655; torch 2.13.0+cu130,,result json,
wp1_jnu::wdcnn::s3,wp1_jnu.json,analysis,JNU,"jnu_modeA_v2, rpm=600 (behavioral only)",time-split,wdcnn,3,paperB set_seed(seed) via TrainConfig; eval in fork_rng,100 epochs; best epoch 16 (strict val improvement) + final,3513,1.0,paperB evaluate_snr_sweep (awgn),10|8|6|4|2|0|-2|-4|-6|-8,paperB: mean per-seed conc>=90%,best=results/ckpt_wp1/jnu_wdcnn_s3_rpm600_best.pt | final=results/ckpt_wp1/jnu_wdcnn_s3_rpm600_final.pt,best=0f4edd6b77fb165a33c7fdac831dd161cf4d13bf57bb0b8ecc02ab1c14fa9fa6 | final=ffa8e736da3a0cad60bb8be31f705b00b1b595f952c9752bf845cdbca8936444,not captured; script sha now 48bbdd7309295655; torch 2.13.0+cu130,,result json,
wp1_jnu::drsn::s3,wp1_jnu.json,analysis,JNU,"jnu_modeA_v2, rpm=600 (behavioral only)",time-split,drsn,3,paperB set_seed(seed) via TrainConfig; eval in fork_rng,100 epochs; best epoch 63 (strict val improvement) + final,3513,0.9965724078834619,paperB evaluate_snr_sweep (awgn),10|8|6|4|2|0|-2|-4|-6|-8,paperB: mean per-seed conc>=90%,best=results/ckpt_wp1/jnu_drsn_s3_rpm600_best.pt | final=results/ckpt_wp1/jnu_drsn_s3_rpm600_final.pt,best=4bc9059d32c489a25fb1e41a5d84b824913ddb4e7a42aa87a405b473ae783880 | final=8e90ab01aba045b554d359d217f278b81e8094a33fc085cf4712bb20397fff56,not captured; script sha now 48bbdd7309295655; torch 2.13.0+cu130,,result json,
wp1_jnu::lstm::s3,wp1_jnu.json,analysis,JNU,"jnu_modeA_v2, rpm=600 (behavioral only)",time-split,lstm,3,paperB set_seed(seed) via TrainConfig; eval in fork_rng,100 epochs; best epoch 54 (strict val improvement) + final,3513,0.9905741216795202,paperB evaluate_snr_sweep (awgn),10|8|6|4|2|0|-2|-4|-6|-8,paperB: mean per-seed conc>=90%,best=results/ckpt_wp1/jnu_lstm_s3_rpm600_best.pt | final=results/ckpt_wp1/jnu_lstm_s3_rpm600_final.pt,best=8914ad0d3d74393f01ee9595827b78fbe6d614856d5319504e326eb12dd91ab7 | final=f3fdefa92cc0b230dc0a66f36376c264c8736799751ea5d7afca7cba8c4b1325,not captured; script sha now 48bbdd7309295655; torch 2.13.0+cu130,,result json,
wp1_jnu::transformer::s3,wp1_jnu.json,analysis,JNU,"jnu_modeA_v2, rpm=600 (behavioral only)",time-split,transformer,3,paperB set_seed(seed) via TrainConfig; eval in fork_rng,100 epochs; best epoch 79 (strict val improvement) + final,3513,0.9691516709511568,paperB evaluate_snr_sweep (awgn),10|8|6|4|2|0|-2|-4|-6|-8,paperB: mean per-seed conc>=90%,best=results/ckpt_wp1/jnu_transformer_s3_rpm600_best.pt | final=results/ckpt_wp1/jnu_transformer_s3_rpm600_final.pt,best=06921202dfc79b51cbcdc8a8dd9379a1f4b522ae48881813f1fa160f81bfa7e1 | final=0cd9014a2f148d9a4151b932b52276914b4e1107d06b753d73b8b7a2378b04e3,not captured; script sha now 48bbdd7309295655; torch 2.13.0+cu130,,result json,
wp1_jnu::cnn1d::s4,wp1_jnu.json,analysis,JNU,"jnu_modeA_v2, rpm=600 (behavioral only)",time-split,cnn1d,4,paperB set_seed(seed) via TrainConfig; eval in fork_rng,100 epochs; best epoch 73 (strict val improvement) + final,3513,1.0,paperB evaluate_snr_sweep (awgn),10|8|6|4|2|0|-2|-4|-6|-8,paperB: mean per-seed conc>=90%,best=results/ckpt_wp1/jnu_cnn1d_s4_rpm600_best.pt | final=results/ckpt_wp1/jnu_cnn1d_s4_rpm600_final.pt,best=df0ca0bd697cee34e464e0716b4b846ea832027e74e0da138cdab075aad0ea75 | final=fa8f9a966c1d08b5e29f4d6890542865da71fab46570f625cd120bc0e01d38e7,not captured; script sha now 48bbdd7309295655; torch 2.13.0+cu130,,result json,
wp1_jnu::wdcnn::s4,wp1_jnu.json,analysis,JNU,"jnu_modeA_v2, rpm=600 (behavioral only)",time-split,wdcnn,4,paperB set_seed(seed) via TrainConfig; eval in fork_rng,100 epochs; best epoch 10 (strict val improvement) + final,3513,1.0,paperB evaluate_snr_sweep (awgn),10|8|6|4|2|0|-2|-4|-6|-8,paperB: mean per-seed conc>=90%,best=results/ckpt_wp1/jnu_wdcnn_s4_rpm600_best.pt | final=results/ckpt_wp1/jnu_wdcnn_s4_rpm600_final.pt,best=234fbe5e9c2bccef440bdb4b041b2782f373342e9ee0b6b053c106402d117786 | final=985b94409da31dea49b466fb30cd1641eb54831d681782cf23553de5547f75e3,not captured; script sha now 48bbdd7309295655; torch 2.13.0+cu130,,result json,
wp1_jnu::drsn::s4,wp1_jnu.json,analysis,JNU,"jnu_modeA_v2, rpm=600 (behavioral only)",time-split,drsn,4,paperB set_seed(seed) via TrainConfig; eval in fork_rng,100 epochs; best epoch 88 (strict val improvement) + final,3513,0.998286203941731,paperB evaluate_snr_sweep (awgn),10|8|6|4|2|0|-2|-4|-6|-8,paperB: mean per-seed conc>=90%,best=results/ckpt_wp1/jnu_drsn_s4_rpm600_best.pt | final=results/ckpt_wp1/jnu_drsn_s4_rpm600_final.pt,best=9c836be60d2f9c762bec1b18dec662e9d6391d1d621bbaaddd504fdafec5d5c4 | final=9274fbcee62d92c5e3a4e9f19b6602cabe793f80764ebd6ee2782ac0f3c22ffd,not captured; script sha now 48bbdd7309295655; torch 2.13.0+cu130,,result json,
wp1_jnu::lstm::s4,wp1_jnu.json,analysis,JNU,"jnu_modeA_v2, rpm=600 (behavioral only)",time-split,lstm,4,paperB set_seed(seed) via TrainConfig; eval in fork_rng,100 epochs; best epoch 58 (strict val improvement) + final,3513,0.9862896315338475,paperB evaluate_snr_sweep (awgn),10|8|6|4|2|0|-2|-4|-6|-8,paperB: mean per-seed conc>=90%,best=results/ckpt_wp1/jnu_lstm_s4_rpm600_best.pt | final=results/ckpt_wp1/jnu_lstm_s4_rpm600_final.pt,best=07f1860b39ba68bb72a02c7cd4de19301addd6cd4edcd5134c1dceb99445d362 | final=28782ee3f738b99bd66b0139c5a7b590ba4901c06965b1782024b947c803aae8,not captured; script sha now 48bbdd7309295655; torch 2.13.0+cu130,,result json,
wp1_jnu::transformer::s4,wp1_jnu.json,analysis,JNU,"jnu_modeA_v2, rpm=600 (behavioral only)",time-split,transformer,4,paperB set_seed(seed) via TrainConfig; eval in fork_rng,100 epochs; best epoch 41 (strict val improvement) + final,3513,0.9665809768637532,paperB evaluate_snr_sweep (awgn),10|8|6|4|2|0|-2|-4|-6|-8,paperB: mean per-seed conc>=90%,best=results/ckpt_wp1/jnu_transformer_s4_rpm600_best.pt | final=results/ckpt_wp1/jnu_transformer_s4_rpm600_final.pt,best=6ecb43c9f60b9b1b308a58bc8dcc150c4cefd1b4f2a50286eb57713935bdc351 | final=af4f204e3ec23b041311d0c94ef930f56c00faed085cfcc59246e79e7c0a49ef,not captured; script sha now 48bbdd7309295655; torch 2.13.0+cu130,,result json,
wp1_jnu_M::vibrmamba::s0,wp1_jnu_M.json,analysis,JNU,"jnu_modeA_v2, rpm=600 (behavioral only)",time-split,vibrmamba,0,paperB set_seed(seed) via TrainConfig; eval in fork_rng,100 epochs; best epoch 47 (strict val improvement) + final,3513,0.9897172236503856,paperB evaluate_snr_sweep (awgn),10|8|6|4|2|0|-2|-4|-6|-8,paperB: mean per-seed conc>=90%,best=results/ckpt_wp1/jnu_vibrmamba_s0_rpm600_best.pt | final=results/ckpt_wp1/jnu_vibrmamba_s0_rpm600_final.pt,best=e23de51d281c32e2c5d9cb54b1fdc77fb6b9df97684edb0bc220c4cae1756905 | final=8aa6165cf2d3f9969961aabfdd71ef48a8aab041cc3fc784cc0c61c8c1aa109c,not captured; script sha now 48bbdd7309295655; torch 2.5.1+cu124,,result json,
wp1_jnu_M::mamba2::s0,wp1_jnu_M.json,analysis,JNU,"jnu_modeA_v2, rpm=600 (behavioral only); unfused",time-split,mamba2,0,paperB set_seed(seed) via TrainConfig; eval in fork_rng,100 epochs; best epoch 24 (strict val improvement) + final,3513,0.9862896315338475,paperB evaluate_snr_sweep (awgn),10|8|6|4|2|0|-2|-4|-6|-8,paperB: mean per-seed conc>=90%,best=results/ckpt_wp1/jnu_mamba2_s0_rpm600_best.pt | final=results/ckpt_wp1/jnu_mamba2_s0_rpm600_final.pt,best=20b786c758d9bcc76678ccef74701b17301d2f2ad25d53c9950f3dea23a86036 | final=29c94fb8ea1e2cf2c8e560a0abb4a234cb6c90d5dbbe4ac5f125e0f9f0944996,not captured; script sha now 48bbdd7309295655; torch 2.5.1+cu124,,result json,
wp1_jnu_M::vibrmamba::s1,wp1_jnu_M.json,analysis,JNU,"jnu_modeA_v2, rpm=600 (behavioral only)",time-split,vibrmamba,1,paperB set_seed(seed) via TrainConfig; eval in fork_rng,100 epochs; best epoch 14 (strict val improvement) + final,3513,0.9905741216795202,paperB evaluate_snr_sweep (awgn),10|8|6|4|2|0|-2|-4|-6|-8,paperB: mean per-seed conc>=90%,best=results/ckpt_wp1/jnu_vibrmamba_s1_rpm600_best.pt | final=results/ckpt_wp1/jnu_vibrmamba_s1_rpm600_final.pt,best=c84d118890e935b8e5d367d8c29f8aecfaa77f7f4f87741eabd38007aaf22196 | final=858d13e584453c08ba861390ba000f64e6db97079545c731bf0e885556237507,not captured; script sha now 48bbdd7309295655; torch 2.5.1+cu124,,result json,
wp1_jnu_M::mamba2::s1,wp1_jnu_M.json,analysis,JNU,"jnu_modeA_v2, rpm=600 (behavioral only); unfused",time-split,mamba2,1,paperB set_seed(seed) via TrainConfig; eval in fork_rng,100 epochs; best epoch 11 (strict val improvement) + final,3513,0.9897172236503856,paperB evaluate_snr_sweep (awgn),10|8|6|4|2|0|-2|-4|-6|-8,paperB: mean per-seed conc>=90%,best=results/ckpt_wp1/jnu_mamba2_s1_rpm600_best.pt | final=results/ckpt_wp1/jnu_mamba2_s1_rpm600_final.pt,best=b7f11187bb2d9e1e69f1ddedb1f31ea72a20c399723bb8f28d6b9ce384140cdf | final=c0381924cbfdf7b906d95c756a8b47486f8d5aae304376666885f42cc72df029,not captured; script sha now 48bbdd7309295655; torch 2.5.1+cu124,,result json,
wp1_jnu_M::vibrmamba::s2,wp1_jnu_M.json,analysis,JNU,"jnu_modeA_v2, rpm=600 (behavioral only)",time-split,vibrmamba,2,paperB set_seed(seed) via TrainConfig; eval in fork_rng,100 epochs; best epoch 34 (strict val improvement) + final,3513,0.9914310197086547,paperB evaluate_snr_sweep (awgn),10|8|6|4|2|0|-2|-4|-6|-8,paperB: mean per-seed conc>=90%,best=results/ckpt_wp1/jnu_vibrmamba_s2_rpm600_best.pt | final=results/ckpt_wp1/jnu_vibrmamba_s2_rpm600_final.pt,best=c966760e2fa96f51306f4acdff779f60c223b24373c2919bc4137f98ccb61d9e | final=009af5ee8f0555549f58c47289cb09ad6176bbeb2a1eb0fba80cf186fd73b88e,not captured; script sha now 48bbdd7309295655; torch 2.5.1+cu124,,result json,
wp1_jnu_M::mamba2::s2,wp1_jnu_M.json,analysis,JNU,"jnu_modeA_v2, rpm=600 (behavioral only); unfused",time-split,mamba2,2,paperB set_seed(seed) via TrainConfig; eval in fork_rng,100 epochs; best epoch 16 (strict val improvement) + final,3513,0.9897172236503856,paperB evaluate_snr_sweep (awgn),10|8|6|4|2|0|-2|-4|-6|-8,paperB: mean per-seed conc>=90%,best=results/ckpt_wp1/jnu_mamba2_s2_rpm600_best.pt | final=results/ckpt_wp1/jnu_mamba2_s2_rpm600_final.pt,best=fc5590180a422b7df4f67ed58780c52e8ba0ea65ac8fefd44b7a6bb97eb3c909 | final=cb01ee837c86db15c386cead331f4b3745351dcccd78c030300aafcdb197a6f4,not captured; script sha now 48bbdd7309295655; torch 2.5.1+cu124,,result json,
wp1_jnu_M::vibrmamba::s3,wp1_jnu_M.json,analysis,JNU,"jnu_modeA_v2, rpm=600 (behavioral only)",time-split,vibrmamba,3,paperB set_seed(seed) via TrainConfig; eval in fork_rng,100 epochs; best epoch 56 (strict val improvement) + final,3513,0.9905741216795202,paperB evaluate_snr_sweep (awgn),10|8|6|4|2|0|-2|-4|-6|-8,paperB: mean per-seed conc>=90%,best=results/ckpt_wp1/jnu_vibrmamba_s3_rpm600_best.pt | final=results/ckpt_wp1/jnu_vibrmamba_s3_rpm600_final.pt,best=1b1331202eec599717cae45b250671a297e9c125399708637128ee28a4bd13dc | final=30ea0ecda69287ba7f414bdb7b4817b1e97df7cb4ccec46e0d6954f68aeaae28,not captured; script sha now 48bbdd7309295655; torch 2.5.1+cu124,,result json,
wp1_jnu_M::mamba2::s3,wp1_jnu_M.json,analysis,JNU,"jnu_modeA_v2, rpm=600 (behavioral only); unfused",time-split,mamba2,3,paperB set_seed(seed) via TrainConfig; eval in fork_rng,100 epochs; best epoch 35 (strict val improvement) + final,3513,0.9905741216795202,paperB evaluate_snr_sweep (awgn),10|8|6|4|2|0|-2|-4|-6|-8,paperB: mean per-seed conc>=90%,best=results/ckpt_wp1/jnu_mamba2_s3_rpm600_best.pt | final=results/ckpt_wp1/jnu_mamba2_s3_rpm600_final.pt,best=d9545852e2af6c82691c0ec381b2259e105ea05ab552f466e3dfd3d93edd37de | final=45857b52d0dc1e089ad69f1335dc59feae4758c22a658969506728ab420707d4,not captured; script sha now 48bbdd7309295655; torch 2.5.1+cu124,,result json,
wp1_jnu_M::vibrmamba::s4,wp1_jnu_M.json,analysis,JNU,"jnu_modeA_v2, rpm=600 (behavioral only)",time-split,vibrmamba,4,paperB set_seed(seed) via TrainConfig; eval in fork_rng,100 epochs; best epoch 14 (strict val improvement) + final,3513,0.988860325621251,paperB evaluate_snr_sweep (awgn),10|8|6|4|2|0|-2|-4|-6|-8,paperB: mean per-seed conc>=90%,best=results/ckpt_wp1/jnu_vibrmamba_s4_rpm600_best.pt | final=results/ckpt_wp1/jnu_vibrmamba_s4_rpm600_final.pt,best=d0dfece19a6d8fa1851960827f69d7004fa07c64b0b0755ecddd2d6ae6ac0a74 | final=48e335741e9657ec74309e5499c8e1d98f96ee61006d9035252b361465cb530d,not captured; script sha now 48bbdd7309295655; torch 2.5.1+cu124,,result json,
wp1_jnu_M::mamba2::s4,wp1_jnu_M.json,analysis,JNU,"jnu_modeA_v2, rpm=600 (behavioral only); unfused",time-split,mamba2,4,paperB set_seed(seed) via TrainConfig; eval in fork_rng,100 epochs; best epoch 13 (strict val improvement) + final,3513,0.987146529562982,paperB evaluate_snr_sweep (awgn),10|8|6|4|2|0|-2|-4|-6|-8,paperB: mean per-seed conc>=90%,best=results/ckpt_wp1/jnu_mamba2_s4_rpm600_best.pt | final=results/ckpt_wp1/jnu_mamba2_s4_rpm600_final.pt,best=521dd53b943dc4a655993517cd34a351ca3335a78fa1aa7ab506acab3f47ea40 | final=1144852a773eb817fb699a05fb3985bd433e4830f4758785e55002bb86019b2d,not captured; script sha now 48bbdd7309295655; torch 2.5.1+cu124,,result json,
wp2_R::R-L1::wdcnn::s0,wp2_R.json,analysis,PU,"WP2 block R arm R-L1: H=K001+K002, OR=KA04+KA22, IR=KI21+KI14; N15_M07_F10; per-file time split 60/20/20","time-split; window draw rng(seed, crc32(code))",wdcnn,0,torch.manual_seed+np.random.seed(seed); eval noise torch.manual_seed(1000+17*seed+rep),"3000 steps, last weights",3600,,add_awgn_tensor (per-window power),10.0|0.0|-4.0|-6.0|-8.0|-10.0|-12.0,top_mode over 5 noise draws; conc_mean,results/ckpt_wp2/R-L1_wdcnn_s0.pt,d7502955b1b799788241a6b9dfeecaf7ed36650fa2669fedff059bec01e3fef8,not captured; script sha now bdd038b0a4fcab59,,result json,
wp2_R::R-L12a::wdcnn::s0,wp2_R.json,analysis,PU,"WP2 block R arm R-L12a: H=K001+K002, OR=KA22+KA16, IR=KI21+KI18; N15_M07_F10; per-file time split 60/20/20","time-split; window draw rng(seed, crc32(code))",wdcnn,0,torch.manual_seed+np.random.seed(seed); eval noise torch.manual_seed(1000+17*seed+rep),"3000 steps, last weights",3600,,add_awgn_tensor (per-window power),10.0|0.0|-4.0|-6.0|-8.0|-10.0|-12.0,top_mode over 5 noise draws; conc_mean,results/ckpt_wp2/R-L12a_wdcnn_s0.pt,d4cdede239cd55a304c46157f1182df4e8373f141b82ec955f46e015b1992c96,not captured; script sha now bdd038b0a4fcab59,,result json,
wp2_R::R-L12b::wdcnn::s0,wp2_R.json,analysis,PU,"WP2 block R arm R-L12b: H=K001+K002, OR=KA04+KA16, IR=KI14+KI18; N15_M07_F10; per-file time split 60/20/20","time-split; window draw rng(seed, crc32(code))",wdcnn,0,torch.manual_seed+np.random.seed(seed); eval noise torch.manual_seed(1000+17*seed+rep),"3000 steps, last weights",3600,,add_awgn_tensor (per-window power),10.0|0.0|-4.0|-6.0|-8.0|-10.0|-12.0,top_mode over 5 noise draws; conc_mean,results/ckpt_wp2/R-L12b_wdcnn_s0.pt,271a3aaa01590d38d38460dbc9b27d5638d6ee4082e4ef5ad86bf3fb3b8b3929,not captured; script sha now bdd038b0a4fcab59,,result json,
wp2_R::R-L1::drsn::s0,wp2_R.json,analysis,PU,"WP2 block R arm R-L1: H=K001+K002, OR=KA04+KA22, IR=KI21+KI14; N15_M07_F10; per-file time split 60/20/20","time-split; window draw rng(seed, crc32(code))",drsn,0,torch.manual_seed+np.random.seed(seed); eval noise torch.manual_seed(1000+17*seed+rep),"3000 steps, last weights",3600,,add_awgn_tensor (per-window power),10.0|0.0|-4.0|-6.0|-8.0|-10.0|-12.0,top_mode over 5 noise draws; conc_mean,results/ckpt_wp2/R-L1_drsn_s0.pt,0a9b36b71ec310cb3a0505732369325c2ff885770f7a41bcfc6ecc70db3ec704,not captured; script sha now bdd038b0a4fcab59,,result json,
wp2_R::R-L12a::drsn::s0,wp2_R.json,analysis,PU,"WP2 block R arm R-L12a: H=K001+K002, OR=KA22+KA16, IR=KI21+KI18; N15_M07_F10; per-file time split 60/20/20","time-split; window draw rng(seed, crc32(code))",drsn,0,torch.manual_seed+np.random.seed(seed); eval noise torch.manual_seed(1000+17*seed+rep),"3000 steps, last weights",3600,,add_awgn_tensor (per-window power),10.0|0.0|-4.0|-6.0|-8.0|-10.0|-12.0,top_mode over 5 noise draws; conc_mean,results/ckpt_wp2/R-L12a_drsn_s0.pt,dbc5c4dde1d8d80c6a5587cb009fb4d3fca151f0a0a0c586e93717cf5381fa5d,not captured; script sha now bdd038b0a4fcab59,,result json,
wp2_R::R-L12b::drsn::s0,wp2_R.json,analysis,PU,"WP2 block R arm R-L12b: H=K001+K002, OR=KA04+KA16, IR=KI14+KI18; N15_M07_F10; per-file time split 60/20/20","time-split; window draw rng(seed, crc32(code))",drsn,0,torch.manual_seed+np.random.seed(seed); eval noise torch.manual_seed(1000+17*seed+rep),"3000 steps, last weights",3600,,add_awgn_tensor (per-window power),10.0|0.0|-4.0|-6.0|-8.0|-10.0|-12.0,top_mode over 5 noise draws; conc_mean,results/ckpt_wp2/R-L12b_drsn_s0.pt,972635c8e52e5bd6ed40cd803b40a285405ffb8cf57d05eac96aae714f03671a,not captured; script sha now bdd038b0a4fcab59,,result json,
wp2_R::R-L1::lstm::s0,wp2_R.json,analysis,PU,"WP2 block R arm R-L1: H=K001+K002, OR=KA04+KA22, IR=KI21+KI14; N15_M07_F10; per-file time split 60/20/20","time-split; window draw rng(seed, crc32(code))",lstm,0,torch.manual_seed+np.random.seed(seed); eval noise torch.manual_seed(1000+17*seed+rep),"3000 steps, last weights",3600,,add_awgn_tensor (per-window power),10.0|0.0|-4.0|-6.0|-8.0|-10.0|-12.0,top_mode over 5 noise draws; conc_mean,results/ckpt_wp2/R-L1_lstm_s0.pt,a15257547673cd9fe3b0e82f2889f6d8864b0a886b5a305bec777d68badc4981,not captured; script sha now bdd038b0a4fcab59,,result json,
wp2_R::R-L12a::lstm::s0,wp2_R.json,analysis,PU,"WP2 block R arm R-L12a: H=K001+K002, OR=KA22+KA16, IR=KI21+KI18; N15_M07_F10; per-file time split 60/20/20","time-split; window draw rng(seed, crc32(code))",lstm,0,torch.manual_seed+np.random.seed(seed); eval noise torch.manual_seed(1000+17*seed+rep),"3000 steps, last weights",3600,,add_awgn_tensor (per-window power),10.0|0.0|-4.0|-6.0|-8.0|-10.0|-12.0,top_mode over 5 noise draws; conc_mean,results/ckpt_wp2/R-L12a_lstm_s0.pt,74cdef76cf08213a48570a5152b15e31824ba66452d4b49b9e9295c8199e0567,not captured; script sha now bdd038b0a4fcab59,,result json,
wp2_R::R-L12b::lstm::s0,wp2_R.json,analysis,PU,"WP2 block R arm R-L12b: H=K001+K002, OR=KA04+KA16, IR=KI14+KI18; N15_M07_F10; per-file time split 60/20/20","time-split; window draw rng(seed, crc32(code))",lstm,0,torch.manual_seed+np.random.seed(seed); eval noise torch.manual_seed(1000+17*seed+rep),"3000 steps, last weights",3600,,add_awgn_tensor (per-window power),10.0|0.0|-4.0|-6.0|-8.0|-10.0|-12.0,top_mode over 5 noise draws; conc_mean,results/ckpt_wp2/R-L12b_lstm_s0.pt,0ea191372cd27e1673b8586f0bf1ddb92b8cf47d9d2ebbe7af3258441cd8b7c8,not captured; script sha now bdd038b0a4fcab59,,result json,
wp2_R::R-L1::wdcnn::s1,wp2_R.json,analysis,PU,"WP2 block R arm R-L1: H=K001+K002, OR=KA04+KA22, IR=KI21+KI14; N15_M07_F10; per-file time split 60/20/20","time-split; window draw rng(seed, crc32(code))",wdcnn,1,torch.manual_seed+np.random.seed(seed); eval noise torch.manual_seed(1000+17*seed+rep),"3000 steps, last weights",3600,,add_awgn_tensor (per-window power),10.0|0.0|-4.0|-6.0|-8.0|-10.0|-12.0,top_mode over 5 noise draws; conc_mean,results/ckpt_wp2/R-L1_wdcnn_s1.pt,c9ba765aa72e85d15ba4bbf3de4fe1ea3493e52f60bbbaeb95adeb173fee99e1,not captured; script sha now bdd038b0a4fcab59,,result json,
wp2_R::R-L12a::wdcnn::s1,wp2_R.json,analysis,PU,"WP2 block R arm R-L12a: H=K001+K002, OR=KA22+KA16, IR=KI21+KI18; N15_M07_F10; per-file time split 60/20/20","time-split; window draw rng(seed, crc32(code))",wdcnn,1,torch.manual_seed+np.random.seed(seed); eval noise torch.manual_seed(1000+17*seed+rep),"3000 steps, last weights",3600,,add_awgn_tensor (per-window power),10.0|0.0|-4.0|-6.0|-8.0|-10.0|-12.0,top_mode over 5 noise draws; conc_mean,results/ckpt_wp2/R-L12a_wdcnn_s1.pt,4f3310f40deb22539da5464f53d171d45672f5ea89068ecd07351f2386b545e7,not captured; script sha now bdd038b0a4fcab59,,result json,
wp2_R::R-L12b::wdcnn::s1,wp2_R.json,analysis,PU,"WP2 block R arm R-L12b: H=K001+K002, OR=KA04+KA16, IR=KI14+KI18; N15_M07_F10; per-file time split 60/20/20","time-split; window draw rng(seed, crc32(code))",wdcnn,1,torch.manual_seed+np.random.seed(seed); eval noise torch.manual_seed(1000+17*seed+rep),"3000 steps, last weights",3600,,add_awgn_tensor (per-window power),10.0|0.0|-4.0|-6.0|-8.0|-10.0|-12.0,top_mode over 5 noise draws; conc_mean,results/ckpt_wp2/R-L12b_wdcnn_s1.pt,710aa296f96712d1f9edc8c0a47db99dfd1ef0da3590a1b0967f03474b8d9f2e,not captured; script sha now bdd038b0a4fcab59,,result json,
wp2_R::R-L1::drsn::s1,wp2_R.json,analysis,PU,"WP2 block R arm R-L1: H=K001+K002, OR=KA04+KA22, IR=KI21+KI14; N15_M07_F10; per-file time split 60/20/20","time-split; window draw rng(seed, crc32(code))",drsn,1,torch.manual_seed+np.random.seed(seed); eval noise torch.manual_seed(1000+17*seed+rep),"3000 steps, last weights",3600,,add_awgn_tensor (per-window power),10.0|0.0|-4.0|-6.0|-8.0|-10.0|-12.0,top_mode over 5 noise draws; conc_mean,results/ckpt_wp2/R-L1_drsn_s1.pt,426665065970710183aad1470720aed036f7faeec21f4e9bf37e217ca7be5696,not captured; script sha now bdd038b0a4fcab59,,result json,
wp2_R::R-L12a::drsn::s1,wp2_R.json,analysis,PU,"WP2 block R arm R-L12a: H=K001+K002, OR=KA22+KA16, IR=KI21+KI18; N15_M07_F10; per-file time split 60/20/20","time-split; window draw rng(seed, crc32(code))",drsn,1,torch.manual_seed+np.random.seed(seed); eval noise torch.manual_seed(1000+17*seed+rep),"3000 steps, last weights",3600,,add_awgn_tensor (per-window power),10.0|0.0|-4.0|-6.0|-8.0|-10.0|-12.0,top_mode over 5 noise draws; conc_mean,results/ckpt_wp2/R-L12a_drsn_s1.pt,20d3f7d76f1d96dff8d3a8fb8440ceabc500738c88adbea93e71abc28aea1103,not captured; script sha now bdd038b0a4fcab59,,result json,
wp2_R::R-L12b::drsn::s1,wp2_R.json,analysis,PU,"WP2 block R arm R-L12b: H=K001+K002, OR=KA04+KA16, IR=KI14+KI18; N15_M07_F10; per-file time split 60/20/20","time-split; window draw rng(seed, crc32(code))",drsn,1,torch.manual_seed+np.random.seed(seed); eval noise torch.manual_seed(1000+17*seed+rep),"3000 steps, last weights",3600,,add_awgn_tensor (per-window power),10.0|0.0|-4.0|-6.0|-8.0|-10.0|-12.0,top_mode over 5 noise draws; conc_mean,results/ckpt_wp2/R-L12b_drsn_s1.pt,5a3942cac0d1b018bdeffcd24027a2a10c2ac138e3cbc4ca9641950f6b2a47db,not captured; script sha now bdd038b0a4fcab59,,result json,
wp2_R::R-L1::lstm::s1,wp2_R.json,analysis,PU,"WP2 block R arm R-L1: H=K001+K002, OR=KA04+KA22, IR=KI21+KI14; N15_M07_F10; per-file time split 60/20/20","time-split; window draw rng(seed, crc32(code))",lstm,1,torch.manual_seed+np.random.seed(seed); eval noise torch.manual_seed(1000+17*seed+rep),"3000 steps, last weights",3600,,add_awgn_tensor (per-window power),10.0|0.0|-4.0|-6.0|-8.0|-10.0|-12.0,top_mode over 5 noise draws; conc_mean,results/ckpt_wp2/R-L1_lstm_s1.pt,ac057d98584ef95c939d7c0f266aab7bdb52957a7b511a5113670dc2c638c9d9,not captured; script sha now bdd038b0a4fcab59,,result json,
wp2_R::R-L12a::lstm::s1,wp2_R.json,analysis,PU,"WP2 block R arm R-L12a: H=K001+K002, OR=KA22+KA16, IR=KI21+KI18; N15_M07_F10; per-file time split 60/20/20","time-split; window draw rng(seed, crc32(code))",lstm,1,torch.manual_seed+np.random.seed(seed); eval noise torch.manual_seed(1000+17*seed+rep),"3000 steps, last weights",3600,,add_awgn_tensor (per-window power),10.0|0.0|-4.0|-6.0|-8.0|-10.0|-12.0,top_mode over 5 noise draws; conc_mean,results/ckpt_wp2/R-L12a_lstm_s1.pt,7be52ba89cd9a99f18caae5cf1bf452fe7982f813408a7161dbf24063e8000ea,not captured; script sha now bdd038b0a4fcab59,,result json,
wp2_R::R-L12b::lstm::s1,wp2_R.json,analysis,PU,"WP2 block R arm R-L12b: H=K001+K002, OR=KA04+KA16, IR=KI14+KI18; N15_M07_F10; per-file time split 60/20/20","time-split; window draw rng(seed, crc32(code))",lstm,1,torch.manual_seed+np.random.seed(seed); eval noise torch.manual_seed(1000+17*seed+rep),"3000 steps, last weights",3600,,add_awgn_tensor (per-window power),10.0|0.0|-4.0|-6.0|-8.0|-10.0|-12.0,top_mode over 5 noise draws; conc_mean,results/ckpt_wp2/R-L12b_lstm_s1.pt,e182db0ff9a991761a0248f8098ae117804851b696ad299f0119ca7ada7eb3dd,not captured; script sha now bdd038b0a4fcab59,,result json,
wp2_R::R-L1::wdcnn::s2,wp2_R.json,analysis,PU,"WP2 block R arm R-L1: H=K001+K002, OR=KA04+KA22, IR=KI21+KI14; N15_M07_F10; per-file time split 60/20/20","time-split; window draw rng(seed, crc32(code))",wdcnn,2,torch.manual_seed+np.random.seed(seed); eval noise torch.manual_seed(1000+17*seed+rep),"3000 steps, last weights",3600,,add_awgn_tensor (per-window power),10.0|0.0|-4.0|-6.0|-8.0|-10.0|-12.0,top_mode over 5 noise draws; conc_mean,results/ckpt_wp2/R-L1_wdcnn_s2.pt,a5a4c2339168176ed504b57ad28928b4cfdf9f334eecb46c1bf63269c0e28237,not captured; script sha now bdd038b0a4fcab59,,result json,
wp2_R::R-L12a::wdcnn::s2,wp2_R.json,analysis,PU,"WP2 block R arm R-L12a: H=K001+K002, OR=KA22+KA16, IR=KI21+KI18; N15_M07_F10; per-file time split 60/20/20","time-split; window draw rng(seed, crc32(code))",wdcnn,2,torch.manual_seed+np.random.seed(seed); eval noise torch.manual_seed(1000+17*seed+rep),"3000 steps, last weights",3600,,add_awgn_tensor (per-window power),10.0|0.0|-4.0|-6.0|-8.0|-10.0|-12.0,top_mode over 5 noise draws; conc_mean,results/ckpt_wp2/R-L12a_wdcnn_s2.pt,a6b96a13296ddd50c7b9d8f5ae74a73f15fb04a364b95870b20fcadee790ac3f,not captured; script sha now bdd038b0a4fcab59,,result json,
wp2_R::R-L12b::wdcnn::s2,wp2_R.json,analysis,PU,"WP2 block R arm R-L12b: H=K001+K002, OR=KA04+KA16, IR=KI14+KI18; N15_M07_F10; per-file time split 60/20/20","time-split; window draw rng(seed, crc32(code))",wdcnn,2,torch.manual_seed+np.random.seed(seed); eval noise torch.manual_seed(1000+17*seed+rep),"3000 steps, last weights",3600,,add_awgn_tensor (per-window power),10.0|0.0|-4.0|-6.0|-8.0|-10.0|-12.0,top_mode over 5 noise draws; conc_mean,results/ckpt_wp2/R-L12b_wdcnn_s2.pt,cee9416072c40f56d43c80859c839880d6a7190624161471475b1f1fc0f98d44,not captured; script sha now bdd038b0a4fcab59,,result json,
wp2_R::R-L1::drsn::s2,wp2_R.json,analysis,PU,"WP2 block R arm R-L1: H=K001+K002, OR=KA04+KA22, IR=KI21+KI14; N15_M07_F10; per-file time split 60/20/20","time-split; window draw rng(seed, crc32(code))",drsn,2,torch.manual_seed+np.random.seed(seed); eval noise torch.manual_seed(1000+17*seed+rep),"3000 steps, last weights",3600,,add_awgn_tensor (per-window power),10.0|0.0|-4.0|-6.0|-8.0|-10.0|-12.0,top_mode over 5 noise draws; conc_mean,results/ckpt_wp2/R-L1_drsn_s2.pt,61acb3c911011a71ed16ed48dd37408d649540871f58483718eb258adc57266a,not captured; script sha now bdd038b0a4fcab59,,result json,
wp2_R::R-L12a::drsn::s2,wp2_R.json,analysis,PU,"WP2 block R arm R-L12a: H=K001+K002, OR=KA22+KA16, IR=KI21+KI18; N15_M07_F10; per-file time split 60/20/20","time-split; window draw rng(seed, crc32(code))",drsn,2,torch.manual_seed+np.random.seed(seed); eval noise torch.manual_seed(1000+17*seed+rep),"3000 steps, last weights",3600,,add_awgn_tensor (per-window power),10.0|0.0|-4.0|-6.0|-8.0|-10.0|-12.0,top_mode over 5 noise draws; conc_mean,results/ckpt_wp2/R-L12a_drsn_s2.pt,df4078268d0bde85a4782473b9709a2aad3275cf5bb56e6720a3386a145b2789,not captured; script sha now bdd038b0a4fcab59,,result json,
wp2_R::R-L12b::drsn::s2,wp2_R.json,analysis,PU,"WP2 block R arm R-L12b: H=K001+K002, OR=KA04+KA16, IR=KI14+KI18; N15_M07_F10; per-file time split 60/20/20","time-split; window draw rng(seed, crc32(code))",drsn,2,torch.manual_seed+np.random.seed(seed); eval noise torch.manual_seed(1000+17*seed+rep),"3000 steps, last weights",3600,,add_awgn_tensor (per-window power),10.0|0.0|-4.0|-6.0|-8.0|-10.0|-12.0,top_mode over 5 noise draws; conc_mean,results/ckpt_wp2/R-L12b_drsn_s2.pt,3a08debfecd4b80670da114663b11f797e090f1de925244a420086af6876156b,not captured; script sha now bdd038b0a4fcab59,,result json,
wp2_R::R-L1::lstm::s2,wp2_R.json,analysis,PU,"WP2 block R arm R-L1: H=K001+K002, OR=KA04+KA22, IR=KI21+KI14; N15_M07_F10; per-file time split 60/20/20","time-split; window draw rng(seed, crc32(code))",lstm,2,torch.manual_seed+np.random.seed(seed); eval noise torch.manual_seed(1000+17*seed+rep),"3000 steps, last weights",3600,,add_awgn_tensor (per-window power),10.0|0.0|-4.0|-6.0|-8.0|-10.0|-12.0,top_mode over 5 noise draws; conc_mean,results/ckpt_wp2/R-L1_lstm_s2.pt,c765f33ea12a318b4861a106dbb9796414885db039974a0e0935e96a30f23f4f,not captured; script sha now bdd038b0a4fcab59,,result json,
wp2_R::R-L12a::lstm::s2,wp2_R.json,analysis,PU,"WP2 block R arm R-L12a: H=K001+K002, OR=KA22+KA16, IR=KI21+KI18; N15_M07_F10; per-file time split 60/20/20","time-split; window draw rng(seed, crc32(code))",lstm,2,torch.manual_seed+np.random.seed(seed); eval noise torch.manual_seed(1000+17*seed+rep),"3000 steps, last weights",3600,,add_awgn_tensor (per-window power),10.0|0.0|-4.0|-6.0|-8.0|-10.0|-12.0,top_mode over 5 noise draws; conc_mean,results/ckpt_wp2/R-L12a_lstm_s2.pt,f8f3668adf62d5530cbcda11e9da8cf31e719c84df7fd4c37b4dbf68c8def141,not captured; script sha now bdd038b0a4fcab59,,result json,
wp2_R::R-L12b::lstm::s2,wp2_R.json,analysis,PU,"WP2 block R arm R-L12b: H=K001+K002, OR=KA04+KA16, IR=KI14+KI18; N15_M07_F10; per-file time split 60/20/20","time-split; window draw rng(seed, crc32(code))",lstm,2,torch.manual_seed+np.random.seed(seed); eval noise torch.manual_seed(1000+17*seed+rep),"3000 steps, last weights",3600,,add_awgn_tensor (per-window power),10.0|0.0|-4.0|-6.0|-8.0|-10.0|-12.0,top_mode over 5 noise draws; conc_mean,results/ckpt_wp2/R-L12b_lstm_s2.pt,a8508a91013c6c0ff17a66c866efe920a574371dcf294f79765d984c05997691,not captured; script sha now bdd038b0a4fcab59,,result json,
wp2_R::R-L1::wdcnn::s3,wp2_R.json,analysis,PU,"WP2 block R arm R-L1: H=K001+K002, OR=KA04+KA22, IR=KI21+KI14; N15_M07_F10; per-file time split 60/20/20","time-split; window draw rng(seed, crc32(code))",wdcnn,3,torch.manual_seed+np.random.seed(seed); eval noise torch.manual_seed(1000+17*seed+rep),"3000 steps, last weights",3600,,add_awgn_tensor (per-window power),10.0|0.0|-4.0|-6.0|-8.0|-10.0|-12.0,top_mode over 5 noise draws; conc_mean,results/ckpt_wp2/R-L1_wdcnn_s3.pt,76d8f2eb154c71a4fa310bd5efd69c193b854a1e67f1f95a0147fdfcc37712df,not captured; script sha now bdd038b0a4fcab59,,result json,
wp2_R::R-L12a::wdcnn::s3,wp2_R.json,analysis,PU,"WP2 block R arm R-L12a: H=K001+K002, OR=KA22+KA16, IR=KI21+KI18; N15_M07_F10; per-file time split 60/20/20","time-split; window draw rng(seed, crc32(code))",wdcnn,3,torch.manual_seed+np.random.seed(seed); eval noise torch.manual_seed(1000+17*seed+rep),"3000 steps, last weights",3600,,add_awgn_tensor (per-window power),10.0|0.0|-4.0|-6.0|-8.0|-10.0|-12.0,top_mode over 5 noise draws; conc_mean,results/ckpt_wp2/R-L12a_wdcnn_s3.pt,f0a13a948b63d5e96b28c9f1be872219fcdc0cd591249c3697569043a04f7c64,not captured; script sha now bdd038b0a4fcab59,,result json,
wp2_R::R-L12b::wdcnn::s3,wp2_R.json,analysis,PU,"WP2 block R arm R-L12b: H=K001+K002, OR=KA04+KA16, IR=KI14+KI18; N15_M07_F10; per-file time split 60/20/20","time-split; window draw rng(seed, crc32(code))",wdcnn,3,torch.manual_seed+np.random.seed(seed); eval noise torch.manual_seed(1000+17*seed+rep),"3000 steps, last weights",3600,,add_awgn_tensor (per-window power),10.0|0.0|-4.0|-6.0|-8.0|-10.0|-12.0,top_mode over 5 noise draws; conc_mean,results/ckpt_wp2/R-L12b_wdcnn_s3.pt,c0d81966b00d12b09422d1351c78061d29ce1e3f3af08f71f342d3774ffd08f9,not captured; script sha now bdd038b0a4fcab59,,result json,
wp2_R::R-L1::drsn::s3,wp2_R.json,analysis,PU,"WP2 block R arm R-L1: H=K001+K002, OR=KA04+KA22, IR=KI21+KI14; N15_M07_F10; per-file time split 60/20/20","time-split; window draw rng(seed, crc32(code))",drsn,3,torch.manual_seed+np.random.seed(seed); eval noise torch.manual_seed(1000+17*seed+rep),"3000 steps, last weights",3600,,add_awgn_tensor (per-window power),10.0|0.0|-4.0|-6.0|-8.0|-10.0|-12.0,top_mode over 5 noise draws; conc_mean,results/ckpt_wp2/R-L1_drsn_s3.pt,ff8b3a9cfd45be258604f557d93ee91a32cdf791e55dd6a238b4f93ee5c62483,not captured; script sha now bdd038b0a4fcab59,,result json,
wp2_R::R-L12a::drsn::s3,wp2_R.json,analysis,PU,"WP2 block R arm R-L12a: H=K001+K002, OR=KA22+KA16, IR=KI21+KI18; N15_M07_F10; per-file time split 60/20/20","time-split; window draw rng(seed, crc32(code))",drsn,3,torch.manual_seed+np.random.seed(seed); eval noise torch.manual_seed(1000+17*seed+rep),"3000 steps, last weights",3600,,add_awgn_tensor (per-window power),10.0|0.0|-4.0|-6.0|-8.0|-10.0|-12.0,top_mode over 5 noise draws; conc_mean,results/ckpt_wp2/R-L12a_drsn_s3.pt,00568f9302ade6980cacb30c5daaf0f989befdfedc3a1ce9e23fbdc36d80e3fc,not captured; script sha now bdd038b0a4fcab59,,result json,
wp2_R::R-L12b::drsn::s3,wp2_R.json,analysis,PU,"WP2 block R arm R-L12b: H=K001+K002, OR=KA04+KA16, IR=KI14+KI18; N15_M07_F10; per-file time split 60/20/20","time-split; window draw rng(seed, crc32(code))",drsn,3,torch.manual_seed+np.random.seed(seed); eval noise torch.manual_seed(1000+17*seed+rep),"3000 steps, last weights",3600,,add_awgn_tensor (per-window power),10.0|0.0|-4.0|-6.0|-8.0|-10.0|-12.0,top_mode over 5 noise draws; conc_mean,results/ckpt_wp2/R-L12b_drsn_s3.pt,8cb7918daa78d84363cef032440ffc1275dcd525aca490363f42a237dc641b9a,not captured; script sha now bdd038b0a4fcab59,,result json,
wp2_R::R-L1::lstm::s3,wp2_R.json,analysis,PU,"WP2 block R arm R-L1: H=K001+K002, OR=KA04+KA22, IR=KI21+KI14; N15_M07_F10; per-file time split 60/20/20","time-split; window draw rng(seed, crc32(code))",lstm,3,torch.manual_seed+np.random.seed(seed); eval noise torch.manual_seed(1000+17*seed+rep),"3000 steps, last weights",3600,,add_awgn_tensor (per-window power),10.0|0.0|-4.0|-6.0|-8.0|-10.0|-12.0,top_mode over 5 noise draws; conc_mean,results/ckpt_wp2/R-L1_lstm_s3.pt,d3d6105a3f366951046981a7cf0bc6a937b8dfb98e2b657cd69656be0496be96,not captured; script sha now bdd038b0a4fcab59,,result json,
wp2_R::R-L12a::lstm::s3,wp2_R.json,analysis,PU,"WP2 block R arm R-L12a: H=K001+K002, OR=KA22+KA16, IR=KI21+KI18; N15_M07_F10; per-file time split 60/20/20","time-split; window draw rng(seed, crc32(code))",lstm,3,torch.manual_seed+np.random.seed(seed); eval noise torch.manual_seed(1000+17*seed+rep),"3000 steps, last weights",3600,,add_awgn_tensor (per-window power),10.0|0.0|-4.0|-6.0|-8.0|-10.0|-12.0,top_mode over 5 noise draws; conc_mean,results/ckpt_wp2/R-L12a_lstm_s3.pt,f8ac607c91715017fbde5845223ebdba11a048e5d4cee5b6023e7355d5b8f335,not captured; script sha now bdd038b0a4fcab59,,result json,
wp2_R::R-L12b::lstm::s3,wp2_R.json,analysis,PU,"WP2 block R arm R-L12b: H=K001+K002, OR=KA04+KA16, IR=KI14+KI18; N15_M07_F10; per-file time split 60/20/20","time-split; window draw rng(seed, crc32(code))",lstm,3,torch.manual_seed+np.random.seed(seed); eval noise torch.manual_seed(1000+17*seed+rep),"3000 steps, last weights",3600,,add_awgn_tensor (per-window power),10.0|0.0|-4.0|-6.0|-8.0|-10.0|-12.0,top_mode over 5 noise draws; conc_mean,results/ckpt_wp2/R-L12b_lstm_s3.pt,2769e5ac93a2f151f3fb4c31f5a581f818fef48b3769dad1dd7f6bca9edfd7c8,not captured; script sha now bdd038b0a4fcab59,,result json,
wp2_R::R-L1::wdcnn::s4,wp2_R.json,analysis,PU,"WP2 block R arm R-L1: H=K001+K002, OR=KA04+KA22, IR=KI21+KI14; N15_M07_F10; per-file time split 60/20/20","time-split; window draw rng(seed, crc32(code))",wdcnn,4,torch.manual_seed+np.random.seed(seed); eval noise torch.manual_seed(1000+17*seed+rep),"3000 steps, last weights",3600,,add_awgn_tensor (per-window power),10.0|0.0|-4.0|-6.0|-8.0|-10.0|-12.0,top_mode over 5 noise draws; conc_mean,results/ckpt_wp2/R-L1_wdcnn_s4.pt,93950461d3ae9240b3ddc4df260f1d215b837d923217dc7b7d57cc21eb9667a9,not captured; script sha now bdd038b0a4fcab59,,result json,
wp2_R::R-L12a::wdcnn::s4,wp2_R.json,analysis,PU,"WP2 block R arm R-L12a: H=K001+K002, OR=KA22+KA16, IR=KI21+KI18; N15_M07_F10; per-file time split 60/20/20","time-split; window draw rng(seed, crc32(code))",wdcnn,4,torch.manual_seed+np.random.seed(seed); eval noise torch.manual_seed(1000+17*seed+rep),"3000 steps, last weights",3600,,add_awgn_tensor (per-window power),10.0|0.0|-4.0|-6.0|-8.0|-10.0|-12.0,top_mode over 5 noise draws; conc_mean,results/ckpt_wp2/R-L12a_wdcnn_s4.pt,a70f60b8c6cf2737b58d77b332af59a64e4fd6d6c59a66b5a79a0b2af1f0436c,not captured; script sha now bdd038b0a4fcab59,,result json,
wp2_R::R-L12b::wdcnn::s4,wp2_R.json,analysis,PU,"WP2 block R arm R-L12b: H=K001+K002, OR=KA04+KA16, IR=KI14+KI18; N15_M07_F10; per-file time split 60/20/20","time-split; window draw rng(seed, crc32(code))",wdcnn,4,torch.manual_seed+np.random.seed(seed); eval noise torch.manual_seed(1000+17*seed+rep),"3000 steps, last weights",3600,,add_awgn_tensor (per-window power),10.0|0.0|-4.0|-6.0|-8.0|-10.0|-12.0,top_mode over 5 noise draws; conc_mean,results/ckpt_wp2/R-L12b_wdcnn_s4.pt,2c07b90a5209e36263aa7605f6df6410acb7e3983db377fe238bab2368071570,not captured; script sha now bdd038b0a4fcab59,,result json,
wp2_R::R-L1::drsn::s4,wp2_R.json,analysis,PU,"WP2 block R arm R-L1: H=K001+K002, OR=KA04+KA22, IR=KI21+KI14; N15_M07_F10; per-file time split 60/20/20","time-split; window draw rng(seed, crc32(code))",drsn,4,torch.manual_seed+np.random.seed(seed); eval noise torch.manual_seed(1000+17*seed+rep),"3000 steps, last weights",3600,,add_awgn_tensor (per-window power),10.0|0.0|-4.0|-6.0|-8.0|-10.0|-12.0,top_mode over 5 noise draws; conc_mean,results/ckpt_wp2/R-L1_drsn_s4.pt,262786c3451c383e2bcac1914e22025d14c60ae371632e5e9fc9eda7bcfc3fab,not captured; script sha now bdd038b0a4fcab59,,result json,
wp2_R::R-L12a::drsn::s4,wp2_R.json,analysis,PU,"WP2 block R arm R-L12a: H=K001+K002, OR=KA22+KA16, IR=KI21+KI18; N15_M07_F10; per-file time split 60/20/20","time-split; window draw rng(seed, crc32(code))",drsn,4,torch.manual_seed+np.random.seed(seed); eval noise torch.manual_seed(1000+17*seed+rep),"3000 steps, last weights",3600,,add_awgn_tensor (per-window power),10.0|0.0|-4.0|-6.0|-8.0|-10.0|-12.0,top_mode over 5 noise draws; conc_mean,results/ckpt_wp2/R-L12a_drsn_s4.pt,0c8b781f7498edfe4e2d573f67f00e58ae97d85fcd21cd872e1702b25369edba,not captured; script sha now bdd038b0a4fcab59,,result json,
wp2_R::R-L12b::drsn::s4,wp2_R.json,analysis,PU,"WP2 block R arm R-L12b: H=K001+K002, OR=KA04+KA16, IR=KI14+KI18; N15_M07_F10; per-file time split 60/20/20","time-split; window draw rng(seed, crc32(code))",drsn,4,torch.manual_seed+np.random.seed(seed); eval noise torch.manual_seed(1000+17*seed+rep),"3000 steps, last weights",3600,,add_awgn_tensor (per-window power),10.0|0.0|-4.0|-6.0|-8.0|-10.0|-12.0,top_mode over 5 noise draws; conc_mean,results/ckpt_wp2/R-L12b_drsn_s4.pt,aa59001e09581c4f0e1e0fa7c187a725b73e99f377e02f74db4aa73de9876422,not captured; script sha now bdd038b0a4fcab59,,result json,
wp2_R::R-L1::lstm::s4,wp2_R.json,analysis,PU,"WP2 block R arm R-L1: H=K001+K002, OR=KA04+KA22, IR=KI21+KI14; N15_M07_F10; per-file time split 60/20/20","time-split; window draw rng(seed, crc32(code))",lstm,4,torch.manual_seed+np.random.seed(seed); eval noise torch.manual_seed(1000+17*seed+rep),"3000 steps, last weights",3600,,add_awgn_tensor (per-window power),10.0|0.0|-4.0|-6.0|-8.0|-10.0|-12.0,top_mode over 5 noise draws; conc_mean,results/ckpt_wp2/R-L1_lstm_s4.pt,dba578093cac5b67a84819e5e468e167e3032411f5e489f9876d294718153787,not captured; script sha now bdd038b0a4fcab59,,result json,
wp2_R::R-L12a::lstm::s4,wp2_R.json,analysis,PU,"WP2 block R arm R-L12a: H=K001+K002, OR=KA22+KA16, IR=KI21+KI18; N15_M07_F10; per-file time split 60/20/20","time-split; window draw rng(seed, crc32(code))",lstm,4,torch.manual_seed+np.random.seed(seed); eval noise torch.manual_seed(1000+17*seed+rep),"3000 steps, last weights",3600,,add_awgn_tensor (per-window power),10.0|0.0|-4.0|-6.0|-8.0|-10.0|-12.0,top_mode over 5 noise draws; conc_mean,results/ckpt_wp2/R-L12a_lstm_s4.pt,c8bd1357ab5d1c49c089c2b4512ccafb37c56db0a7febf6d2c9a690cdb4da13e,not captured; script sha now bdd038b0a4fcab59,,result json,
wp2_R::R-L12b::lstm::s4,wp2_R.json,analysis,PU,"WP2 block R arm R-L12b: H=K001+K002, OR=KA04+KA16, IR=KI14+KI18; N15_M07_F10; per-file time split 60/20/20","time-split; window draw rng(seed, crc32(code))",lstm,4,torch.manual_seed+np.random.seed(seed); eval noise torch.manual_seed(1000+17*seed+rep),"3000 steps, last weights",3600,,add_awgn_tensor (per-window power),10.0|0.0|-4.0|-6.0|-8.0|-10.0|-12.0,top_mode over 5 noise draws; conc_mean,results/ckpt_wp2/R-L12b_lstm_s4.pt,0c82d578f43594d6007515e4263e4847b37df331fb4aad03c0cb7a634f8cb234,not captured; script sha now bdd038b0a4fcab59,,result json,
wp2_A::A-L1::wdcnn::s0,wp2_A.json,analysis,PU,"WP2 block A arm A-L1: H=K001+K002, OR=KA05+KA07, IR=KI03+KI05; N15_M07_F10; per-file time split 60/20/20","time-split; window draw rng(seed, crc32(code))",wdcnn,0,torch.manual_seed+np.random.seed(seed); eval noise torch.manual_seed(1000+17*seed+rep),"3000 steps, last weights",3600,,add_awgn_tensor (per-window power),10.0|0.0|-4.0|-6.0|-8.0|-10.0|-12.0,top_mode over 5 noise draws; conc_mean,results/ckpt_wp2/A-L1_wdcnn_s0.pt,52ebbe475aa531954e611e00b3b75584bb91a6779950b5748d73104fa9deaeae,not captured; script sha now bdd038b0a4fcab59,,result json,
wp2_A::A-L12a::wdcnn::s0,wp2_A.json,analysis,PU,"WP2 block A arm A-L12a: H=K001+K002, OR=KA05+KA08, IR=KI03+KI08; N15_M07_F10; per-file time split 60/20/20","time-split; window draw rng(seed, crc32(code))",wdcnn,0,torch.manual_seed+np.random.seed(seed); eval noise torch.manual_seed(1000+17*seed+rep),"3000 steps, last weights",3600,,add_awgn_tensor (per-window power),10.0|0.0|-4.0|-6.0|-8.0|-10.0|-12.0,top_mode over 5 noise draws; conc_mean,results/ckpt_wp2/A-L12a_wdcnn_s0.pt,8303702fe1bd4d5d80c6ddde07c1eebe8e0371c411bafbced1da5f268231e979,not captured; script sha now bdd038b0a4fcab59,,result json,
wp2_A::A-L12b::wdcnn::s0,wp2_A.json,analysis,PU,"WP2 block A arm A-L12b: H=K001+K002, OR=KA07+KA03, IR=KI05+KI08; N15_M07_F10; per-file time split 60/20/20","time-split; window draw rng(seed, crc32(code))",wdcnn,0,torch.manual_seed+np.random.seed(seed); eval noise torch.manual_seed(1000+17*seed+rep),"3000 steps, last weights",3600,,add_awgn_tensor (per-window power),10.0|0.0|-4.0|-6.0|-8.0|-10.0|-12.0,top_mode over 5 noise draws; conc_mean,results/ckpt_wp2/A-L12b_wdcnn_s0.pt,f945d1fd88e6a14b0842ab0a4bbc74c5c51e07b45d87d7302ce7b1fd7ef21b6d,not captured; script sha now bdd038b0a4fcab59,,result json,
wp2_A::A-L1::drsn::s0,wp2_A.json,analysis,PU,"WP2 block A arm A-L1: H=K001+K002, OR=KA05+KA07, IR=KI03+KI05; N15_M07_F10; per-file time split 60/20/20","time-split; window draw rng(seed, crc32(code))",drsn,0,torch.manual_seed+np.random.seed(seed); eval noise torch.manual_seed(1000+17*seed+rep),"3000 steps, last weights",3600,,add_awgn_tensor (per-window power),10.0|0.0|-4.0|-6.0|-8.0|-10.0|-12.0,top_mode over 5 noise draws; conc_mean,results/ckpt_wp2/A-L1_drsn_s0.pt,b9a6d6e27c39d6e64ed07c01299962ad219eb507ac2046678193505b57f52728,not captured; script sha now bdd038b0a4fcab59,,result json,
wp2_A::A-L12a::drsn::s0,wp2_A.json,analysis,PU,"WP2 block A arm A-L12a: H=K001+K002, OR=KA05+KA08, IR=KI03+KI08; N15_M07_F10; per-file time split 60/20/20","time-split; window draw rng(seed, crc32(code))",drsn,0,torch.manual_seed+np.random.seed(seed); eval noise torch.manual_seed(1000+17*seed+rep),"3000 steps, last weights",3600,,add_awgn_tensor (per-window power),10.0|0.0|-4.0|-6.0|-8.0|-10.0|-12.0,top_mode over 5 noise draws; conc_mean,results/ckpt_wp2/A-L12a_drsn_s0.pt,d9596fd6de893142c5864f283726f388b6080f9224af5f5efc560ea1e1fdd925,not captured; script sha now bdd038b0a4fcab59,,result json,
wp2_A::A-L12b::drsn::s0,wp2_A.json,analysis,PU,"WP2 block A arm A-L12b: H=K001+K002, OR=KA07+KA03, IR=KI05+KI08; N15_M07_F10; per-file time split 60/20/20","time-split; window draw rng(seed, crc32(code))",drsn,0,torch.manual_seed+np.random.seed(seed); eval noise torch.manual_seed(1000+17*seed+rep),"3000 steps, last weights",3600,,add_awgn_tensor (per-window power),10.0|0.0|-4.0|-6.0|-8.0|-10.0|-12.0,top_mode over 5 noise draws; conc_mean,results/ckpt_wp2/A-L12b_drsn_s0.pt,cf2227b3d575158d2809baf7c648857c7f3d2e476f904394e7d1f3aeac66b238,not captured; script sha now bdd038b0a4fcab59,,result json,
wp2_A::A-L1::lstm::s0,wp2_A.json,analysis,PU,"WP2 block A arm A-L1: H=K001+K002, OR=KA05+KA07, IR=KI03+KI05; N15_M07_F10; per-file time split 60/20/20","time-split; window draw rng(seed, crc32(code))",lstm,0,torch.manual_seed+np.random.seed(seed); eval noise torch.manual_seed(1000+17*seed+rep),"3000 steps, last weights",3600,,add_awgn_tensor (per-window power),10.0|0.0|-4.0|-6.0|-8.0|-10.0|-12.0,top_mode over 5 noise draws; conc_mean,results/ckpt_wp2/A-L1_lstm_s0.pt,8f04120cee524a968fbab957ba5b27856c91468d1a8949af5ec480431ca9b6c7,not captured; script sha now bdd038b0a4fcab59,,result json,
wp2_A::A-L12a::lstm::s0,wp2_A.json,analysis,PU,"WP2 block A arm A-L12a: H=K001+K002, OR=KA05+KA08, IR=KI03+KI08; N15_M07_F10; per-file time split 60/20/20","time-split; window draw rng(seed, crc32(code))",lstm,0,torch.manual_seed+np.random.seed(seed); eval noise torch.manual_seed(1000+17*seed+rep),"3000 steps, last weights",3600,,add_awgn_tensor (per-window power),10.0|0.0|-4.0|-6.0|-8.0|-10.0|-12.0,top_mode over 5 noise draws; conc_mean,results/ckpt_wp2/A-L12a_lstm_s0.pt,a031086ad687296ef645f5a87a6d62586c002d236cd6b39604b2b5d98ae8e56c,not captured; script sha now bdd038b0a4fcab59,,result json,
wp2_A::A-L12b::lstm::s0,wp2_A.json,analysis,PU,"WP2 block A arm A-L12b: H=K001+K002, OR=KA07+KA03, IR=KI05+KI08; N15_M07_F10; per-file time split 60/20/20","time-split; window draw rng(seed, crc32(code))",lstm,0,torch.manual_seed+np.random.seed(seed); eval noise torch.manual_seed(1000+17*seed+rep),"3000 steps, last weights",3600,,add_awgn_tensor (per-window power),10.0|0.0|-4.0|-6.0|-8.0|-10.0|-12.0,top_mode over 5 noise draws; conc_mean,results/ckpt_wp2/A-L12b_lstm_s0.pt,10f09d0d05e30a7c7e96ea14f91f14ac5bfe30bc8c461e9b7e8dbcc9f720ca48,not captured; script sha now bdd038b0a4fcab59,,result json,
wp2_A::A-L1::wdcnn::s1,wp2_A.json,analysis,PU,"WP2 block A arm A-L1: H=K001+K002, OR=KA05+KA07, IR=KI03+KI05; N15_M07_F10; per-file time split 60/20/20","time-split; window draw rng(seed, crc32(code))",wdcnn,1,torch.manual_seed+np.random.seed(seed); eval noise torch.manual_seed(1000+17*seed+rep),"3000 steps, last weights",3600,,add_awgn_tensor (per-window power),10.0|0.0|-4.0|-6.0|-8.0|-10.0|-12.0,top_mode over 5 noise draws; conc_mean,results/ckpt_wp2/A-L1_wdcnn_s1.pt,91ceb4bdc3e39ee4aaf1d244ebeb7f2513d72d4cc345e30ff4ef3beaf7f0c60f,not captured; script sha now bdd038b0a4fcab59,,result json,
wp2_A::A-L12a::wdcnn::s1,wp2_A.json,analysis,PU,"WP2 block A arm A-L12a: H=K001+K002, OR=KA05+KA08, IR=KI03+KI08; N15_M07_F10; per-file time split 60/20/20","time-split; window draw rng(seed, crc32(code))",wdcnn,1,torch.manual_seed+np.random.seed(seed); eval noise torch.manual_seed(1000+17*seed+rep),"3000 steps, last weights",3600,,add_awgn_tensor (per-window power),10.0|0.0|-4.0|-6.0|-8.0|-10.0|-12.0,top_mode over 5 noise draws; conc_mean,results/ckpt_wp2/A-L12a_wdcnn_s1.pt,7723dff1f4b379a00df2ef5bfd441de9dae8eedb3dbea70608fcb18a6c107022,not captured; script sha now bdd038b0a4fcab59,,result json,
wp2_A::A-L12b::wdcnn::s1,wp2_A.json,analysis,PU,"WP2 block A arm A-L12b: H=K001+K002, OR=KA07+KA03, IR=KI05+KI08; N15_M07_F10; per-file time split 60/20/20","time-split; window draw rng(seed, crc32(code))",wdcnn,1,torch.manual_seed+np.random.seed(seed); eval noise torch.manual_seed(1000+17*seed+rep),"3000 steps, last weights",3600,,add_awgn_tensor (per-window power),10.0|0.0|-4.0|-6.0|-8.0|-10.0|-12.0,top_mode over 5 noise draws; conc_mean,results/ckpt_wp2/A-L12b_wdcnn_s1.pt,466419ca96a8faf4d70ae65cc47fe5f02c0ac98ce9aafbe93919283ebb46b1e5,not captured; script sha now bdd038b0a4fcab59,,result json,
wp2_A::A-L1::drsn::s1,wp2_A.json,analysis,PU,"WP2 block A arm A-L1: H=K001+K002, OR=KA05+KA07, IR=KI03+KI05; N15_M07_F10; per-file time split 60/20/20","time-split; window draw rng(seed, crc32(code))",drsn,1,torch.manual_seed+np.random.seed(seed); eval noise torch.manual_seed(1000+17*seed+rep),"3000 steps, last weights",3600,,add_awgn_tensor (per-window power),10.0|0.0|-4.0|-6.0|-8.0|-10.0|-12.0,top_mode over 5 noise draws; conc_mean,results/ckpt_wp2/A-L1_drsn_s1.pt,88242fb243adb19227b66d4aa74dba1c2f73c145a7c0bf518fddcd56a3339bda,not captured; script sha now bdd038b0a4fcab59,,result json,
wp2_A::A-L12a::drsn::s1,wp2_A.json,analysis,PU,"WP2 block A arm A-L12a: H=K001+K002, OR=KA05+KA08, IR=KI03+KI08; N15_M07_F10; per-file time split 60/20/20","time-split; window draw rng(seed, crc32(code))",drsn,1,torch.manual_seed+np.random.seed(seed); eval noise torch.manual_seed(1000+17*seed+rep),"3000 steps, last weights",3600,,add_awgn_tensor (per-window power),10.0|0.0|-4.0|-6.0|-8.0|-10.0|-12.0,top_mode over 5 noise draws; conc_mean,results/ckpt_wp2/A-L12a_drsn_s1.pt,a2c0fdd84ead152fafdf6898814a22394c14ac62dd519e972f162e63b890d5aa,not captured; script sha now bdd038b0a4fcab59,,result json,
wp2_A::A-L12b::drsn::s1,wp2_A.json,analysis,PU,"WP2 block A arm A-L12b: H=K001+K002, OR=KA07+KA03, IR=KI05+KI08; N15_M07_F10; per-file time split 60/20/20","time-split; window draw rng(seed, crc32(code))",drsn,1,torch.manual_seed+np.random.seed(seed); eval noise torch.manual_seed(1000+17*seed+rep),"3000 steps, last weights",3600,,add_awgn_tensor (per-window power),10.0|0.0|-4.0|-6.0|-8.0|-10.0|-12.0,top_mode over 5 noise draws; conc_mean,results/ckpt_wp2/A-L12b_drsn_s1.pt,93ecd00933b9096432515fee08be12b5cf3cbec33e90601d9c2005f5b0f4c406,not captured; script sha now bdd038b0a4fcab59,,result json,
wp2_A::A-L1::lstm::s1,wp2_A.json,analysis,PU,"WP2 block A arm A-L1: H=K001+K002, OR=KA05+KA07, IR=KI03+KI05; N15_M07_F10; per-file time split 60/20/20","time-split; window draw rng(seed, crc32(code))",lstm,1,torch.manual_seed+np.random.seed(seed); eval noise torch.manual_seed(1000+17*seed+rep),"3000 steps, last weights",3600,,add_awgn_tensor (per-window power),10.0|0.0|-4.0|-6.0|-8.0|-10.0|-12.0,top_mode over 5 noise draws; conc_mean,results/ckpt_wp2/A-L1_lstm_s1.pt,5dc0e47dfc7738608bee38acd1d2711c9e5553cf0019d20d244d62f0517c558c,not captured; script sha now bdd038b0a4fcab59,,result json,
wp2_A::A-L12a::lstm::s1,wp2_A.json,analysis,PU,"WP2 block A arm A-L12a: H=K001+K002, OR=KA05+KA08, IR=KI03+KI08; N15_M07_F10; per-file time split 60/20/20","time-split; window draw rng(seed, crc32(code))",lstm,1,torch.manual_seed+np.random.seed(seed); eval noise torch.manual_seed(1000+17*seed+rep),"3000 steps, last weights",3600,,add_awgn_tensor (per-window power),10.0|0.0|-4.0|-6.0|-8.0|-10.0|-12.0,top_mode over 5 noise draws; conc_mean,results/ckpt_wp2/A-L12a_lstm_s1.pt,a2699bdb6fb0718a5fd513aa923c35893d3bfb9bc39e33f1c603f00af01b654e,not captured; script sha now bdd038b0a4fcab59,,result json,
wp2_A::A-L12b::lstm::s1,wp2_A.json,analysis,PU,"WP2 block A arm A-L12b: H=K001+K002, OR=KA07+KA03, IR=KI05+KI08; N15_M07_F10; per-file time split 60/20/20","time-split; window draw rng(seed, crc32(code))",lstm,1,torch.manual_seed+np.random.seed(seed); eval noise torch.manual_seed(1000+17*seed+rep),"3000 steps, last weights",3600,,add_awgn_tensor (per-window power),10.0|0.0|-4.0|-6.0|-8.0|-10.0|-12.0,top_mode over 5 noise draws; conc_mean,results/ckpt_wp2/A-L12b_lstm_s1.pt,9c00a09a909092bf4a82076d5b754f8ca7da4894ba3480f29c34c4addce8f4a3,not captured; script sha now bdd038b0a4fcab59,,result json,
wp2_A::A-L1::wdcnn::s2,wp2_A.json,analysis,PU,"WP2 block A arm A-L1: H=K001+K002, OR=KA05+KA07, IR=KI03+KI05; N15_M07_F10; per-file time split 60/20/20","time-split; window draw rng(seed, crc32(code))",wdcnn,2,torch.manual_seed+np.random.seed(seed); eval noise torch.manual_seed(1000+17*seed+rep),"3000 steps, last weights",3600,,add_awgn_tensor (per-window power),10.0|0.0|-4.0|-6.0|-8.0|-10.0|-12.0,top_mode over 5 noise draws; conc_mean,results/ckpt_wp2/A-L1_wdcnn_s2.pt,3927bec74a964eded64c4583b07133c129c44e30f91a7693a0d1ed1e953ddac9,not captured; script sha now bdd038b0a4fcab59,,result json,
wp2_A::A-L12a::wdcnn::s2,wp2_A.json,analysis,PU,"WP2 block A arm A-L12a: H=K001+K002, OR=KA05+KA08, IR=KI03+KI08; N15_M07_F10; per-file time split 60/20/20","time-split; window draw rng(seed, crc32(code))",wdcnn,2,torch.manual_seed+np.random.seed(seed); eval noise torch.manual_seed(1000+17*seed+rep),"3000 steps, last weights",3600,,add_awgn_tensor (per-window power),10.0|0.0|-4.0|-6.0|-8.0|-10.0|-12.0,top_mode over 5 noise draws; conc_mean,results/ckpt_wp2/A-L12a_wdcnn_s2.pt,05bf2c96f4a22b329804cb754f0df62b9efa32e272b095fb4628f743c33d54c3,not captured; script sha now bdd038b0a4fcab59,,result json,
wp2_A::A-L12b::wdcnn::s2,wp2_A.json,analysis,PU,"WP2 block A arm A-L12b: H=K001+K002, OR=KA07+KA03, IR=KI05+KI08; N15_M07_F10; per-file time split 60/20/20","time-split; window draw rng(seed, crc32(code))",wdcnn,2,torch.manual_seed+np.random.seed(seed); eval noise torch.manual_seed(1000+17*seed+rep),"3000 steps, last weights",3600,,add_awgn_tensor (per-window power),10.0|0.0|-4.0|-6.0|-8.0|-10.0|-12.0,top_mode over 5 noise draws; conc_mean,results/ckpt_wp2/A-L12b_wdcnn_s2.pt,aec042ee96147861edeadc9e4bdaa1804de439111d1cacff86f1fd7929c30548,not captured; script sha now bdd038b0a4fcab59,,result json,
wp2_A::A-L1::drsn::s2,wp2_A.json,analysis,PU,"WP2 block A arm A-L1: H=K001+K002, OR=KA05+KA07, IR=KI03+KI05; N15_M07_F10; per-file time split 60/20/20","time-split; window draw rng(seed, crc32(code))",drsn,2,torch.manual_seed+np.random.seed(seed); eval noise torch.manual_seed(1000+17*seed+rep),"3000 steps, last weights",3600,,add_awgn_tensor (per-window power),10.0|0.0|-4.0|-6.0|-8.0|-10.0|-12.0,top_mode over 5 noise draws; conc_mean,results/ckpt_wp2/A-L1_drsn_s2.pt,10fafe5e530c2d215e8de61c068ee0c1f83aa89ee9e15835819c9ec3b510b4f7,not captured; script sha now bdd038b0a4fcab59,,result json,
wp2_A::A-L12a::drsn::s2,wp2_A.json,analysis,PU,"WP2 block A arm A-L12a: H=K001+K002, OR=KA05+KA08, IR=KI03+KI08; N15_M07_F10; per-file time split 60/20/20","time-split; window draw rng(seed, crc32(code))",drsn,2,torch.manual_seed+np.random.seed(seed); eval noise torch.manual_seed(1000+17*seed+rep),"3000 steps, last weights",3600,,add_awgn_tensor (per-window power),10.0|0.0|-4.0|-6.0|-8.0|-10.0|-12.0,top_mode over 5 noise draws; conc_mean,results/ckpt_wp2/A-L12a_drsn_s2.pt,a23a6c64a2f7ecad01976bab6325698bf2c38c357f73cf1780e5d000b55e19ec,not captured; script sha now bdd038b0a4fcab59,,result json,
wp2_A::A-L12b::drsn::s2,wp2_A.json,analysis,PU,"WP2 block A arm A-L12b: H=K001+K002, OR=KA07+KA03, IR=KI05+KI08; N15_M07_F10; per-file time split 60/20/20","time-split; window draw rng(seed, crc32(code))",drsn,2,torch.manual_seed+np.random.seed(seed); eval noise torch.manual_seed(1000+17*seed+rep),"3000 steps, last weights",3600,,add_awgn_tensor (per-window power),10.0|0.0|-4.0|-6.0|-8.0|-10.0|-12.0,top_mode over 5 noise draws; conc_mean,results/ckpt_wp2/A-L12b_drsn_s2.pt,70b3894aa59572d320f3073c5e9d3c106a549bd2468735794eebbd2dd467a724,not captured; script sha now bdd038b0a4fcab59,,result json,
wp2_A::A-L1::lstm::s2,wp2_A.json,analysis,PU,"WP2 block A arm A-L1: H=K001+K002, OR=KA05+KA07, IR=KI03+KI05; N15_M07_F10; per-file time split 60/20/20","time-split; window draw rng(seed, crc32(code))",lstm,2,torch.manual_seed+np.random.seed(seed); eval noise torch.manual_seed(1000+17*seed+rep),"3000 steps, last weights",3600,,add_awgn_tensor (per-window power),10.0|0.0|-4.0|-6.0|-8.0|-10.0|-12.0,top_mode over 5 noise draws; conc_mean,results/ckpt_wp2/A-L1_lstm_s2.pt,7db41bc79a50e9d4a3c65ad753f674f1709713f8862984fe7bfa6a38c25cd9d7,not captured; script sha now bdd038b0a4fcab59,,result json,
wp2_A::A-L12a::lstm::s2,wp2_A.json,analysis,PU,"WP2 block A arm A-L12a: H=K001+K002, OR=KA05+KA08, IR=KI03+KI08; N15_M07_F10; per-file time split 60/20/20","time-split; window draw rng(seed, crc32(code))",lstm,2,torch.manual_seed+np.random.seed(seed); eval noise torch.manual_seed(1000+17*seed+rep),"3000 steps, last weights",3600,,add_awgn_tensor (per-window power),10.0|0.0|-4.0|-6.0|-8.0|-10.0|-12.0,top_mode over 5 noise draws; conc_mean,results/ckpt_wp2/A-L12a_lstm_s2.pt,93f545e5527ae609ab6896bb40077789a60d93f228ec3efe3382e6ddb63f1349,not captured; script sha now bdd038b0a4fcab59,,result json,
wp2_A::A-L12b::lstm::s2,wp2_A.json,analysis,PU,"WP2 block A arm A-L12b: H=K001+K002, OR=KA07+KA03, IR=KI05+KI08; N15_M07_F10; per-file time split 60/20/20","time-split; window draw rng(seed, crc32(code))",lstm,2,torch.manual_seed+np.random.seed(seed); eval noise torch.manual_seed(1000+17*seed+rep),"3000 steps, last weights",3600,,add_awgn_tensor (per-window power),10.0|0.0|-4.0|-6.0|-8.0|-10.0|-12.0,top_mode over 5 noise draws; conc_mean,results/ckpt_wp2/A-L12b_lstm_s2.pt,5ec95e6d2dba9573fed8af995e356c197f8c8e5b4cdbdbcca887892fd903f85c,not captured; script sha now bdd038b0a4fcab59,,result json,
wp2_A::A-L1::wdcnn::s3,wp2_A.json,analysis,PU,"WP2 block A arm A-L1: H=K001+K002, OR=KA05+KA07, IR=KI03+KI05; N15_M07_F10; per-file time split 60/20/20","time-split; window draw rng(seed, crc32(code))",wdcnn,3,torch.manual_seed+np.random.seed(seed); eval noise torch.manual_seed(1000+17*seed+rep),"3000 steps, last weights",3600,,add_awgn_tensor (per-window power),10.0|0.0|-4.0|-6.0|-8.0|-10.0|-12.0,top_mode over 5 noise draws; conc_mean,results/ckpt_wp2/A-L1_wdcnn_s3.pt,13beb950a6ca6d8c928c5d62c99e61acc5fd4bb1b4179d1d004ee50cd238f2ad,not captured; script sha now bdd038b0a4fcab59,,result json,
wp2_A::A-L12a::wdcnn::s3,wp2_A.json,analysis,PU,"WP2 block A arm A-L12a: H=K001+K002, OR=KA05+KA08, IR=KI03+KI08; N15_M07_F10; per-file time split 60/20/20","time-split; window draw rng(seed, crc32(code))",wdcnn,3,torch.manual_seed+np.random.seed(seed); eval noise torch.manual_seed(1000+17*seed+rep),"3000 steps, last weights",3600,,add_awgn_tensor (per-window power),10.0|0.0|-4.0|-6.0|-8.0|-10.0|-12.0,top_mode over 5 noise draws; conc_mean,results/ckpt_wp2/A-L12a_wdcnn_s3.pt,d1763120656b706720d362c092979aa6b0073dda98b96cfe07d3591f6b5fa8f1,not captured; script sha now bdd038b0a4fcab59,,result json,
wp2_A::A-L12b::wdcnn::s3,wp2_A.json,analysis,PU,"WP2 block A arm A-L12b: H=K001+K002, OR=KA07+KA03, IR=KI05+KI08; N15_M07_F10; per-file time split 60/20/20","time-split; window draw rng(seed, crc32(code))",wdcnn,3,torch.manual_seed+np.random.seed(seed); eval noise torch.manual_seed(1000+17*seed+rep),"3000 steps, last weights",3600,,add_awgn_tensor (per-window power),10.0|0.0|-4.0|-6.0|-8.0|-10.0|-12.0,top_mode over 5 noise draws; conc_mean,results/ckpt_wp2/A-L12b_wdcnn_s3.pt,6635c7b8a7ac495fbffdef6d6a929c8a0e94f76cf224fe23922b131b70dd1cc8,not captured; script sha now bdd038b0a4fcab59,,result json,
wp2_A::A-L1::drsn::s3,wp2_A.json,analysis,PU,"WP2 block A arm A-L1: H=K001+K002, OR=KA05+KA07, IR=KI03+KI05; N15_M07_F10; per-file time split 60/20/20","time-split; window draw rng(seed, crc32(code))",drsn,3,torch.manual_seed+np.random.seed(seed); eval noise torch.manual_seed(1000+17*seed+rep),"3000 steps, last weights",3600,,add_awgn_tensor (per-window power),10.0|0.0|-4.0|-6.0|-8.0|-10.0|-12.0,top_mode over 5 noise draws; conc_mean,results/ckpt_wp2/A-L1_drsn_s3.pt,1358d25ff6e6f998528e4a618fc10f72726d0b86e46715aea141fec901c7ba84,not captured; script sha now bdd038b0a4fcab59,,result json,
wp2_A::A-L12a::drsn::s3,wp2_A.json,analysis,PU,"WP2 block A arm A-L12a: H=K001+K002, OR=KA05+KA08, IR=KI03+KI08; N15_M07_F10; per-file time split 60/20/20","time-split; window draw rng(seed, crc32(code))",drsn,3,torch.manual_seed+np.random.seed(seed); eval noise torch.manual_seed(1000+17*seed+rep),"3000 steps, last weights",3600,,add_awgn_tensor (per-window power),10.0|0.0|-4.0|-6.0|-8.0|-10.0|-12.0,top_mode over 5 noise draws; conc_mean,results/ckpt_wp2/A-L12a_drsn_s3.pt,e67c48a93a2a7931f1ea5e200ce2914c407dfec81951328c25f63c6cd6e87afc,not captured; script sha now bdd038b0a4fcab59,,result json,
wp2_A::A-L12b::drsn::s3,wp2_A.json,analysis,PU,"WP2 block A arm A-L12b: H=K001+K002, OR=KA07+KA03, IR=KI05+KI08; N15_M07_F10; per-file time split 60/20/20","time-split; window draw rng(seed, crc32(code))",drsn,3,torch.manual_seed+np.random.seed(seed); eval noise torch.manual_seed(1000+17*seed+rep),"3000 steps, last weights",3600,,add_awgn_tensor (per-window power),10.0|0.0|-4.0|-6.0|-8.0|-10.0|-12.0,top_mode over 5 noise draws; conc_mean,results/ckpt_wp2/A-L12b_drsn_s3.pt,8daa2020c6d2c236cbb54e362aed47409336072b5681bd93a62cc5e4fddb1dc9,not captured; script sha now bdd038b0a4fcab59,,result json,
wp2_A::A-L1::lstm::s3,wp2_A.json,analysis,PU,"WP2 block A arm A-L1: H=K001+K002, OR=KA05+KA07, IR=KI03+KI05; N15_M07_F10; per-file time split 60/20/20","time-split; window draw rng(seed, crc32(code))",lstm,3,torch.manual_seed+np.random.seed(seed); eval noise torch.manual_seed(1000+17*seed+rep),"3000 steps, last weights",3600,,add_awgn_tensor (per-window power),10.0|0.0|-4.0|-6.0|-8.0|-10.0|-12.0,top_mode over 5 noise draws; conc_mean,results/ckpt_wp2/A-L1_lstm_s3.pt,9da7b7a8dc52615c6db650ab77a0ab4422e22de86c5d098b4a0fe9fc16d91aca,not captured; script sha now bdd038b0a4fcab59,,result json,
wp2_A::A-L12a::lstm::s3,wp2_A.json,analysis,PU,"WP2 block A arm A-L12a: H=K001+K002, OR=KA05+KA08, IR=KI03+KI08; N15_M07_F10; per-file time split 60/20/20","time-split; window draw rng(seed, crc32(code))",lstm,3,torch.manual_seed+np.random.seed(seed); eval noise torch.manual_seed(1000+17*seed+rep),"3000 steps, last weights",3600,,add_awgn_tensor (per-window power),10.0|0.0|-4.0|-6.0|-8.0|-10.0|-12.0,top_mode over 5 noise draws; conc_mean,results/ckpt_wp2/A-L12a_lstm_s3.pt,9335587d4843be865e846e9e2c06275f2351610f901aaa1460151a3ec9524b72,not captured; script sha now bdd038b0a4fcab59,,result json,
wp2_A::A-L12b::lstm::s3,wp2_A.json,analysis,PU,"WP2 block A arm A-L12b: H=K001+K002, OR=KA07+KA03, IR=KI05+KI08; N15_M07_F10; per-file time split 60/20/20","time-split; window draw rng(seed, crc32(code))",lstm,3,torch.manual_seed+np.random.seed(seed); eval noise torch.manual_seed(1000+17*seed+rep),"3000 steps, last weights",3600,,add_awgn_tensor (per-window power),10.0|0.0|-4.0|-6.0|-8.0|-10.0|-12.0,top_mode over 5 noise draws; conc_mean,results/ckpt_wp2/A-L12b_lstm_s3.pt,8be1b27d97cd8141f51023d07dd9a4c5983e872ed5c4bc58f05ae6453d89b5f2,not captured; script sha now bdd038b0a4fcab59,,result json,
wp2_A::A-L1::wdcnn::s4,wp2_A.json,analysis,PU,"WP2 block A arm A-L1: H=K001+K002, OR=KA05+KA07, IR=KI03+KI05; N15_M07_F10; per-file time split 60/20/20","time-split; window draw rng(seed, crc32(code))",wdcnn,4,torch.manual_seed+np.random.seed(seed); eval noise torch.manual_seed(1000+17*seed+rep),"3000 steps, last weights",3600,,add_awgn_tensor (per-window power),10.0|0.0|-4.0|-6.0|-8.0|-10.0|-12.0,top_mode over 5 noise draws; conc_mean,results/ckpt_wp2/A-L1_wdcnn_s4.pt,5dbfa09122a0b4fc13e0d7ece16290a89a5a3e3e7f75ef8abb783ae27d7c2683,not captured; script sha now bdd038b0a4fcab59,,result json,
wp2_A::A-L12a::wdcnn::s4,wp2_A.json,analysis,PU,"WP2 block A arm A-L12a: H=K001+K002, OR=KA05+KA08, IR=KI03+KI08; N15_M07_F10; per-file time split 60/20/20","time-split; window draw rng(seed, crc32(code))",wdcnn,4,torch.manual_seed+np.random.seed(seed); eval noise torch.manual_seed(1000+17*seed+rep),"3000 steps, last weights",3600,,add_awgn_tensor (per-window power),10.0|0.0|-4.0|-6.0|-8.0|-10.0|-12.0,top_mode over 5 noise draws; conc_mean,results/ckpt_wp2/A-L12a_wdcnn_s4.pt,cb87c6a4561ccc3402097728ad371110a88c0c9ff178b11b15eaba33ef36e0b8,not captured; script sha now bdd038b0a4fcab59,,result json,
wp2_A::A-L12b::wdcnn::s4,wp2_A.json,analysis,PU,"WP2 block A arm A-L12b: H=K001+K002, OR=KA07+KA03, IR=KI05+KI08; N15_M07_F10; per-file time split 60/20/20","time-split; window draw rng(seed, crc32(code))",wdcnn,4,torch.manual_seed+np.random.seed(seed); eval noise torch.manual_seed(1000+17*seed+rep),"3000 steps, last weights",3600,,add_awgn_tensor (per-window power),10.0|0.0|-4.0|-6.0|-8.0|-10.0|-12.0,top_mode over 5 noise draws; conc_mean,results/ckpt_wp2/A-L12b_wdcnn_s4.pt,fb9d267c84f67fe081b4b174129a9ac7bfb3ef15b0e44c992e5e571f50a8a67f,not captured; script sha now bdd038b0a4fcab59,,result json,
wp2_A::A-L1::drsn::s4,wp2_A.json,analysis,PU,"WP2 block A arm A-L1: H=K001+K002, OR=KA05+KA07, IR=KI03+KI05; N15_M07_F10; per-file time split 60/20/20","time-split; window draw rng(seed, crc32(code))",drsn,4,torch.manual_seed+np.random.seed(seed); eval noise torch.manual_seed(1000+17*seed+rep),"3000 steps, last weights",3600,,add_awgn_tensor (per-window power),10.0|0.0|-4.0|-6.0|-8.0|-10.0|-12.0,top_mode over 5 noise draws; conc_mean,results/ckpt_wp2/A-L1_drsn_s4.pt,ded555bf11aa104d9d37e3c9274bf21bed68482c8468322be8c957b3fd8d1946,not captured; script sha now bdd038b0a4fcab59,,result json,
wp2_A::A-L12a::drsn::s4,wp2_A.json,analysis,PU,"WP2 block A arm A-L12a: H=K001+K002, OR=KA05+KA08, IR=KI03+KI08; N15_M07_F10; per-file time split 60/20/20","time-split; window draw rng(seed, crc32(code))",drsn,4,torch.manual_seed+np.random.seed(seed); eval noise torch.manual_seed(1000+17*seed+rep),"3000 steps, last weights",3600,,add_awgn_tensor (per-window power),10.0|0.0|-4.0|-6.0|-8.0|-10.0|-12.0,top_mode over 5 noise draws; conc_mean,results/ckpt_wp2/A-L12a_drsn_s4.pt,711ecdbf7dfea1fd0097f8286132af474b27f1cb96c5cfa92765303495044030,not captured; script sha now bdd038b0a4fcab59,,result json,
wp2_A::A-L12b::drsn::s4,wp2_A.json,analysis,PU,"WP2 block A arm A-L12b: H=K001+K002, OR=KA07+KA03, IR=KI05+KI08; N15_M07_F10; per-file time split 60/20/20","time-split; window draw rng(seed, crc32(code))",drsn,4,torch.manual_seed+np.random.seed(seed); eval noise torch.manual_seed(1000+17*seed+rep),"3000 steps, last weights",3600,,add_awgn_tensor (per-window power),10.0|0.0|-4.0|-6.0|-8.0|-10.0|-12.0,top_mode over 5 noise draws; conc_mean,results/ckpt_wp2/A-L12b_drsn_s4.pt,33709d19d9f6e11f6aee1e8af8c9d754137b4736500001c9736cdf6942cfdc71,not captured; script sha now bdd038b0a4fcab59,,result json,
wp2_A::A-L1::lstm::s4,wp2_A.json,analysis,PU,"WP2 block A arm A-L1: H=K001+K002, OR=KA05+KA07, IR=KI03+KI05; N15_M07_F10; per-file time split 60/20/20","time-split; window draw rng(seed, crc32(code))",lstm,4,torch.manual_seed+np.random.seed(seed); eval noise torch.manual_seed(1000+17*seed+rep),"3000 steps, last weights",3600,,add_awgn_tensor (per-window power),10.0|0.0|-4.0|-6.0|-8.0|-10.0|-12.0,top_mode over 5 noise draws; conc_mean,results/ckpt_wp2/A-L1_lstm_s4.pt,38013c576ec7b99fed3d03fc4bdb4c845a351c49b7654fa846d3af019bae6f5c,not captured; script sha now bdd038b0a4fcab59,,result json,
wp2_A::A-L12a::lstm::s4,wp2_A.json,analysis,PU,"WP2 block A arm A-L12a: H=K001+K002, OR=KA05+KA08, IR=KI03+KI08; N15_M07_F10; per-file time split 60/20/20","time-split; window draw rng(seed, crc32(code))",lstm,4,torch.manual_seed+np.random.seed(seed); eval noise torch.manual_seed(1000+17*seed+rep),"3000 steps, last weights",3600,,add_awgn_tensor (per-window power),10.0|0.0|-4.0|-6.0|-8.0|-10.0|-12.0,top_mode over 5 noise draws; conc_mean,results/ckpt_wp2/A-L12a_lstm_s4.pt,7b5dd26a4765526280e8b114a9b044b24fcd337ae9ab8c74f65d7c8858176ea4,not captured; script sha now bdd038b0a4fcab59,,result json,
wp2_A::A-L12b::lstm::s4,wp2_A.json,analysis,PU,"WP2 block A arm A-L12b: H=K001+K002, OR=KA07+KA03, IR=KI05+KI08; N15_M07_F10; per-file time split 60/20/20","time-split; window draw rng(seed, crc32(code))",lstm,4,torch.manual_seed+np.random.seed(seed); eval noise torch.manual_seed(1000+17*seed+rep),"3000 steps, last weights",3600,,add_awgn_tensor (per-window power),10.0|0.0|-4.0|-6.0|-8.0|-10.0|-12.0,top_mode over 5 noise draws; conc_mean,results/ckpt_wp2/A-L12b_lstm_s4.pt,087c8022b4c5b5190dd9e1c25ce59d3499eac82bf263060d551577a0b07dbc71,not captured; script sha now bdd038b0a4fcab59,,result json,
wp2_R_single::R-L1::cnn1d::s0,wp2_R_single.json,analysis,PU,"WP2 block R arm R-L1: H=K001+K002, OR=KA04+KA22, IR=KI21+KI14; N15_M07_F10; per-file time split 60/20/20","time-split; window draw rng(seed, crc32(code))",cnn1d,0,torch.manual_seed+np.random.seed(seed); eval noise torch.manual_seed(1000+17*seed+rep),"3000 steps, last weights",3600,,add_awgn_tensor (per-window power),10.0|0.0|-4.0|-6.0|-8.0|-10.0|-12.0,top_mode over 5 noise draws; conc_mean,results/ckpt_wp2/R-L1_cnn1d_s0.pt,b4f0e9e7f15812b0207a1fa360db50c9d53ac7b02fe10274560c20985fd461ce,not captured; script sha now bdd038b0a4fcab59,,result json,
wp2_R_single::R-L12a::cnn1d::s0,wp2_R_single.json,analysis,PU,"WP2 block R arm R-L12a: H=K001+K002, OR=KA22+KA16, IR=KI21+KI18; N15_M07_F10; per-file time split 60/20/20","time-split; window draw rng(seed, crc32(code))",cnn1d,0,torch.manual_seed+np.random.seed(seed); eval noise torch.manual_seed(1000+17*seed+rep),"3000 steps, last weights",3600,,add_awgn_tensor (per-window power),10.0|0.0|-4.0|-6.0|-8.0|-10.0|-12.0,top_mode over 5 noise draws; conc_mean,results/ckpt_wp2/R-L12a_cnn1d_s0.pt,5ac5beec97b6a13fc997b06403fc25eaea0f99369b5904374b906d1a604c31ac,not captured; script sha now bdd038b0a4fcab59,,result json,
wp2_R_single::R-L1::transformer::s0,wp2_R_single.json,analysis,PU,"WP2 block R arm R-L1: H=K001+K002, OR=KA04+KA22, IR=KI21+KI14; N15_M07_F10; per-file time split 60/20/20","time-split; window draw rng(seed, crc32(code))",transformer,0,torch.manual_seed+np.random.seed(seed); eval noise torch.manual_seed(1000+17*seed+rep),"3000 steps, last weights",3600,,add_awgn_tensor (per-window power),10.0|0.0|-4.0|-6.0|-8.0|-10.0|-12.0,top_mode over 5 noise draws; conc_mean,results/ckpt_wp2/R-L1_transformer_s0.pt,397f5a2fdf1bdfb48ef6ffa3f3c4d32c1c861af79aea847995f9163952e9c0b0,not captured; script sha now bdd038b0a4fcab59,,result json,
wp2_R_single::R-L12a::transformer::s0,wp2_R_single.json,analysis,PU,"WP2 block R arm R-L12a: H=K001+K002, OR=KA22+KA16, IR=KI21+KI18; N15_M07_F10; per-file time split 60/20/20","time-split; window draw rng(seed, crc32(code))",transformer,0,torch.manual_seed+np.random.seed(seed); eval noise torch.manual_seed(1000+17*seed+rep),"3000 steps, last weights",3600,,add_awgn_tensor (per-window power),10.0|0.0|-4.0|-6.0|-8.0|-10.0|-12.0,top_mode over 5 noise draws; conc_mean,results/ckpt_wp2/R-L12a_transformer_s0.pt,1cb4879fa52d710668f40137f32379ae389a816c4d895ff1c038c5a2055c1cba,not captured; script sha now bdd038b0a4fcab59,,result json,
wp2_R_single::R-L1::cnn1d::s1,wp2_R_single.json,analysis,PU,"WP2 block R arm R-L1: H=K001+K002, OR=KA04+KA22, IR=KI21+KI14; N15_M07_F10; per-file time split 60/20/20","time-split; window draw rng(seed, crc32(code))",cnn1d,1,torch.manual_seed+np.random.seed(seed); eval noise torch.manual_seed(1000+17*seed+rep),"3000 steps, last weights",3600,,add_awgn_tensor (per-window power),10.0|0.0|-4.0|-6.0|-8.0|-10.0|-12.0,top_mode over 5 noise draws; conc_mean,results/ckpt_wp2/R-L1_cnn1d_s1.pt,62f6cbbb5bd44474d3116b6b762ed2cb3a48e83c00c9f30003b6f027b97b6339,not captured; script sha now bdd038b0a4fcab59,,result json,
wp2_R_single::R-L12a::cnn1d::s1,wp2_R_single.json,analysis,PU,"WP2 block R arm R-L12a: H=K001+K002, OR=KA22+KA16, IR=KI21+KI18; N15_M07_F10; per-file time split 60/20/20","time-split; window draw rng(seed, crc32(code))",cnn1d,1,torch.manual_seed+np.random.seed(seed); eval noise torch.manual_seed(1000+17*seed+rep),"3000 steps, last weights",3600,,add_awgn_tensor (per-window power),10.0|0.0|-4.0|-6.0|-8.0|-10.0|-12.0,top_mode over 5 noise draws; conc_mean,results/ckpt_wp2/R-L12a_cnn1d_s1.pt,40225bb34a664cfdb6c0949ec5a195fe1aa640dba258f6367cb3a1b47718d976,not captured; script sha now bdd038b0a4fcab59,,result json,
wp2_R_single::R-L1::transformer::s1,wp2_R_single.json,analysis,PU,"WP2 block R arm R-L1: H=K001+K002, OR=KA04+KA22, IR=KI21+KI14; N15_M07_F10; per-file time split 60/20/20","time-split; window draw rng(seed, crc32(code))",transformer,1,torch.manual_seed+np.random.seed(seed); eval noise torch.manual_seed(1000+17*seed+rep),"3000 steps, last weights",3600,,add_awgn_tensor (per-window power),10.0|0.0|-4.0|-6.0|-8.0|-10.0|-12.0,top_mode over 5 noise draws; conc_mean,results/ckpt_wp2/R-L1_transformer_s1.pt,550d9d0ddfad3923ca9d754ea6cd483f34b78742a0c020bd189baaee04a2cb33,not captured; script sha now bdd038b0a4fcab59,,result json,
wp2_R_single::R-L12a::transformer::s1,wp2_R_single.json,analysis,PU,"WP2 block R arm R-L12a: H=K001+K002, OR=KA22+KA16, IR=KI21+KI18; N15_M07_F10; per-file time split 60/20/20","time-split; window draw rng(seed, crc32(code))",transformer,1,torch.manual_seed+np.random.seed(seed); eval noise torch.manual_seed(1000+17*seed+rep),"3000 steps, last weights",3600,,add_awgn_tensor (per-window power),10.0|0.0|-4.0|-6.0|-8.0|-10.0|-12.0,top_mode over 5 noise draws; conc_mean,results/ckpt_wp2/R-L12a_transformer_s1.pt,10a9b6d31ce7b023e799065610158946584a51794bbbbafeebb8055b78bf3a2d,not captured; script sha now bdd038b0a4fcab59,,result json,
wp2_R_single::R-L1::cnn1d::s2,wp2_R_single.json,analysis,PU,"WP2 block R arm R-L1: H=K001+K002, OR=KA04+KA22, IR=KI21+KI14; N15_M07_F10; per-file time split 60/20/20","time-split; window draw rng(seed, crc32(code))",cnn1d,2,torch.manual_seed+np.random.seed(seed); eval noise torch.manual_seed(1000+17*seed+rep),"3000 steps, last weights",3600,,add_awgn_tensor (per-window power),10.0|0.0|-4.0|-6.0|-8.0|-10.0|-12.0,top_mode over 5 noise draws; conc_mean,results/ckpt_wp2/R-L1_cnn1d_s2.pt,b655df7b94d8eddfe3de8e369148a3470bd1fc829f1c58ef67aa753e2ed19486,not captured; script sha now bdd038b0a4fcab59,,result json,
wp2_R_single::R-L12a::cnn1d::s2,wp2_R_single.json,analysis,PU,"WP2 block R arm R-L12a: H=K001+K002, OR=KA22+KA16, IR=KI21+KI18; N15_M07_F10; per-file time split 60/20/20","time-split; window draw rng(seed, crc32(code))",cnn1d,2,torch.manual_seed+np.random.seed(seed); eval noise torch.manual_seed(1000+17*seed+rep),"3000 steps, last weights",3600,,add_awgn_tensor (per-window power),10.0|0.0|-4.0|-6.0|-8.0|-10.0|-12.0,top_mode over 5 noise draws; conc_mean,results/ckpt_wp2/R-L12a_cnn1d_s2.pt,86d7e40cf13605846ee652fd8056a66f965a1af04de82a235411a07f2b02036b,not captured; script sha now bdd038b0a4fcab59,,result json,
wp2_R_single::R-L1::transformer::s2,wp2_R_single.json,analysis,PU,"WP2 block R arm R-L1: H=K001+K002, OR=KA04+KA22, IR=KI21+KI14; N15_M07_F10; per-file time split 60/20/20","time-split; window draw rng(seed, crc32(code))",transformer,2,torch.manual_seed+np.random.seed(seed); eval noise torch.manual_seed(1000+17*seed+rep),"3000 steps, last weights",3600,,add_awgn_tensor (per-window power),10.0|0.0|-4.0|-6.0|-8.0|-10.0|-12.0,top_mode over 5 noise draws; conc_mean,results/ckpt_wp2/R-L1_transformer_s2.pt,2c13085023e811e69f222c8fb6aad3a41e3fe6681ecce5fb3d8f7dc5fd4720f9,not captured; script sha now bdd038b0a4fcab59,,result json,
wp2_R_single::R-L12a::transformer::s2,wp2_R_single.json,analysis,PU,"WP2 block R arm R-L12a: H=K001+K002, OR=KA22+KA16, IR=KI21+KI18; N15_M07_F10; per-file time split 60/20/20","time-split; window draw rng(seed, crc32(code))",transformer,2,torch.manual_seed+np.random.seed(seed); eval noise torch.manual_seed(1000+17*seed+rep),"3000 steps, last weights",3600,,add_awgn_tensor (per-window power),10.0|0.0|-4.0|-6.0|-8.0|-10.0|-12.0,top_mode over 5 noise draws; conc_mean,results/ckpt_wp2/R-L12a_transformer_s2.pt,b67597f483b9194595fa459719c42dfad96bfb6e30872483c3a50d75e42fb216,not captured; script sha now bdd038b0a4fcab59,,result json,
wp2_R_single::R-L1::cnn1d::s3,wp2_R_single.json,analysis,PU,"WP2 block R arm R-L1: H=K001+K002, OR=KA04+KA22, IR=KI21+KI14; N15_M07_F10; per-file time split 60/20/20","time-split; window draw rng(seed, crc32(code))",cnn1d,3,torch.manual_seed+np.random.seed(seed); eval noise torch.manual_seed(1000+17*seed+rep),"3000 steps, last weights",3600,,add_awgn_tensor (per-window power),10.0|0.0|-4.0|-6.0|-8.0|-10.0|-12.0,top_mode over 5 noise draws; conc_mean,results/ckpt_wp2/R-L1_cnn1d_s3.pt,cd558b569b7758fe5258adad999e5ba9c9d055b5b393a2b151a30fa2988cd452,not captured; script sha now bdd038b0a4fcab59,,result json,
wp2_R_single::R-L12a::cnn1d::s3,wp2_R_single.json,analysis,PU,"WP2 block R arm R-L12a: H=K001+K002, OR=KA22+KA16, IR=KI21+KI18; N15_M07_F10; per-file time split 60/20/20","time-split; window draw rng(seed, crc32(code))",cnn1d,3,torch.manual_seed+np.random.seed(seed); eval noise torch.manual_seed(1000+17*seed+rep),"3000 steps, last weights",3600,,add_awgn_tensor (per-window power),10.0|0.0|-4.0|-6.0|-8.0|-10.0|-12.0,top_mode over 5 noise draws; conc_mean,results/ckpt_wp2/R-L12a_cnn1d_s3.pt,01ae3c78f14ad2beda26ab7b79cfd9a0835a6df293c11ca5db3ab31c4efb18dd,not captured; script sha now bdd038b0a4fcab59,,result json,
wp2_R_single::R-L1::transformer::s3,wp2_R_single.json,analysis,PU,"WP2 block R arm R-L1: H=K001+K002, OR=KA04+KA22, IR=KI21+KI14; N15_M07_F10; per-file time split 60/20/20","time-split; window draw rng(seed, crc32(code))",transformer,3,torch.manual_seed+np.random.seed(seed); eval noise torch.manual_seed(1000+17*seed+rep),"3000 steps, last weights",3600,,add_awgn_tensor (per-window power),10.0|0.0|-4.0|-6.0|-8.0|-10.0|-12.0,top_mode over 5 noise draws; conc_mean,results/ckpt_wp2/R-L1_transformer_s3.pt,50ef0165de005f53effff41ce396dcdc958013f88d8b32fad56adfe0f876b1dd,not captured; script sha now bdd038b0a4fcab59,,result json,
wp2_R_single::R-L12a::transformer::s3,wp2_R_single.json,analysis,PU,"WP2 block R arm R-L12a: H=K001+K002, OR=KA22+KA16, IR=KI21+KI18; N15_M07_F10; per-file time split 60/20/20","time-split; window draw rng(seed, crc32(code))",transformer,3,torch.manual_seed+np.random.seed(seed); eval noise torch.manual_seed(1000+17*seed+rep),"3000 steps, last weights",3600,,add_awgn_tensor (per-window power),10.0|0.0|-4.0|-6.0|-8.0|-10.0|-12.0,top_mode over 5 noise draws; conc_mean,results/ckpt_wp2/R-L12a_transformer_s3.pt,206ffcede7ab0b338a4af153ada6274822ce21833495206d72aef3135e6f0512,not captured; script sha now bdd038b0a4fcab59,,result json,
wp2_R_single::R-L1::cnn1d::s4,wp2_R_single.json,analysis,PU,"WP2 block R arm R-L1: H=K001+K002, OR=KA04+KA22, IR=KI21+KI14; N15_M07_F10; per-file time split 60/20/20","time-split; window draw rng(seed, crc32(code))",cnn1d,4,torch.manual_seed+np.random.seed(seed); eval noise torch.manual_seed(1000+17*seed+rep),"3000 steps, last weights",3600,,add_awgn_tensor (per-window power),10.0|0.0|-4.0|-6.0|-8.0|-10.0|-12.0,top_mode over 5 noise draws; conc_mean,results/ckpt_wp2/R-L1_cnn1d_s4.pt,33852b271f1e6a37f48c644eace6962c8ebc85f1fb83ee9480895baa40be8aa1,not captured; script sha now bdd038b0a4fcab59,,result json,
wp2_R_single::R-L12a::cnn1d::s4,wp2_R_single.json,analysis,PU,"WP2 block R arm R-L12a: H=K001+K002, OR=KA22+KA16, IR=KI21+KI18; N15_M07_F10; per-file time split 60/20/20","time-split; window draw rng(seed, crc32(code))",cnn1d,4,torch.manual_seed+np.random.seed(seed); eval noise torch.manual_seed(1000+17*seed+rep),"3000 steps, last weights",3600,,add_awgn_tensor (per-window power),10.0|0.0|-4.0|-6.0|-8.0|-10.0|-12.0,top_mode over 5 noise draws; conc_mean,results/ckpt_wp2/R-L12a_cnn1d_s4.pt,db3e31e1d8ca9e64d7047b30c924825edb7d691344633ff6b5f86de6bdf7d4d1,not captured; script sha now bdd038b0a4fcab59,,result json,
wp2_R_single::R-L1::transformer::s4,wp2_R_single.json,analysis,PU,"WP2 block R arm R-L1: H=K001+K002, OR=KA04+KA22, IR=KI21+KI14; N15_M07_F10; per-file time split 60/20/20","time-split; window draw rng(seed, crc32(code))",transformer,4,torch.manual_seed+np.random.seed(seed); eval noise torch.manual_seed(1000+17*seed+rep),"3000 steps, last weights",3600,,add_awgn_tensor (per-window power),10.0|0.0|-4.0|-6.0|-8.0|-10.0|-12.0,top_mode over 5 noise draws; conc_mean,results/ckpt_wp2/R-L1_transformer_s4.pt,5d664dbf6b9a7c98710a27992a65bd2af9c3ac1935d1da23ef50c483042a4739,not captured; script sha now bdd038b0a4fcab59,,result json,
wp2_R_single::R-L12a::transformer::s4,wp2_R_single.json,analysis,PU,"WP2 block R arm R-L12a: H=K001+K002, OR=KA22+KA16, IR=KI21+KI18; N15_M07_F10; per-file time split 60/20/20","time-split; window draw rng(seed, crc32(code))",transformer,4,torch.manual_seed+np.random.seed(seed); eval noise torch.manual_seed(1000+17*seed+rep),"3000 steps, last weights",3600,,add_awgn_tensor (per-window power),10.0|0.0|-4.0|-6.0|-8.0|-10.0|-12.0,top_mode over 5 noise draws; conc_mean,results/ckpt_wp2/R-L12a_transformer_s4.pt,1ad876dc87235c161cf34291ab166786d7e2d5adc25eb929d3305a7bbeffad4b,not captured; script sha now bdd038b0a4fcab59,,result json,
b_confirm::PU_N09_M07_F10::wdcnn::s0,b_confirm.json,analysis,PU,"B confirm PU N09_M07_F10: R-L1 composition (H=K001+K002, OR=KA04+KA22, IR=KI21+KI14), per-file time split",time-split,wdcnn,0,torch.manual_seed+np.random.seed(seed); eval noise torch.manual_seed(5000+17*seed+rep),"3000 steps, last weights",3600,,add_awgn_tensor (per-window power),-8,top_mode over 5 draws; conc>=0.60 = attractor,results/ckpt_b/PU_N09_M07_F10_wdcnn_s0.pt,754a40c44fe8c723014ee959daf77bf31439c41ab934553be480bc65c3f198ff,not captured; script sha now 3c2ca9bf89c684fb,,result json,
b_confirm::PU_N09_M07_F10::drsn::s0,b_confirm.json,analysis,PU,"B confirm PU N09_M07_F10: R-L1 composition (H=K001+K002, OR=KA04+KA22, IR=KI21+KI14), per-file time split",time-split,drsn,0,torch.manual_seed+np.random.seed(seed); eval noise torch.manual_seed(5000+17*seed+rep),"3000 steps, last weights",3600,,add_awgn_tensor (per-window power),-8,top_mode over 5 draws; conc>=0.60 = attractor,results/ckpt_b/PU_N09_M07_F10_drsn_s0.pt,ab1bea163c660bdc80c998e438fcaa5a379b64f1d19e0e659231c40e0cd7bd40,not captured; script sha now 3c2ca9bf89c684fb,,result json,
b_confirm::PU_N09_M07_F10::lstm::s0,b_confirm.json,analysis,PU,"B confirm PU N09_M07_F10: R-L1 composition (H=K001+K002, OR=KA04+KA22, IR=KI21+KI14), per-file time split",time-split,lstm,0,torch.manual_seed+np.random.seed(seed); eval noise torch.manual_seed(5000+17*seed+rep),"3000 steps, last weights",3600,,add_awgn_tensor (per-window power),-8,top_mode over 5 draws; conc>=0.60 = attractor,results/ckpt_b/PU_N09_M07_F10_lstm_s0.pt,4ddad9029c398725dd367f80bfc686aabbb8a2b6d6e22740084af88f9361c58b,not captured; script sha now 3c2ca9bf89c684fb,,result json,
b_confirm::PU_N09_M07_F10::wdcnn::s1,b_confirm.json,analysis,PU,"B confirm PU N09_M07_F10: R-L1 composition (H=K001+K002, OR=KA04+KA22, IR=KI21+KI14), per-file time split",time-split,wdcnn,1,torch.manual_seed+np.random.seed(seed); eval noise torch.manual_seed(5000+17*seed+rep),"3000 steps, last weights",3600,,add_awgn_tensor (per-window power),-8,top_mode over 5 draws; conc>=0.60 = attractor,results/ckpt_b/PU_N09_M07_F10_wdcnn_s1.pt,16561724d9cc1cbd4f3cfe412afb7655f2b40f1260c12e184e942511fec81fc9,not captured; script sha now 3c2ca9bf89c684fb,,result json,
b_confirm::PU_N09_M07_F10::drsn::s1,b_confirm.json,analysis,PU,"B confirm PU N09_M07_F10: R-L1 composition (H=K001+K002, OR=KA04+KA22, IR=KI21+KI14), per-file time split",time-split,drsn,1,torch.manual_seed+np.random.seed(seed); eval noise torch.manual_seed(5000+17*seed+rep),"3000 steps, last weights",3600,,add_awgn_tensor (per-window power),-8,top_mode over 5 draws; conc>=0.60 = attractor,results/ckpt_b/PU_N09_M07_F10_drsn_s1.pt,e634df0455c7fd137fe43ddb9e5c30dc7ccdcdd0b19048f18c966e80728d0c73,not captured; script sha now 3c2ca9bf89c684fb,,result json,
b_confirm::PU_N09_M07_F10::lstm::s1,b_confirm.json,analysis,PU,"B confirm PU N09_M07_F10: R-L1 composition (H=K001+K002, OR=KA04+KA22, IR=KI21+KI14), per-file time split",time-split,lstm,1,torch.manual_seed+np.random.seed(seed); eval noise torch.manual_seed(5000+17*seed+rep),"3000 steps, last weights",3600,,add_awgn_tensor (per-window power),-8,top_mode over 5 draws; conc>=0.60 = attractor,results/ckpt_b/PU_N09_M07_F10_lstm_s1.pt,f26b19516aa7627de90833e845c3e10e885ff88606375662a5e995952f80e2b1,not captured; script sha now 3c2ca9bf89c684fb,,result json,
b_confirm::PU_N09_M07_F10::wdcnn::s2,b_confirm.json,analysis,PU,"B confirm PU N09_M07_F10: R-L1 composition (H=K001+K002, OR=KA04+KA22, IR=KI21+KI14), per-file time split",time-split,wdcnn,2,torch.manual_seed+np.random.seed(seed); eval noise torch.manual_seed(5000+17*seed+rep),"3000 steps, last weights",3600,,add_awgn_tensor (per-window power),-8,top_mode over 5 draws; conc>=0.60 = attractor,results/ckpt_b/PU_N09_M07_F10_wdcnn_s2.pt,02392a6612bbf4ad3e64c4d0aaff89673bd07ad5d59a3cb076281f3001ec1a6f,not captured; script sha now 3c2ca9bf89c684fb,,result json,
b_confirm::PU_N09_M07_F10::drsn::s2,b_confirm.json,analysis,PU,"B confirm PU N09_M07_F10: R-L1 composition (H=K001+K002, OR=KA04+KA22, IR=KI21+KI14), per-file time split",time-split,drsn,2,torch.manual_seed+np.random.seed(seed); eval noise torch.manual_seed(5000+17*seed+rep),"3000 steps, last weights",3600,,add_awgn_tensor (per-window power),-8,top_mode over 5 draws; conc>=0.60 = attractor,results/ckpt_b/PU_N09_M07_F10_drsn_s2.pt,1f60267acec7722c97831221401612f99ad81f697d143c75b28250a6628c7313,not captured; script sha now 3c2ca9bf89c684fb,,result json,
b_confirm::PU_N09_M07_F10::lstm::s2,b_confirm.json,analysis,PU,"B confirm PU N09_M07_F10: R-L1 composition (H=K001+K002, OR=KA04+KA22, IR=KI21+KI14), per-file time split",time-split,lstm,2,torch.manual_seed+np.random.seed(seed); eval noise torch.manual_seed(5000+17*seed+rep),"3000 steps, last weights",3600,,add_awgn_tensor (per-window power),-8,top_mode over 5 draws; conc>=0.60 = attractor,results/ckpt_b/PU_N09_M07_F10_lstm_s2.pt,9bb7e0455106d007607d97419d0b4ca5d5fe8d887142b791ce1a01579cd3c191,not captured; script sha now 3c2ca9bf89c684fb,,result json,
b_confirm::PU_N15_M01_F10::wdcnn::s0,b_confirm.json,analysis,PU,"B confirm PU N15_M01_F10: R-L1 composition (H=K001+K002, OR=KA04+KA22, IR=KI21+KI14), per-file time split",time-split,wdcnn,0,torch.manual_seed+np.random.seed(seed); eval noise torch.manual_seed(5000+17*seed+rep),"3000 steps, last weights",3600,,add_awgn_tensor (per-window power),-8,top_mode over 5 draws; conc>=0.60 = attractor,results/ckpt_b/PU_N15_M01_F10_wdcnn_s0.pt,d0430aa47bd0f4ed1ded9f4f3255f352bdb8f2ca0cfd5ebac2251016d24f0803,not captured; script sha now 3c2ca9bf89c684fb,,result json,
b_confirm::PU_N15_M01_F10::drsn::s0,b_confirm.json,analysis,PU,"B confirm PU N15_M01_F10: R-L1 composition (H=K001+K002, OR=KA04+KA22, IR=KI21+KI14), per-file time split",time-split,drsn,0,torch.manual_seed+np.random.seed(seed); eval noise torch.manual_seed(5000+17*seed+rep),"3000 steps, last weights",3600,,add_awgn_tensor (per-window power),-8,top_mode over 5 draws; conc>=0.60 = attractor,results/ckpt_b/PU_N15_M01_F10_drsn_s0.pt,56f9cda43d3299cf849e378d7fb3731facd174a153eecc8920f75f669aa8dbea,not captured; script sha now 3c2ca9bf89c684fb,,result json,
b_confirm::PU_N15_M01_F10::lstm::s0,b_confirm.json,analysis,PU,"B confirm PU N15_M01_F10: R-L1 composition (H=K001+K002, OR=KA04+KA22, IR=KI21+KI14), per-file time split",time-split,lstm,0,torch.manual_seed+np.random.seed(seed); eval noise torch.manual_seed(5000+17*seed+rep),"3000 steps, last weights",3600,,add_awgn_tensor (per-window power),-8,top_mode over 5 draws; conc>=0.60 = attractor,results/ckpt_b/PU_N15_M01_F10_lstm_s0.pt,2505ccb3e4ee48d62acdb2ffb6e86a5d04ccaffd3d113119f35e359e6ec0f97b,not captured; script sha now 3c2ca9bf89c684fb,,result json,
b_confirm::PU_N15_M01_F10::wdcnn::s1,b_confirm.json,analysis,PU,"B confirm PU N15_M01_F10: R-L1 composition (H=K001+K002, OR=KA04+KA22, IR=KI21+KI14), per-file time split",time-split,wdcnn,1,torch.manual_seed+np.random.seed(seed); eval noise torch.manual_seed(5000+17*seed+rep),"3000 steps, last weights",3600,,add_awgn_tensor (per-window power),-8,top_mode over 5 draws; conc>=0.60 = attractor,results/ckpt_b/PU_N15_M01_F10_wdcnn_s1.pt,b79b24ff075da6a89dba0bf0fe15ab6fb2531de17f1cfba0874d5cbdbfedf197,not captured; script sha now 3c2ca9bf89c684fb,,result json,
b_confirm::PU_N15_M01_F10::drsn::s1,b_confirm.json,analysis,PU,"B confirm PU N15_M01_F10: R-L1 composition (H=K001+K002, OR=KA04+KA22, IR=KI21+KI14), per-file time split",time-split,drsn,1,torch.manual_seed+np.random.seed(seed); eval noise torch.manual_seed(5000+17*seed+rep),"3000 steps, last weights",3600,,add_awgn_tensor (per-window power),-8,top_mode over 5 draws; conc>=0.60 = attractor,results/ckpt_b/PU_N15_M01_F10_drsn_s1.pt,e90b802291aafda6fb51d846c1ef43806e73b3d98281d76640950da9d529cb1f,not captured; script sha now 3c2ca9bf89c684fb,,result json,
b_confirm::PU_N15_M01_F10::lstm::s1,b_confirm.json,analysis,PU,"B confirm PU N15_M01_F10: R-L1 composition (H=K001+K002, OR=KA04+KA22, IR=KI21+KI14), per-file time split",time-split,lstm,1,torch.manual_seed+np.random.seed(seed); eval noise torch.manual_seed(5000+17*seed+rep),"3000 steps, last weights",3600,,add_awgn_tensor (per-window power),-8,top_mode over 5 draws; conc>=0.60 = attractor,results/ckpt_b/PU_N15_M01_F10_lstm_s1.pt,2f24c84480f731676ce92b3a13023d128db3200d157d41af757854dc02bc7a01,not captured; script sha now 3c2ca9bf89c684fb,,result json,
b_confirm::PU_N15_M01_F10::wdcnn::s2,b_confirm.json,analysis,PU,"B confirm PU N15_M01_F10: R-L1 composition (H=K001+K002, OR=KA04+KA22, IR=KI21+KI14), per-file time split",time-split,wdcnn,2,torch.manual_seed+np.random.seed(seed); eval noise torch.manual_seed(5000+17*seed+rep),"3000 steps, last weights",3600,,add_awgn_tensor (per-window power),-8,top_mode over 5 draws; conc>=0.60 = attractor,results/ckpt_b/PU_N15_M01_F10_wdcnn_s2.pt,4eb37f20e3dab952ac24830249b71935c879ba3b5b8fbab0dd4210fa595783a1,not captured; script sha now 3c2ca9bf89c684fb,,result json,
b_confirm::PU_N15_M01_F10::drsn::s2,b_confirm.json,analysis,PU,"B confirm PU N15_M01_F10: R-L1 composition (H=K001+K002, OR=KA04+KA22, IR=KI21+KI14), per-file time split",time-split,drsn,2,torch.manual_seed+np.random.seed(seed); eval noise torch.manual_seed(5000+17*seed+rep),"3000 steps, last weights",3600,,add_awgn_tensor (per-window power),-8,top_mode over 5 draws; conc>=0.60 = attractor,results/ckpt_b/PU_N15_M01_F10_drsn_s2.pt,1b07a13454a7e6e74801f298e42fb0870ba5df8fd2378045e803d3b7d4ba93df,not captured; script sha now 3c2ca9bf89c684fb,,result json,
b_confirm::PU_N15_M01_F10::lstm::s2,b_confirm.json,analysis,PU,"B confirm PU N15_M01_F10: R-L1 composition (H=K001+K002, OR=KA04+KA22, IR=KI21+KI14), per-file time split",time-split,lstm,2,torch.manual_seed+np.random.seed(seed); eval noise torch.manual_seed(5000+17*seed+rep),"3000 steps, last weights",3600,,add_awgn_tensor (per-window power),-8,top_mode over 5 draws; conc>=0.60 = attractor,results/ckpt_b/PU_N15_M01_F10_lstm_s2.pt,a3d44273ba8b3942a370a4de1d1dea76b7cf5967821e6fa44109a751b8c12918,not captured; script sha now 3c2ca9bf89c684fb,,result json,
b_confirm::PU_N15_M07_F04::wdcnn::s0,b_confirm.json,analysis,PU,"B confirm PU N15_M07_F04: R-L1 composition (H=K001+K002, OR=KA04+KA22, IR=KI21+KI14), per-file time split",time-split,wdcnn,0,torch.manual_seed+np.random.seed(seed); eval noise torch.manual_seed(5000+17*seed+rep),"3000 steps, last weights",3600,,add_awgn_tensor (per-window power),-8,top_mode over 5 draws; conc>=0.60 = attractor,results/ckpt_b/PU_N15_M07_F04_wdcnn_s0.pt,f09256f4eeb16bc78b93f332a3e7dd8440c05ffc50981bf48becf89c3715a158,not captured; script sha now 3c2ca9bf89c684fb,,result json,
b_confirm::PU_N15_M07_F04::drsn::s0,b_confirm.json,analysis,PU,"B confirm PU N15_M07_F04: R-L1 composition (H=K001+K002, OR=KA04+KA22, IR=KI21+KI14), per-file time split",time-split,drsn,0,torch.manual_seed+np.random.seed(seed); eval noise torch.manual_seed(5000+17*seed+rep),"3000 steps, last weights",3600,,add_awgn_tensor (per-window power),-8,top_mode over 5 draws; conc>=0.60 = attractor,results/ckpt_b/PU_N15_M07_F04_drsn_s0.pt,b7870d73170ac7456bb3dda6250bf38714a1715af8f0315c771feefba389dc52,not captured; script sha now 3c2ca9bf89c684fb,,result json,
b_confirm::PU_N15_M07_F04::lstm::s0,b_confirm.json,analysis,PU,"B confirm PU N15_M07_F04: R-L1 composition (H=K001+K002, OR=KA04+KA22, IR=KI21+KI14), per-file time split",time-split,lstm,0,torch.manual_seed+np.random.seed(seed); eval noise torch.manual_seed(5000+17*seed+rep),"3000 steps, last weights",3600,,add_awgn_tensor (per-window power),-8,top_mode over 5 draws; conc>=0.60 = attractor,results/ckpt_b/PU_N15_M07_F04_lstm_s0.pt,d7e7fdb6ed64109b6f7a2c5120850a28c4e0b5f9ba97366b80b6b343a2bbf034,not captured; script sha now 3c2ca9bf89c684fb,,result json,
b_confirm::PU_N15_M07_F04::wdcnn::s1,b_confirm.json,analysis,PU,"B confirm PU N15_M07_F04: R-L1 composition (H=K001+K002, OR=KA04+KA22, IR=KI21+KI14), per-file time split",time-split,wdcnn,1,torch.manual_seed+np.random.seed(seed); eval noise torch.manual_seed(5000+17*seed+rep),"3000 steps, last weights",3600,,add_awgn_tensor (per-window power),-8,top_mode over 5 draws; conc>=0.60 = attractor,results/ckpt_b/PU_N15_M07_F04_wdcnn_s1.pt,140e531ebc602254dde9821f4b6efefe4847029716a65d0f4b0ff1d8f9588921,not captured; script sha now 3c2ca9bf89c684fb,,result json,
b_confirm::PU_N15_M07_F04::drsn::s1,b_confirm.json,analysis,PU,"B confirm PU N15_M07_F04: R-L1 composition (H=K001+K002, OR=KA04+KA22, IR=KI21+KI14), per-file time split",time-split,drsn,1,torch.manual_seed+np.random.seed(seed); eval noise torch.manual_seed(5000+17*seed+rep),"3000 steps, last weights",3600,,add_awgn_tensor (per-window power),-8,top_mode over 5 draws; conc>=0.60 = attractor,results/ckpt_b/PU_N15_M07_F04_drsn_s1.pt,4670757abf2b8190021b62e177ab3bf817fc8fc6b6a9bfd850e4d8b5c859992a,not captured; script sha now 3c2ca9bf89c684fb,,result json,
b_confirm::PU_N15_M07_F04::lstm::s1,b_confirm.json,analysis,PU,"B confirm PU N15_M07_F04: R-L1 composition (H=K001+K002, OR=KA04+KA22, IR=KI21+KI14), per-file time split",time-split,lstm,1,torch.manual_seed+np.random.seed(seed); eval noise torch.manual_seed(5000+17*seed+rep),"3000 steps, last weights",3600,,add_awgn_tensor (per-window power),-8,top_mode over 5 draws; conc>=0.60 = attractor,results/ckpt_b/PU_N15_M07_F04_lstm_s1.pt,ebe3300c1cb4730b4e4f1a88a2d8a9dcba5c8eeda1c1249295550f65dfee8b70,not captured; script sha now 3c2ca9bf89c684fb,,result json,
b_confirm::PU_N15_M07_F04::wdcnn::s2,b_confirm.json,analysis,PU,"B confirm PU N15_M07_F04: R-L1 composition (H=K001+K002, OR=KA04+KA22, IR=KI21+KI14), per-file time split",time-split,wdcnn,2,torch.manual_seed+np.random.seed(seed); eval noise torch.manual_seed(5000+17*seed+rep),"3000 steps, last weights",3600,,add_awgn_tensor (per-window power),-8,top_mode over 5 draws; conc>=0.60 = attractor,results/ckpt_b/PU_N15_M07_F04_wdcnn_s2.pt,9f7ff992507bb7107d0e97b46e7d328c792c2cd9deb625dff01888c74358aee2,not captured; script sha now 3c2ca9bf89c684fb,,result json,
b_confirm::PU_N15_M07_F04::drsn::s2,b_confirm.json,analysis,PU,"B confirm PU N15_M07_F04: R-L1 composition (H=K001+K002, OR=KA04+KA22, IR=KI21+KI14), per-file time split",time-split,drsn,2,torch.manual_seed+np.random.seed(seed); eval noise torch.manual_seed(5000+17*seed+rep),"3000 steps, last weights",3600,,add_awgn_tensor (per-window power),-8,top_mode over 5 draws; conc>=0.60 = attractor,results/ckpt_b/PU_N15_M07_F04_drsn_s2.pt,ac191d8e1cb5134d28f7188b9ea5db8b6e05a9ddea4b903b0aa4964def879cb5,not captured; script sha now 3c2ca9bf89c684fb,,result json,
b_confirm::PU_N15_M07_F04::lstm::s2,b_confirm.json,analysis,PU,"B confirm PU N15_M07_F04: R-L1 composition (H=K001+K002, OR=KA04+KA22, IR=KI21+KI14), per-file time split",time-split,lstm,2,torch.manual_seed+np.random.seed(seed); eval noise torch.manual_seed(5000+17*seed+rep),"3000 steps, last weights",3600,,add_awgn_tensor (per-window power),-8,top_mode over 5 draws; conc>=0.60 = attractor,results/ckpt_b/PU_N15_M07_F04_lstm_s2.pt,f148f9d31715f70cba2d344c5e246173766b6da7274cc41325c9b4da0376abc6,not captured; script sha now 3c2ca9bf89c684fb,,result json,
b_confirm::JNU_800::wdcnn::s0,b_confirm.json,analysis,JNU,"B confirm JNU 800 rpm: modeA split, train <=1200/class",modeA,wdcnn,0,torch.manual_seed+np.random.seed(seed); eval noise torch.manual_seed(5000+17*seed+rep),"3000 steps, last weights",2955,,add_awgn_tensor (per-window power),-8,top_mode over 5 draws; conc>=0.60 = attractor,results/ckpt_b/JNU_800_wdcnn_s0.pt,cdd18e297793e9d679fcd2650ae839ec87681e8af9b959bd72bff01f27ff5041,not captured; script sha now 3c2ca9bf89c684fb,,result json,
b_confirm::JNU_800::drsn::s0,b_confirm.json,analysis,JNU,"B confirm JNU 800 rpm: modeA split, train <=1200/class",modeA,drsn,0,torch.manual_seed+np.random.seed(seed); eval noise torch.manual_seed(5000+17*seed+rep),"3000 steps, last weights",2955,,add_awgn_tensor (per-window power),-8,top_mode over 5 draws; conc>=0.60 = attractor,results/ckpt_b/JNU_800_drsn_s0.pt,d75581bee497d7e2e29159d351677b22f06b2753b65f1ddd5a7437c55513b990,not captured; script sha now 3c2ca9bf89c684fb,,result json,
b_confirm::JNU_800::lstm::s0,b_confirm.json,analysis,JNU,"B confirm JNU 800 rpm: modeA split, train <=1200/class",modeA,lstm,0,torch.manual_seed+np.random.seed(seed); eval noise torch.manual_seed(5000+17*seed+rep),"3000 steps, last weights",2955,,add_awgn_tensor (per-window power),-8,top_mode over 5 draws; conc>=0.60 = attractor,results/ckpt_b/JNU_800_lstm_s0.pt,7c12285be2ef186dd0d525a8569491203087a482f97c1e2f6f141b0a1bb0dfb0,not captured; script sha now 3c2ca9bf89c684fb,,result json,
b_confirm::JNU_800::wdcnn::s1,b_confirm.json,analysis,JNU,"B confirm JNU 800 rpm: modeA split, train <=1200/class",modeA,wdcnn,1,torch.manual_seed+np.random.seed(seed); eval noise torch.manual_seed(5000+17*seed+rep),"3000 steps, last weights",2955,,add_awgn_tensor (per-window power),-8,top_mode over 5 draws; conc>=0.60 = attractor,results/ckpt_b/JNU_800_wdcnn_s1.pt,a73b29473be0042d77438e6ce8b98a4316c9824ee301c27e6969a8db27d21090,not captured; script sha now 3c2ca9bf89c684fb,,result json,
b_confirm::JNU_800::drsn::s1,b_confirm.json,analysis,JNU,"B confirm JNU 800 rpm: modeA split, train <=1200/class",modeA,drsn,1,torch.manual_seed+np.random.seed(seed); eval noise torch.manual_seed(5000+17*seed+rep),"3000 steps, last weights",2955,,add_awgn_tensor (per-window power),-8,top_mode over 5 draws; conc>=0.60 = attractor,results/ckpt_b/JNU_800_drsn_s1.pt,a5cf2352352e012de7c13363ba65ea8ab208e69e0d7239535f858949376577e9,not captured; script sha now 3c2ca9bf89c684fb,,result json,
b_confirm::JNU_800::lstm::s1,b_confirm.json,analysis,JNU,"B confirm JNU 800 rpm: modeA split, train <=1200/class",modeA,lstm,1,torch.manual_seed+np.random.seed(seed); eval noise torch.manual_seed(5000+17*seed+rep),"3000 steps, last weights",2955,,add_awgn_tensor (per-window power),-8,top_mode over 5 draws; conc>=0.60 = attractor,results/ckpt_b/JNU_800_lstm_s1.pt,f7c53dd118ed651d4e592b07ae68ce57cde54ef13ee30f5abe7352b15c8794ad,not captured; script sha now 3c2ca9bf89c684fb,,result json,
b_confirm::JNU_800::wdcnn::s2,b_confirm.json,analysis,JNU,"B confirm JNU 800 rpm: modeA split, train <=1200/class",modeA,wdcnn,2,torch.manual_seed+np.random.seed(seed); eval noise torch.manual_seed(5000+17*seed+rep),"3000 steps, last weights",2955,,add_awgn_tensor (per-window power),-8,top_mode over 5 draws; conc>=0.60 = attractor,results/ckpt_b/JNU_800_wdcnn_s2.pt,c44667f4954c19e4e423bad7091bf3dfc764a64ead88d5a172f0b471ace55140,not captured; script sha now 3c2ca9bf89c684fb,,result json,
b_confirm::JNU_800::drsn::s2,b_confirm.json,analysis,JNU,"B confirm JNU 800 rpm: modeA split, train <=1200/class",modeA,drsn,2,torch.manual_seed+np.random.seed(seed); eval noise torch.manual_seed(5000+17*seed+rep),"3000 steps, last weights",2955,,add_awgn_tensor (per-window power),-8,top_mode over 5 draws; conc>=0.60 = attractor,results/ckpt_b/JNU_800_drsn_s2.pt,ee2a418c4ddf8f65591e4caff5803e96bd09b78e2c06e320706645e374d06839,not captured; script sha now 3c2ca9bf89c684fb,,result json,
b_confirm::JNU_800::lstm::s2,b_confirm.json,analysis,JNU,"B confirm JNU 800 rpm: modeA split, train <=1200/class",modeA,lstm,2,torch.manual_seed+np.random.seed(seed); eval noise torch.manual_seed(5000+17*seed+rep),"3000 steps, last weights",2955,,add_awgn_tensor (per-window power),-8,top_mode over 5 draws; conc>=0.60 = attractor,results/ckpt_b/JNU_800_lstm_s2.pt,6dd406db6f4a7078132d55ab880e67ef6c54160fd75ef3326954233914c73c1e,not captured; script sha now 3c2ca9bf89c684fb,,result json,
b_confirm::JNU_1000::wdcnn::s0,b_confirm.json,analysis,JNU,"B confirm JNU 1000 rpm: modeA split, train <=1200/class",modeA,wdcnn,0,torch.manual_seed+np.random.seed(seed); eval noise torch.manual_seed(5000+17*seed+rep),"3000 steps, last weights",2955,,add_awgn_tensor (per-window power),-8,top_mode over 5 draws; conc>=0.60 = attractor,results/ckpt_b/JNU_1000_wdcnn_s0.pt,fdad93e2ace3e17d53ea9bc54659303f83d53108d205e858017238c4ae4ebf05,not captured; script sha now 3c2ca9bf89c684fb,,result json,
b_confirm::JNU_1000::drsn::s0,b_confirm.json,analysis,JNU,"B confirm JNU 1000 rpm: modeA split, train <=1200/class",modeA,drsn,0,torch.manual_seed+np.random.seed(seed); eval noise torch.manual_seed(5000+17*seed+rep),"3000 steps, last weights",2955,,add_awgn_tensor (per-window power),-8,top_mode over 5 draws; conc>=0.60 = attractor,results/ckpt_b/JNU_1000_drsn_s0.pt,bf780afd50dda22f0da8ec757a7b3e10bd7e07f18796649a42d5cbb55e0ef6cb,not captured; script sha now 3c2ca9bf89c684fb,,result json,
b_confirm::JNU_1000::lstm::s0,b_confirm.json,analysis,JNU,"B confirm JNU 1000 rpm: modeA split, train <=1200/class",modeA,lstm,0,torch.manual_seed+np.random.seed(seed); eval noise torch.manual_seed(5000+17*seed+rep),"3000 steps, last weights",2955,,add_awgn_tensor (per-window power),-8,top_mode over 5 draws; conc>=0.60 = attractor,results/ckpt_b/JNU_1000_lstm_s0.pt,1aad40dcbc779efed05520a84e81ec9c1a90925d44e3542b589128888a78849e,not captured; script sha now 3c2ca9bf89c684fb,,result json,
b_confirm::JNU_1000::wdcnn::s1,b_confirm.json,analysis,JNU,"B confirm JNU 1000 rpm: modeA split, train <=1200/class",modeA,wdcnn,1,torch.manual_seed+np.random.seed(seed); eval noise torch.manual_seed(5000+17*seed+rep),"3000 steps, last weights",2955,,add_awgn_tensor (per-window power),-8,top_mode over 5 draws; conc>=0.60 = attractor,results/ckpt_b/JNU_1000_wdcnn_s1.pt,c0ebe20ff87d80022d9b65fa9356cb74de7dad6c2c48a1d5b9a88932cbb49bc2,not captured; script sha now 3c2ca9bf89c684fb,,result json,
b_confirm::JNU_1000::drsn::s1,b_confirm.json,analysis,JNU,"B confirm JNU 1000 rpm: modeA split, train <=1200/class",modeA,drsn,1,torch.manual_seed+np.random.seed(seed); eval noise torch.manual_seed(5000+17*seed+rep),"3000 steps, last weights",2955,,add_awgn_tensor (per-window power),-8,top_mode over 5 draws; conc>=0.60 = attractor,results/ckpt_b/JNU_1000_drsn_s1.pt,57c23c2cf40ae7346ce7ae8c86158e9de8a5623fd12f6b5e557795da40b4c43d,not captured; script sha now 3c2ca9bf89c684fb,,result json,
b_confirm::JNU_1000::lstm::s1,b_confirm.json,analysis,JNU,"B confirm JNU 1000 rpm: modeA split, train <=1200/class",modeA,lstm,1,torch.manual_seed+np.random.seed(seed); eval noise torch.manual_seed(5000+17*seed+rep),"3000 steps, last weights",2955,,add_awgn_tensor (per-window power),-8,top_mode over 5 draws; conc>=0.60 = attractor,results/ckpt_b/JNU_1000_lstm_s1.pt,6c35e300fe711d8e2f626dc1bbce056f754e75f70a7a59c503787fbbb4ee3933,not captured; script sha now 3c2ca9bf89c684fb,,result json,
b_confirm::JNU_1000::wdcnn::s2,b_confirm.json,analysis,JNU,"B confirm JNU 1000 rpm: modeA split, train <=1200/class",modeA,wdcnn,2,torch.manual_seed+np.random.seed(seed); eval noise torch.manual_seed(5000+17*seed+rep),"3000 steps, last weights",2955,,add_awgn_tensor (per-window power),-8,top_mode over 5 draws; conc>=0.60 = attractor,results/ckpt_b/JNU_1000_wdcnn_s2.pt,212c63c55c0222748c4381a6722382f609b03aafa9e3a36a0f90634b87dbb2b6,not captured; script sha now 3c2ca9bf89c684fb,,result json,
b_confirm::JNU_1000::drsn::s2,b_confirm.json,analysis,JNU,"B confirm JNU 1000 rpm: modeA split, train <=1200/class",modeA,drsn,2,torch.manual_seed+np.random.seed(seed); eval noise torch.manual_seed(5000+17*seed+rep),"3000 steps, last weights",2955,,add_awgn_tensor (per-window power),-8,top_mode over 5 draws; conc>=0.60 = attractor,results/ckpt_b/JNU_1000_drsn_s2.pt,4dbaa182331423f00e89b625247f24794f5a30be3f04fce71236e193a4b43936,not captured; script sha now 3c2ca9bf89c684fb,,result json,
b_confirm::JNU_1000::lstm::s2,b_confirm.json,analysis,JNU,"B confirm JNU 1000 rpm: modeA split, train <=1200/class",modeA,lstm,2,torch.manual_seed+np.random.seed(seed); eval noise torch.manual_seed(5000+17*seed+rep),"3000 steps, last weights",2955,,add_awgn_tensor (per-window power),-8,top_mode over 5 draws; conc>=0.60 = attractor,results/ckpt_b/JNU_1000_lstm_s2.pt,a6a16c091957e23980c40bb361fbfb69df360c0f38c7f0650a77fb651e50fd4c,not captured; script sha now 3c2ca9bf89c684fb,,result json,
e5_size_id::S007::d0::wdcnn::s0,e5_size_id.json,analysis,CWRU,E5 train+val pool (30 files) set=S007 draw=0 files=Normal_load3;IR007_load2;OR007@6_load3;B007_load1,42,wdcnn,0,torch.manual_seed+np.random.seed(seed); eval noise torch.manual_seed(1000+17*seed+rep),"3000 steps, last weights",920,,add_awgn_tensor (per-window power),10.0|0.0|-4.0|-6.0|-8.0,top_mode over 5 noise draws; conc_mean,results/ckpt_e5/S007_d0_wdcnn_s0.pt,1306d0247327a71b5cb3ce7b6c45aeb6c6cf3fb4ad6b317740faa292030ad53c,script sha 6d146c3ec08d978c,,result json,
e5_size_id::S014::d0::wdcnn::s0,e5_size_id.json,analysis,CWRU,E5 train+val pool (30 files) set=S014 draw=0 files=Normal_load3;IR014_load2;OR014@6_load3;B014_load2,42,wdcnn,0,torch.manual_seed+np.random.seed(seed); eval noise torch.manual_seed(1000+17*seed+rep),"3000 steps, last weights",920,,add_awgn_tensor (per-window power),10.0|0.0|-4.0|-6.0|-8.0,top_mode over 5 noise draws; conc_mean,results/ckpt_e5/S014_d0_wdcnn_s0.pt,8429df95831fe345db8937a9d9d24d603c7a02f338b194c3ebadb8c037028d14,script sha 6d146c3ec08d978c,,result json,
e5_size_id::S021::d0::wdcnn::s0,e5_size_id.json,analysis,CWRU,E5 train+val pool (30 files) set=S021 draw=0 files=Normal_load3;IR021_load1;OR021@6_load0;B021_load1,42,wdcnn,0,torch.manual_seed+np.random.seed(seed); eval noise torch.manual_seed(1000+17*seed+rep),"3000 steps, last weights",920,,add_awgn_tensor (per-window power),10.0|0.0|-4.0|-6.0|-8.0,top_mode over 5 noise draws; conc_mean,results/ckpt_e5/S021_d0_wdcnn_s0.pt,0e0c6811d2a580d61d93d5bdf817b6ea4437330af8b445a5bdb6f3303079d4f8,script sha 6d146c3ec08d978c,,result json,
e5_size_id::S007+014::d0::wdcnn::s0,e5_size_id.json,analysis,CWRU,E5 train+val pool (30 files) set=S007+014 draw=0 files=Normal_load3;IR007_load2;IR014_load2;OR007@6_load3;OR014@6_load3;B007_load1;B014_load2,42,wdcnn,0,torch.manual_seed+np.random.seed(seed); eval noise torch.manual_seed(1000+17*seed+rep),"3000 steps, last weights",920,,add_awgn_tensor (per-window power),10.0|0.0|-4.0|-6.0|-8.0,top_mode over 5 noise draws; conc_mean,results/ckpt_e5/S007+014_d0_wdcnn_s0.pt,6872d6856f5cb1f7284a9274df1b6c74e79290b8265d11049f155567d26a7534,script sha 6d146c3ec08d978c,,result json,
e5_size_id::S007+021::d0::wdcnn::s0,e5_size_id.json,analysis,CWRU,E5 train+val pool (30 files) set=S007+021 draw=0 files=Normal_load3;IR007_load2;IR021_load1;OR007@6_load3;OR021@6_load0;B007_load1;B021_load1,42,wdcnn,0,torch.manual_seed+np.random.seed(seed); eval noise torch.manual_seed(1000+17*seed+rep),"3000 steps, last weights",920,,add_awgn_tensor (per-window power),10.0|0.0|-4.0|-6.0|-8.0,top_mode over 5 noise draws; conc_mean,results/ckpt_e5/S007+021_d0_wdcnn_s0.pt,17146e7064b5e2baab89d497ae2c7e9feeb68e4e1027dd69ad083a097858d73e,script sha 6d146c3ec08d978c,,result json,
e5_size_id::S014+021::d0::wdcnn::s0,e5_size_id.json,analysis,CWRU,E5 train+val pool (30 files) set=S014+021 draw=0 files=Normal_load3;IR014_load2;IR021_load1;OR014@6_load3;OR021@6_load0;B014_load2;B021_load1,42,wdcnn,0,torch.manual_seed+np.random.seed(seed); eval noise torch.manual_seed(1000+17*seed+rep),"3000 steps, last weights",920,,add_awgn_tensor (per-window power),10.0|0.0|-4.0|-6.0|-8.0,top_mode over 5 noise draws; conc_mean,results/ckpt_e5/S014+021_d0_wdcnn_s0.pt,6f8fd37fc84bd5a0766fe3d7f0f2c42a50f608d23528298ddd0638c09f84018b,script sha 6d146c3ec08d978c,,result json,
e5_size_id::S_ALL::d0::wdcnn::s0,e5_size_id.json,analysis,CWRU,E5 train+val pool (30 files) set=S_ALL draw=0 files=Normal_load3;IR007_load2;IR014_load2;IR021_load1;OR007@6_load3;OR014@6_load3;OR021@6_load0;B007_load1;B014_load2;B021_load1,42,wdcnn,0,torch.manual_seed+np.random.seed(seed); eval noise torch.manual_seed(1000+17*seed+rep),"3000 steps, last weights",920,,add_awgn_tensor (per-window power),10.0|0.0|-4.0|-6.0|-8.0,top_mode over 5 noise draws; conc_mean,results/ckpt_e5/S_ALL_d0_wdcnn_s0.pt,5c46a3d4c930deb969bebdd52ad8b642f91fc779301f135753cd747360334cd7,script sha 6d146c3ec08d978c,,result json,
e5_size_id::S007::d0::drsn::s0,e5_size_id.json,analysis,CWRU,E5 train+val pool (30 files) set=S007 draw=0 files=Normal_load3;IR007_load2;OR007@6_load3;B007_load1,42,drsn,0,torch.manual_seed+np.random.seed(seed); eval noise torch.manual_seed(1000+17*seed+rep),"3000 steps, last weights",920,,add_awgn_tensor (per-window power),10.0|0.0|-4.0|-6.0|-8.0,top_mode over 5 noise draws; conc_mean,results/ckpt_e5/S007_d0_drsn_s0.pt,b764066b1ebdd3dc05ebd274311a7ebc615ac60d83b9f88678bf73fa051eb100,script sha 6d146c3ec08d978c,,result json,
e5_size_id::S014::d0::drsn::s0,e5_size_id.json,analysis,CWRU,E5 train+val pool (30 files) set=S014 draw=0 files=Normal_load3;IR014_load2;OR014@6_load3;B014_load2,42,drsn,0,torch.manual_seed+np.random.seed(seed); eval noise torch.manual_seed(1000+17*seed+rep),"3000 steps, last weights",920,,add_awgn_tensor (per-window power),10.0|0.0|-4.0|-6.0|-8.0,top_mode over 5 noise draws; conc_mean,results/ckpt_e5/S014_d0_drsn_s0.pt,fa3ff29af802d28a434b283a50811856c1dae4ed1aed8ba6329f616feebd989f,script sha 6d146c3ec08d978c,,result json,
e5_size_id::S021::d0::drsn::s0,e5_size_id.json,analysis,CWRU,E5 train+val pool (30 files) set=S021 draw=0 files=Normal_load3;IR021_load1;OR021@6_load0;B021_load1,42,drsn,0,torch.manual_seed+np.random.seed(seed); eval noise torch.manual_seed(1000+17*seed+rep),"3000 steps, last weights",920,,add_awgn_tensor (per-window power),10.0|0.0|-4.0|-6.0|-8.0,top_mode over 5 noise draws; conc_mean,results/ckpt_e5/S021_d0_drsn_s0.pt,2a107dda66e41df993501dddfddd4464686744f8af5702dd5dc13ebd5caf1ee7,script sha 6d146c3ec08d978c,,result json,
e5_size_id::S007+014::d0::drsn::s0,e5_size_id.json,analysis,CWRU,E5 train+val pool (30 files) set=S007+014 draw=0 files=Normal_load3;IR007_load2;IR014_load2;OR007@6_load3;OR014@6_load3;B007_load1;B014_load2,42,drsn,0,torch.manual_seed+np.random.seed(seed); eval noise torch.manual_seed(1000+17*seed+rep),"3000 steps, last weights",920,,add_awgn_tensor (per-window power),10.0|0.0|-4.0|-6.0|-8.0,top_mode over 5 noise draws; conc_mean,results/ckpt_e5/S007+014_d0_drsn_s0.pt,24ea8cbf6d6bcf0c4d8e8deb293457f21e2ed4b1df066d7ddd4d8a3c09e684d6,script sha 6d146c3ec08d978c,,result json,
e5_size_id::S007+021::d0::drsn::s0,e5_size_id.json,analysis,CWRU,E5 train+val pool (30 files) set=S007+021 draw=0 files=Normal_load3;IR007_load2;IR021_load1;OR007@6_load3;OR021@6_load0;B007_load1;B021_load1,42,drsn,0,torch.manual_seed+np.random.seed(seed); eval noise torch.manual_seed(1000+17*seed+rep),"3000 steps, last weights",920,,add_awgn_tensor (per-window power),10.0|0.0|-4.0|-6.0|-8.0,top_mode over 5 noise draws; conc_mean,results/ckpt_e5/S007+021_d0_drsn_s0.pt,142b9fabc3a651f807e01a68fb166c85ad81081a60f3505f0c3b2043eddbc2be,script sha 6d146c3ec08d978c,,result json,
e5_size_id::S014+021::d0::drsn::s0,e5_size_id.json,analysis,CWRU,E5 train+val pool (30 files) set=S014+021 draw=0 files=Normal_load3;IR014_load2;IR021_load1;OR014@6_load3;OR021@6_load0;B014_load2;B021_load1,42,drsn,0,torch.manual_seed+np.random.seed(seed); eval noise torch.manual_seed(1000+17*seed+rep),"3000 steps, last weights",920,,add_awgn_tensor (per-window power),10.0|0.0|-4.0|-6.0|-8.0,top_mode over 5 noise draws; conc_mean,results/ckpt_e5/S014+021_d0_drsn_s0.pt,902091d8e90b60bf14820809e3a420ba3b2be4cab3bbf3fbcff50886959262c1,script sha 6d146c3ec08d978c,,result json,
e5_size_id::S_ALL::d0::drsn::s0,e5_size_id.json,analysis,CWRU,E5 train+val pool (30 files) set=S_ALL draw=0 files=Normal_load3;IR007_load2;IR014_load2;IR021_load1;OR007@6_load3;OR014@6_load3;OR021@6_load0;B007_load1;B014_load2;B021_load1,42,drsn,0,torch.manual_seed+np.random.seed(seed); eval noise torch.manual_seed(1000+17*seed+rep),"3000 steps, last weights",920,,add_awgn_tensor (per-window power),10.0|0.0|-4.0|-6.0|-8.0,top_mode over 5 noise draws; conc_mean,results/ckpt_e5/S_ALL_d0_drsn_s0.pt,bc053abea8e84987fcca8ec7cd1f9972d1550943c91ac89da45f90ed9a4167b2,script sha 6d146c3ec08d978c,,result json,
e5_size_id::S007::d0::lstm::s0,e5_size_id.json,analysis,CWRU,E5 train+val pool (30 files) set=S007 draw=0 files=Normal_load3;IR007_load2;OR007@6_load3;B007_load1,42,lstm,0,torch.manual_seed+np.random.seed(seed); eval noise torch.manual_seed(1000+17*seed+rep),"3000 steps, last weights",920,,add_awgn_tensor (per-window power),10.0|0.0|-4.0|-6.0|-8.0,top_mode over 5 noise draws; conc_mean,results/ckpt_e5/S007_d0_lstm_s0.pt,afced9cdfee9eb884a483458d7448d61699ef514115890077a09764db7ed6acb,script sha 6d146c3ec08d978c,,result json,
e5_size_id::S014::d0::lstm::s0,e5_size_id.json,analysis,CWRU,E5 train+val pool (30 files) set=S014 draw=0 files=Normal_load3;IR014_load2;OR014@6_load3;B014_load2,42,lstm,0,torch.manual_seed+np.random.seed(seed); eval noise torch.manual_seed(1000+17*seed+rep),"3000 steps, last weights",920,,add_awgn_tensor (per-window power),10.0|0.0|-4.0|-6.0|-8.0,top_mode over 5 noise draws; conc_mean,results/ckpt_e5/S014_d0_lstm_s0.pt,7f7e91d716d160b639427c2636817259fe40faff7d286c79598b64a937c83f6c,script sha 6d146c3ec08d978c,,result json,
e5_size_id::S021::d0::lstm::s0,e5_size_id.json,analysis,CWRU,E5 train+val pool (30 files) set=S021 draw=0 files=Normal_load3;IR021_load1;OR021@6_load0;B021_load1,42,lstm,0,torch.manual_seed+np.random.seed(seed); eval noise torch.manual_seed(1000+17*seed+rep),"3000 steps, last weights",920,,add_awgn_tensor (per-window power),10.0|0.0|-4.0|-6.0|-8.0,top_mode over 5 noise draws; conc_mean,results/ckpt_e5/S021_d0_lstm_s0.pt,dac609a7cb199df615a7d9908e33da6a278ccfe40590344277aac577c02dc387,script sha 6d146c3ec08d978c,,result json,
e5_size_id::S007+014::d0::lstm::s0,e5_size_id.json,analysis,CWRU,E5 train+val pool (30 files) set=S007+014 draw=0 files=Normal_load3;IR007_load2;IR014_load2;OR007@6_load3;OR014@6_load3;B007_load1;B014_load2,42,lstm,0,torch.manual_seed+np.random.seed(seed); eval noise torch.manual_seed(1000+17*seed+rep),"3000 steps, last weights",920,,add_awgn_tensor (per-window power),10.0|0.0|-4.0|-6.0|-8.0,top_mode over 5 noise draws; conc_mean,results/ckpt_e5/S007+014_d0_lstm_s0.pt,4f775118230059b0267d00fdee6abe0c3fef41ebf4f1ebda2e7cc767a16b4c1a,script sha 6d146c3ec08d978c,,result json,
e5_size_id::S007+021::d0::lstm::s0,e5_size_id.json,analysis,CWRU,E5 train+val pool (30 files) set=S007+021 draw=0 files=Normal_load3;IR007_load2;IR021_load1;OR007@6_load3;OR021@6_load0;B007_load1;B021_load1,42,lstm,0,torch.manual_seed+np.random.seed(seed); eval noise torch.manual_seed(1000+17*seed+rep),"3000 steps, last weights",920,,add_awgn_tensor (per-window power),10.0|0.0|-4.0|-6.0|-8.0,top_mode over 5 noise draws; conc_mean,results/ckpt_e5/S007+021_d0_lstm_s0.pt,7095d48b8429eb2709cee356326e9fb3e44f3e18d97d2a4e83a97f1eb3e7844f,script sha 6d146c3ec08d978c,,result json,
e5_size_id::S014+021::d0::lstm::s0,e5_size_id.json,analysis,CWRU,E5 train+val pool (30 files) set=S014+021 draw=0 files=Normal_load3;IR014_load2;IR021_load1;OR014@6_load3;OR021@6_load0;B014_load2;B021_load1,42,lstm,0,torch.manual_seed+np.random.seed(seed); eval noise torch.manual_seed(1000+17*seed+rep),"3000 steps, last weights",920,,add_awgn_tensor (per-window power),10.0|0.0|-4.0|-6.0|-8.0,top_mode over 5 noise draws; conc_mean,results/ckpt_e5/S014+021_d0_lstm_s0.pt,1be30c56b5b26cfcbda6f40dfc01ee515ac3cac36b498d79482b33f6cfa611e5,script sha 6d146c3ec08d978c,,result json,
e5_size_id::S007::d1::wdcnn::s0,e5_size_id.json,analysis,CWRU,E5 train+val pool (30 files) set=S007 draw=1 files=Normal_load2;IR007_load2;OR007@6_load2;B007_load1,42,wdcnn,0,torch.manual_seed+np.random.seed(seed); eval noise torch.manual_seed(1000+17*seed+rep),"3000 steps, last weights",920,,add_awgn_tensor (per-window power),10.0|0.0|-4.0|-6.0|-8.0,top_mode over 5 noise draws; conc_mean,results/ckpt_e5/S007_d1_wdcnn_s0.pt,5a17af7c58ac8848efdfab25f1ffec2802b9141cf252ed3b6a4e5f402a3f4811,script sha 6d146c3ec08d978c,,result json,
e5_size_id::S014::d1::wdcnn::s0,e5_size_id.json,analysis,CWRU,E5 train+val pool (30 files) set=S014 draw=1 files=Normal_load2;IR014_load1;OR014@6_load2;B014_load0,42,wdcnn,0,torch.manual_seed+np.random.seed(seed); eval noise torch.manual_seed(1000+17*seed+rep),"3000 steps, last weights",920,,add_awgn_tensor (per-window power),10.0|0.0|-4.0|-6.0|-8.0,top_mode over 5 noise draws; conc_mean,results/ckpt_e5/S014_d1_wdcnn_s0.pt,76cdb376421074e6dc6dfd092c48fe011b74a7f0dadf872f07bfddedb84dabe7,script sha 6d146c3ec08d978c,,result json,
e5_size_id::S021::d1::wdcnn::s0,e5_size_id.json,analysis,CWRU,E5 train+val pool (30 files) set=S021 draw=1 files=Normal_load2;IR021_load3;OR021@6_load2;B021_load0,42,wdcnn,0,torch.manual_seed+np.random.seed(seed); eval noise torch.manual_seed(1000+17*seed+rep),"3000 steps, last weights",920,,add_awgn_tensor (per-window power),10.0|0.0|-4.0|-6.0|-8.0,top_mode over 5 noise draws; conc_mean,results/ckpt_e5/S021_d1_wdcnn_s0.pt,31d52340d97519315510bf7ba2362b84e4c2e84f346df9648505a17a64816890,script sha 6d146c3ec08d978c,,result json,
e5_size_id::S007+014::d1::wdcnn::s0,e5_size_id.json,analysis,CWRU,E5 train+val pool (30 files) set=S007+014 draw=1 files=Normal_load2;IR007_load2;IR014_load1;OR007@6_load2;OR014@6_load2;B007_load1;B014_load0,42,wdcnn,0,torch.manual_seed+np.random.seed(seed); eval noise torch.manual_seed(1000+17*seed+rep),"3000 steps, last weights",920,,add_awgn_tensor (per-window power),10.0|0.0|-4.0|-6.0|-8.0,top_mode over 5 noise draws; conc_mean,results/ckpt_e5/S007+014_d1_wdcnn_s0.pt,230cd3582012ee950862bffeb1b2f54a4d8f30b424587636225c40b32e2057bc,script sha 6d146c3ec08d978c,,result json,
e5_size_id::S007+021::d1::wdcnn::s0,e5_size_id.json,analysis,CWRU,E5 train+val pool (30 files) set=S007+021 draw=1 files=Normal_load2;IR007_load2;IR021_load3;OR007@6_load2;OR021@6_load2;B007_load1;B021_load0,42,wdcnn,0,torch.manual_seed+np.random.seed(seed); eval noise torch.manual_seed(1000+17*seed+rep),"3000 steps, last weights",920,,add_awgn_tensor (per-window power),10.0|0.0|-4.0|-6.0|-8.0,top_mode over 5 noise draws; conc_mean,results/ckpt_e5/S007+021_d1_wdcnn_s0.pt,b35c117062843cd2c018eed6a04a1e426a19e8e76d91aec1294c1c170899c406,script sha 6d146c3ec08d978c,,result json,
e5_size_id::S014+021::d1::wdcnn::s0,e5_size_id.json,analysis,CWRU,E5 train+val pool (30 files) set=S014+021 draw=1 files=Normal_load2;IR014_load1;IR021_load3;OR014@6_load2;OR021@6_load2;B014_load0;B021_load0,42,wdcnn,0,torch.manual_seed+np.random.seed(seed); eval noise torch.manual_seed(1000+17*seed+rep),"3000 steps, last weights",920,,add_awgn_tensor (per-window power),10.0|0.0|-4.0|-6.0|-8.0,top_mode over 5 noise draws; conc_mean,results/ckpt_e5/S014+021_d1_wdcnn_s0.pt,ed9f5112325de58c38c6317acf153d2f8ff3c74e5fdece297106ea47bd9a911f,script sha 6d146c3ec08d978c,,result json,
e5_size_id::S_ALL::d1::wdcnn::s0,e5_size_id.json,analysis,CWRU,E5 train+val pool (30 files) set=S_ALL draw=1 files=Normal_load2;IR007_load2;IR014_load1;IR021_load3;OR007@6_load2;OR014@6_load2;OR021@6_load2;B007_load1;B014_load0;B021_load0,42,wdcnn,0,torch.manual_seed+np.random.seed(seed); eval noise torch.manual_seed(1000+17*seed+rep),"3000 steps, last weights",920,,add_awgn_tensor (per-window power),10.0|0.0|-4.0|-6.0|-8.0,top_mode over 5 noise draws; conc_mean,results/ckpt_e5/S_ALL_d1_wdcnn_s0.pt,df437ca82aa01ef8efc3c8ba529f7bbaa25795f9d8d4f0aef2b5fd8a438dfef9,script sha 6d146c3ec08d978c,,result json,
e5_size_id::S007::d1::drsn::s0,e5_size_id.json,analysis,CWRU,E5 train+val pool (30 files) set=S007 draw=1 files=Normal_load2;IR007_load2;OR007@6_load2;B007_load1,42,drsn,0,torch.manual_seed+np.random.seed(seed); eval noise torch.manual_seed(1000+17*seed+rep),"3000 steps, last weights",920,,add_awgn_tensor (per-window power),10.0|0.0|-4.0|-6.0|-8.0,top_mode over 5 noise draws; conc_mean,results/ckpt_e5/S007_d1_drsn_s0.pt,5c2cd19df6d9f825341d7ac9e5069596b3220bc73edfaed97b327762576648c5,script sha 6d146c3ec08d978c,,result json,
e5_size_id::S014::d1::drsn::s0,e5_size_id.json,analysis,CWRU,E5 train+val pool (30 files) set=S014 draw=1 files=Normal_load2;IR014_load1;OR014@6_load2;B014_load0,42,drsn,0,torch.manual_seed+np.random.seed(seed); eval noise torch.manual_seed(1000+17*seed+rep),"3000 steps, last weights",920,,add_awgn_tensor (per-window power),10.0|0.0|-4.0|-6.0|-8.0,top_mode over 5 noise draws; conc_mean,results/ckpt_e5/S014_d1_drsn_s0.pt,f3e83939fe48ee8379906c314111df43ee7e5072772722ce122a4895e127b9cc,script sha 6d146c3ec08d978c,,result json,
e5_size_id::S021::d1::drsn::s0,e5_size_id.json,analysis,CWRU,E5 train+val pool (30 files) set=S021 draw=1 files=Normal_load2;IR021_load3;OR021@6_load2;B021_load0,42,drsn,0,torch.manual_seed+np.random.seed(seed); eval noise torch.manual_seed(1000+17*seed+rep),"3000 steps, last weights",920,,add_awgn_tensor (per-window power),10.0|0.0|-4.0|-6.0|-8.0,top_mode over 5 noise draws; conc_mean,results/ckpt_e5/S021_d1_drsn_s0.pt,9eda4a5ca6396f13dcfa62a5f57303443114cdde842eab226bed2bcd70d2062b,script sha 6d146c3ec08d978c,,result json,
e5_size_id::S007+014::d1::drsn::s0,e5_size_id.json,analysis,CWRU,E5 train+val pool (30 files) set=S007+014 draw=1 files=Normal_load2;IR007_load2;IR014_load1;OR007@6_load2;OR014@6_load2;B007_load1;B014_load0,42,drsn,0,torch.manual_seed+np.random.seed(seed); eval noise torch.manual_seed(1000+17*seed+rep),"3000 steps, last weights",920,,add_awgn_tensor (per-window power),10.0|0.0|-4.0|-6.0|-8.0,top_mode over 5 noise draws; conc_mean,results/ckpt_e5/S007+014_d1_drsn_s0.pt,4e96893f1cddd416bfc39df483bb9e93671bbd41a45e6d03626e10e2fdd7d071,script sha 6d146c3ec08d978c,,result json,
e5_size_id::S007+021::d1::drsn::s0,e5_size_id.json,analysis,CWRU,E5 train+val pool (30 files) set=S007+021 draw=1 files=Normal_load2;IR007_load2;IR021_load3;OR007@6_load2;OR021@6_load2;B007_load1;B021_load0,42,drsn,0,torch.manual_seed+np.random.seed(seed); eval noise torch.manual_seed(1000+17*seed+rep),"3000 steps, last weights",920,,add_awgn_tensor (per-window power),10.0|0.0|-4.0|-6.0|-8.0,top_mode over 5 noise draws; conc_mean,results/ckpt_e5/S007+021_d1_drsn_s0.pt,f9530d5528a2dcda8dcc2e0a1fd4ddd1b14113a8756b7a0db7bafd892122507c,script sha 6d146c3ec08d978c,,result json,
e5_size_id::S014+021::d1::drsn::s0,e5_size_id.json,analysis,CWRU,E5 train+val pool (30 files) set=S014+021 draw=1 files=Normal_load2;IR014_load1;IR021_load3;OR014@6_load2;OR021@6_load2;B014_load0;B021_load0,42,drsn,0,torch.manual_seed+np.random.seed(seed); eval noise torch.manual_seed(1000+17*seed+rep),"3000 steps, last weights",920,,add_awgn_tensor (per-window power),10.0|0.0|-4.0|-6.0|-8.0,top_mode over 5 noise draws; conc_mean,results/ckpt_e5/S014+021_d1_drsn_s0.pt,1e98cec138db2a767b07aebdea212637f4b0ccfae191876536ef33e881c1adf4,script sha 6d146c3ec08d978c,,result json,
e5_size_id::S_ALL::d1::drsn::s0,e5_size_id.json,analysis,CWRU,E5 train+val pool (30 files) set=S_ALL draw=1 files=Normal_load2;IR007_load2;IR014_load1;IR021_load3;OR007@6_load2;OR014@6_load2;OR021@6_load2;B007_load1;B014_load0;B021_load0,42,drsn,0,torch.manual_seed+np.random.seed(seed); eval noise torch.manual_seed(1000+17*seed+rep),"3000 steps, last weights",920,,add_awgn_tensor (per-window power),10.0|0.0|-4.0|-6.0|-8.0,top_mode over 5 noise draws; conc_mean,results/ckpt_e5/S_ALL_d1_drsn_s0.pt,c38097123c28bb32c26b7d289a94df2d6422d63d1cbe9dfbfc14cc98fee2566e,script sha 6d146c3ec08d978c,,result json,
e5_size_id::S007::d2::wdcnn::s0,e5_size_id.json,analysis,CWRU,E5 train+val pool (30 files) set=S007 draw=2 files=Normal_load3;IR007_load1;OR007@6_load2;B007_load3,42,wdcnn,0,torch.manual_seed+np.random.seed(seed); eval noise torch.manual_seed(1000+17*seed+rep),"3000 steps, last weights",920,,add_awgn_tensor (per-window power),10.0|0.0|-4.0|-6.0|-8.0,top_mode over 5 noise draws; conc_mean,results/ckpt_e5/S007_d2_wdcnn_s0.pt,a05579a5d2ddbab89b2cd27dd8542963587be0ef30f8f7f417ab6e698fe6cef3,script sha 6d146c3ec08d978c,,result json,
e5_size_id::S014::d2::wdcnn::s0,e5_size_id.json,analysis,CWRU,E5 train+val pool (30 files) set=S014 draw=2 files=Normal_load3;IR014_load1;OR014@6_load0;B014_load2,42,wdcnn,0,torch.manual_seed+np.random.seed(seed); eval noise torch.manual_seed(1000+17*seed+rep),"3000 steps, last weights",920,,add_awgn_tensor (per-window power),10.0|0.0|-4.0|-6.0|-8.0,top_mode over 5 noise draws; conc_mean,results/ckpt_e5/S014_d2_wdcnn_s0.pt,ffd2808ad54e665b82e9156ff6b029c5937db7ecc53dd829c9c02a6d26e678b3,script sha 6d146c3ec08d978c,,result json,
e5_size_id::S021::d2::wdcnn::s0,e5_size_id.json,analysis,CWRU,E5 train+val pool (30 files) set=S021 draw=2 files=Normal_load3;IR021_load0;OR021@6_load0;B021_load1,42,wdcnn,0,torch.manual_seed+np.random.seed(seed); eval noise torch.manual_seed(1000+17*seed+rep),"3000 steps, last weights",920,,add_awgn_tensor (per-window power),10.0|0.0|-4.0|-6.0|-8.0,top_mode over 5 noise draws; conc_mean,results/ckpt_e5/S021_d2_wdcnn_s0.pt,150270ecb85938b0f814675ea75b1100e955356eb9ba953b7564a5577059c303,script sha 6d146c3ec08d978c,,result json,
e5_size_id::S007+014::d2::wdcnn::s0,e5_size_id.json,analysis,CWRU,E5 train+val pool (30 files) set=S007+014 draw=2 files=Normal_load3;IR007_load1;IR014_load1;OR007@6_load2;OR014@6_load0;B007_load3;B014_load2,42,wdcnn,0,torch.manual_seed+np.random.seed(seed); eval noise torch.manual_seed(1000+17*seed+rep),"3000 steps, last weights",920,,add_awgn_tensor (per-window power),10.0|0.0|-4.0|-6.0|-8.0,top_mode over 5 noise draws; conc_mean,results/ckpt_e5/S007+014_d2_wdcnn_s0.pt,0ac24668c74e08cbbdec358a6cee2830822f2120334801d8f314c0e17fde0381,script sha 6d146c3ec08d978c,,result json,
e5_size_id::S007+021::d2::wdcnn::s0,e5_size_id.json,analysis,CWRU,E5 train+val pool (30 files) set=S007+021 draw=2 files=Normal_load3;IR007_load1;IR021_load0;OR007@6_load2;OR021@6_load0;B007_load3;B021_load1,42,wdcnn,0,torch.manual_seed+np.random.seed(seed); eval noise torch.manual_seed(1000+17*seed+rep),"3000 steps, last weights",920,,add_awgn_tensor (per-window power),10.0|0.0|-4.0|-6.0|-8.0,top_mode over 5 noise draws; conc_mean,results/ckpt_e5/S007+021_d2_wdcnn_s0.pt,74b9cc5871ff78608b7a8499ce9693219ea5e7c9488ec2fbcd62adf3986763da,script sha 6d146c3ec08d978c,,result json,
e5_size_id::S014+021::d2::wdcnn::s0,e5_size_id.json,analysis,CWRU,E5 train+val pool (30 files) set=S014+021 draw=2 files=Normal_load3;IR014_load1;IR021_load0;OR014@6_load0;OR021@6_load0;B014_load2;B021_load1,42,wdcnn,0,torch.manual_seed+np.random.seed(seed); eval noise torch.manual_seed(1000+17*seed+rep),"3000 steps, last weights",920,,add_awgn_tensor (per-window power),10.0|0.0|-4.0|-6.0|-8.0,top_mode over 5 noise draws; conc_mean,results/ckpt_e5/S014+021_d2_wdcnn_s0.pt,adb2b948c19a6d8756087a3940321dfbd59ba259da4d1a63de0a63cf83fff830,script sha 6d146c3ec08d978c,,result json,
e5_size_id::S_ALL::d2::wdcnn::s0,e5_size_id.json,analysis,CWRU,E5 train+val pool (30 files) set=S_ALL draw=2 files=Normal_load3;IR007_load1;IR014_load1;IR021_load0;OR007@6_load2;OR014@6_load0;OR021@6_load0;B007_load3;B014_load2;B021_load1,42,wdcnn,0,torch.manual_seed+np.random.seed(seed); eval noise torch.manual_seed(1000+17*seed+rep),"3000 steps, last weights",920,,add_awgn_tensor (per-window power),10.0|0.0|-4.0|-6.0|-8.0,top_mode over 5 noise draws; conc_mean,results/ckpt_e5/S_ALL_d2_wdcnn_s0.pt,c95de34f885150a05734ae88b570c39ca06069700927aff18ebf42b1a8de4973,script sha 6d146c3ec08d978c,,result json,
e5_size_id::S007::d2::drsn::s0,e5_size_id.json,analysis,CWRU,E5 train+val pool (30 files) set=S007 draw=2 files=Normal_load3;IR007_load1;OR007@6_load2;B007_load3,42,drsn,0,torch.manual_seed+np.random.seed(seed); eval noise torch.manual_seed(1000+17*seed+rep),"3000 steps, last weights",920,,add_awgn_tensor (per-window power),10.0|0.0|-4.0|-6.0|-8.0,top_mode over 5 noise draws; conc_mean,results/ckpt_e5/S007_d2_drsn_s0.pt,a615449a3526a1b958db6daf1cbdaab23b66735e25dd230bc4d94d20ed65cad7,script sha 6d146c3ec08d978c,,result json,
e5_size_id::S014::d2::drsn::s0,e5_size_id.json,analysis,CWRU,E5 train+val pool (30 files) set=S014 draw=2 files=Normal_load3;IR014_load1;OR014@6_load0;B014_load2,42,drsn,0,torch.manual_seed+np.random.seed(seed); eval noise torch.manual_seed(1000+17*seed+rep),"3000 steps, last weights",920,,add_awgn_tensor (per-window power),10.0|0.0|-4.0|-6.0|-8.0,top_mode over 5 noise draws; conc_mean,results/ckpt_e5/S014_d2_drsn_s0.pt,1747fb5e86b2d44acac308875831439fb3fca828a4ae53053e43a7b315b068c5,script sha 6d146c3ec08d978c,,result json,
e5_size_id::S021::d2::drsn::s0,e5_size_id.json,analysis,CWRU,E5 train+val pool (30 files) set=S021 draw=2 files=Normal_load3;IR021_load0;OR021@6_load0;B021_load1,42,drsn,0,torch.manual_seed+np.random.seed(seed); eval noise torch.manual_seed(1000+17*seed+rep),"3000 steps, last weights",920,,add_awgn_tensor (per-window power),10.0|0.0|-4.0|-6.0|-8.0,top_mode over 5 noise draws; conc_mean,results/ckpt_e5/S021_d2_drsn_s0.pt,221f8c464a10d67d06474779e54c42c9f593b49d8d0b660fd89b18e0f5444830,script sha 6d146c3ec08d978c,,result json,
e5_size_id::S007+014::d2::drsn::s0,e5_size_id.json,analysis,CWRU,E5 train+val pool (30 files) set=S007+014 draw=2 files=Normal_load3;IR007_load1;IR014_load1;OR007@6_load2;OR014@6_load0;B007_load3;B014_load2,42,drsn,0,torch.manual_seed+np.random.seed(seed); eval noise torch.manual_seed(1000+17*seed+rep),"3000 steps, last weights",920,,add_awgn_tensor (per-window power),10.0|0.0|-4.0|-6.0|-8.0,top_mode over 5 noise draws; conc_mean,results/ckpt_e5/S007+014_d2_drsn_s0.pt,3d259003c8c7ad3d1dca9d2cf6b4547ee9e9e3de9e5da0acca230ce458d9872d,script sha 6d146c3ec08d978c,,result json,
e5_size_id::S007+021::d2::drsn::s0,e5_size_id.json,analysis,CWRU,E5 train+val pool (30 files) set=S007+021 draw=2 files=Normal_load3;IR007_load1;IR021_load0;OR007@6_load2;OR021@6_load0;B007_load3;B021_load1,42,drsn,0,torch.manual_seed+np.random.seed(seed); eval noise torch.manual_seed(1000+17*seed+rep),"3000 steps, last weights",920,,add_awgn_tensor (per-window power),10.0|0.0|-4.0|-6.0|-8.0,top_mode over 5 noise draws; conc_mean,results/ckpt_e5/S007+021_d2_drsn_s0.pt,2caa4132be5dccfc1d17d39234670f475c8494e93c7b46bb3863468fd61e4f54,script sha 6d146c3ec08d978c,,result json,
e5_size_id::S014+021::d2::drsn::s0,e5_size_id.json,analysis,CWRU,E5 train+val pool (30 files) set=S014+021 draw=2 files=Normal_load3;IR014_load1;IR021_load0;OR014@6_load0;OR021@6_load0;B014_load2;B021_load1,42,drsn,0,torch.manual_seed+np.random.seed(seed); eval noise torch.manual_seed(1000+17*seed+rep),"3000 steps, last weights",920,,add_awgn_tensor (per-window power),10.0|0.0|-4.0|-6.0|-8.0,top_mode over 5 noise draws; conc_mean,results/ckpt_e5/S014+021_d2_drsn_s0.pt,480acb9ff6341827e675f8e40d3304acd46b0ff1a89f78493ccbd7cd46e83b1c,script sha 6d146c3ec08d978c,,result json,
e5_size_id::S_ALL::d2::drsn::s0,e5_size_id.json,analysis,CWRU,E5 train+val pool (30 files) set=S_ALL draw=2 files=Normal_load3;IR007_load1;IR014_load1;IR021_load0;OR007@6_load2;OR014@6_load0;OR021@6_load0;B007_load3;B014_load2;B021_load1,42,drsn,0,torch.manual_seed+np.random.seed(seed); eval noise torch.manual_seed(1000+17*seed+rep),"3000 steps, last weights",920,,add_awgn_tensor (per-window power),10.0|0.0|-4.0|-6.0|-8.0,top_mode over 5 noise draws; conc_mean,results/ckpt_e5/S_ALL_d2_drsn_s0.pt,a887fe22a5834742607ae2f9594b7fbed3b6b049676dce24f4aef7b9f16fe443,script sha 6d146c3ec08d978c,,result json,
e5_size_id::S007::d0::wdcnn::s1,e5_size_id.json,analysis,CWRU,E5 train+val pool (30 files) set=S007 draw=0 files=Normal_load3;IR007_load2;OR007@6_load3;B007_load1,42,wdcnn,1,torch.manual_seed+np.random.seed(seed); eval noise torch.manual_seed(1000+17*seed+rep),"3000 steps, last weights",920,,add_awgn_tensor (per-window power),10.0|0.0|-4.0|-6.0|-8.0,top_mode over 5 noise draws; conc_mean,results/ckpt_e5/S007_d0_wdcnn_s1.pt,e46e21ada155539aacac4015fc3fdfe425a3367620d2d1c69eeb0450c85554a1,script sha 6d146c3ec08d978c,,result json,
e5_size_id::S014::d0::wdcnn::s1,e5_size_id.json,analysis,CWRU,E5 train+val pool (30 files) set=S014 draw=0 files=Normal_load3;IR014_load2;OR014@6_load3;B014_load2,42,wdcnn,1,torch.manual_seed+np.random.seed(seed); eval noise torch.manual_seed(1000+17*seed+rep),"3000 steps, last weights",920,,add_awgn_tensor (per-window power),10.0|0.0|-4.0|-6.0|-8.0,top_mode over 5 noise draws; conc_mean,results/ckpt_e5/S014_d0_wdcnn_s1.pt,e11dd921003cfd5cb797c76ca1af02847400017a6ba83517087e2ca281845120,script sha 6d146c3ec08d978c,,result json,
e5_size_id::S021::d0::wdcnn::s1,e5_size_id.json,analysis,CWRU,E5 train+val pool (30 files) set=S021 draw=0 files=Normal_load3;IR021_load1;OR021@6_load0;B021_load1,42,wdcnn,1,torch.manual_seed+np.random.seed(seed); eval noise torch.manual_seed(1000+17*seed+rep),"3000 steps, last weights",920,,add_awgn_tensor (per-window power),10.0|0.0|-4.0|-6.0|-8.0,top_mode over 5 noise draws; conc_mean,results/ckpt_e5/S021_d0_wdcnn_s1.pt,53f106b133920fe1d52f09c8ad942c2586ee6dbb8054fcf7f653d3a11707d511,script sha 6d146c3ec08d978c,,result json,
e5_size_id::S007+014::d0::wdcnn::s1,e5_size_id.json,analysis,CWRU,E5 train+val pool (30 files) set=S007+014 draw=0 files=Normal_load3;IR007_load2;IR014_load2;OR007@6_load3;OR014@6_load3;B007_load1;B014_load2,42,wdcnn,1,torch.manual_seed+np.random.seed(seed); eval noise torch.manual_seed(1000+17*seed+rep),"3000 steps, last weights",920,,add_awgn_tensor (per-window power),10.0|0.0|-4.0|-6.0|-8.0,top_mode over 5 noise draws; conc_mean,results/ckpt_e5/S007+014_d0_wdcnn_s1.pt,9dc5a07c0081d7c0e8509cb63c3a3046e08835fee5f01325511cc19b3048db76,script sha 6d146c3ec08d978c,,result json,
e5_size_id::S007+021::d0::wdcnn::s1,e5_size_id.json,analysis,CWRU,E5 train+val pool (30 files) set=S007+021 draw=0 files=Normal_load3;IR007_load2;IR021_load1;OR007@6_load3;OR021@6_load0;B007_load1;B021_load1,42,wdcnn,1,torch.manual_seed+np.random.seed(seed); eval noise torch.manual_seed(1000+17*seed+rep),"3000 steps, last weights",920,,add_awgn_tensor (per-window power),10.0|0.0|-4.0|-6.0|-8.0,top_mode over 5 noise draws; conc_mean,results/ckpt_e5/S007+021_d0_wdcnn_s1.pt,e174dccc766ebe8f24b61a4bac771278daeb73915e7b1a6f95afd8166952572b,script sha 6d146c3ec08d978c,,result json,
e5_size_id::S014+021::d0::wdcnn::s1,e5_size_id.json,analysis,CWRU,E5 train+val pool (30 files) set=S014+021 draw=0 files=Normal_load3;IR014_load2;IR021_load1;OR014@6_load3;OR021@6_load0;B014_load2;B021_load1,42,wdcnn,1,torch.manual_seed+np.random.seed(seed); eval noise torch.manual_seed(1000+17*seed+rep),"3000 steps, last weights",920,,add_awgn_tensor (per-window power),10.0|0.0|-4.0|-6.0|-8.0,top_mode over 5 noise draws; conc_mean,results/ckpt_e5/S014+021_d0_wdcnn_s1.pt,e7561739ede689d2273acc5c23eb128c0d4a2fcea624e43d8e5b031d91aba728,script sha 6d146c3ec08d978c,,result json,
e5_size_id::S_ALL::d0::wdcnn::s1,e5_size_id.json,analysis,CWRU,E5 train+val pool (30 files) set=S_ALL draw=0 files=Normal_load3;IR007_load2;IR014_load2;IR021_load1;OR007@6_load3;OR014@6_load3;OR021@6_load0;B007_load1;B014_load2;B021_load1,42,wdcnn,1,torch.manual_seed+np.random.seed(seed); eval noise torch.manual_seed(1000+17*seed+rep),"3000 steps, last weights",920,,add_awgn_tensor (per-window power),10.0|0.0|-4.0|-6.0|-8.0,top_mode over 5 noise draws; conc_mean,results/ckpt_e5/S_ALL_d0_wdcnn_s1.pt,67d7702f4c38d7151454beb26a2371d934d8cf53ea1319a9cf09acbc0d33928d,script sha 6d146c3ec08d978c,,result json,
e5_size_id::S007::d0::drsn::s1,e5_size_id.json,analysis,CWRU,E5 train+val pool (30 files) set=S007 draw=0 files=Normal_load3;IR007_load2;OR007@6_load3;B007_load1,42,drsn,1,torch.manual_seed+np.random.seed(seed); eval noise torch.manual_seed(1000+17*seed+rep),"3000 steps, last weights",920,,add_awgn_tensor (per-window power),10.0|0.0|-4.0|-6.0|-8.0,top_mode over 5 noise draws; conc_mean,results/ckpt_e5/S007_d0_drsn_s1.pt,d2b59889e4fd0cf8be4440576f90a8a5f9876be4f08ee3df03046efa91f3f316,script sha 6d146c3ec08d978c,,result json,
e5_size_id::S014::d0::drsn::s1,e5_size_id.json,analysis,CWRU,E5 train+val pool (30 files) set=S014 draw=0 files=Normal_load3;IR014_load2;OR014@6_load3;B014_load2,42,drsn,1,torch.manual_seed+np.random.seed(seed); eval noise torch.manual_seed(1000+17*seed+rep),"3000 steps, last weights",920,,add_awgn_tensor (per-window power),10.0|0.0|-4.0|-6.0|-8.0,top_mode over 5 noise draws; conc_mean,results/ckpt_e5/S014_d0_drsn_s1.pt,cfa163f121935737abf7aeda792442f6de35864be53c19f78b1b8abfb90db7c7,script sha 6d146c3ec08d978c,,result json,
e5_size_id::S021::d0::drsn::s1,e5_size_id.json,analysis,CWRU,E5 train+val pool (30 files) set=S021 draw=0 files=Normal_load3;IR021_load1;OR021@6_load0;B021_load1,42,drsn,1,torch.manual_seed+np.random.seed(seed); eval noise torch.manual_seed(1000+17*seed+rep),"3000 steps, last weights",920,,add_awgn_tensor (per-window power),10.0|0.0|-4.0|-6.0|-8.0,top_mode over 5 noise draws; conc_mean,results/ckpt_e5/S021_d0_drsn_s1.pt,7c9925af61d9ddcfc120360e0264b40e4a1fb6cbfdba6bd30f4cadda206a8260,script sha 6d146c3ec08d978c,,result json,
e5_size_id::S007+014::d0::drsn::s1,e5_size_id.json,analysis,CWRU,E5 train+val pool (30 files) set=S007+014 draw=0 files=Normal_load3;IR007_load2;IR014_load2;OR007@6_load3;OR014@6_load3;B007_load1;B014_load2,42,drsn,1,torch.manual_seed+np.random.seed(seed); eval noise torch.manual_seed(1000+17*seed+rep),"3000 steps, last weights",920,,add_awgn_tensor (per-window power),10.0|0.0|-4.0|-6.0|-8.0,top_mode over 5 noise draws; conc_mean,results/ckpt_e5/S007+014_d0_drsn_s1.pt,fc03022c19476240df73f42850eb6fc0bf6e3e0172f8ba34595723fb4c6b895e,script sha 6d146c3ec08d978c,,result json,
e5_size_id::S007+021::d0::drsn::s1,e5_size_id.json,analysis,CWRU,E5 train+val pool (30 files) set=S007+021 draw=0 files=Normal_load3;IR007_load2;IR021_load1;OR007@6_load3;OR021@6_load0;B007_load1;B021_load1,42,drsn,1,torch.manual_seed+np.random.seed(seed); eval noise torch.manual_seed(1000+17*seed+rep),"3000 steps, last weights",920,,add_awgn_tensor (per-window power),10.0|0.0|-4.0|-6.0|-8.0,top_mode over 5 noise draws; conc_mean,results/ckpt_e5/S007+021_d0_drsn_s1.pt,d99235caf1da275144a267433212eed013c880f04ac641596f24df530fd8dadc,script sha 6d146c3ec08d978c,,result json,
e5_size_id::S014+021::d0::drsn::s1,e5_size_id.json,analysis,CWRU,E5 train+val pool (30 files) set=S014+021 draw=0 files=Normal_load3;IR014_load2;IR021_load1;OR014@6_load3;OR021@6_load0;B014_load2;B021_load1,42,drsn,1,torch.manual_seed+np.random.seed(seed); eval noise torch.manual_seed(1000+17*seed+rep),"3000 steps, last weights",920,,add_awgn_tensor (per-window power),10.0|0.0|-4.0|-6.0|-8.0,top_mode over 5 noise draws; conc_mean,results/ckpt_e5/S014+021_d0_drsn_s1.pt,f2f52c568385f24317d5b9969428ec134d6243b3fc3dc49521a43826e2433a3d,script sha 6d146c3ec08d978c,,result json,
e5_size_id::S_ALL::d0::drsn::s1,e5_size_id.json,analysis,CWRU,E5 train+val pool (30 files) set=S_ALL draw=0 files=Normal_load3;IR007_load2;IR014_load2;IR021_load1;OR007@6_load3;OR014@6_load3;OR021@6_load0;B007_load1;B014_load2;B021_load1,42,drsn,1,torch.manual_seed+np.random.seed(seed); eval noise torch.manual_seed(1000+17*seed+rep),"3000 steps, last weights",920,,add_awgn_tensor (per-window power),10.0|0.0|-4.0|-6.0|-8.0,top_mode over 5 noise draws; conc_mean,results/ckpt_e5/S_ALL_d0_drsn_s1.pt,93f0a6dff5bef4fd52b9810690f9dcb937bf5b371e23cb9ba91d7558a0d30f71,script sha 6d146c3ec08d978c,,result json,
e5_size_id::S007::d1::wdcnn::s1,e5_size_id.json,analysis,CWRU,E5 train+val pool (30 files) set=S007 draw=1 files=Normal_load2;IR007_load2;OR007@6_load2;B007_load1,42,wdcnn,1,torch.manual_seed+np.random.seed(seed); eval noise torch.manual_seed(1000+17*seed+rep),"3000 steps, last weights",920,,add_awgn_tensor (per-window power),10.0|0.0|-4.0|-6.0|-8.0,top_mode over 5 noise draws; conc_mean,results/ckpt_e5/S007_d1_wdcnn_s1.pt,346d494c0583189b7a5099389167a09bf10f8e3bcd3bb725161da85db8273aee,script sha 6d146c3ec08d978c,,result json,
e5_size_id::S014::d1::wdcnn::s1,e5_size_id.json,analysis,CWRU,E5 train+val pool (30 files) set=S014 draw=1 files=Normal_load2;IR014_load1;OR014@6_load2;B014_load0,42,wdcnn,1,torch.manual_seed+np.random.seed(seed); eval noise torch.manual_seed(1000+17*seed+rep),"3000 steps, last weights",920,,add_awgn_tensor (per-window power),10.0|0.0|-4.0|-6.0|-8.0,top_mode over 5 noise draws; conc_mean,results/ckpt_e5/S014_d1_wdcnn_s1.pt,02f67721c32bb9f673c3d31c12435f88602493e1d61a60525539158af0e133f2,script sha 6d146c3ec08d978c,,result json,
e5_size_id::S021::d1::wdcnn::s1,e5_size_id.json,analysis,CWRU,E5 train+val pool (30 files) set=S021 draw=1 files=Normal_load2;IR021_load3;OR021@6_load2;B021_load0,42,wdcnn,1,torch.manual_seed+np.random.seed(seed); eval noise torch.manual_seed(1000+17*seed+rep),"3000 steps, last weights",920,,add_awgn_tensor (per-window power),10.0|0.0|-4.0|-6.0|-8.0,top_mode over 5 noise draws; conc_mean,results/ckpt_e5/S021_d1_wdcnn_s1.pt,a3152935225c6d2ced8f6aee06c77b3e9297172eb8d097f82f8bc83d25217451,script sha 6d146c3ec08d978c,,result json,
e5_size_id::S007+014::d1::wdcnn::s1,e5_size_id.json,analysis,CWRU,E5 train+val pool (30 files) set=S007+014 draw=1 files=Normal_load2;IR007_load2;IR014_load1;OR007@6_load2;OR014@6_load2;B007_load1;B014_load0,42,wdcnn,1,torch.manual_seed+np.random.seed(seed); eval noise torch.manual_seed(1000+17*seed+rep),"3000 steps, last weights",920,,add_awgn_tensor (per-window power),10.0|0.0|-4.0|-6.0|-8.0,top_mode over 5 noise draws; conc_mean,results/ckpt_e5/S007+014_d1_wdcnn_s1.pt,1c31da88b0ab1ae76cca881281db594ed4a05a7c0c44505d8149974d8b6073c1,script sha 6d146c3ec08d978c,,result json,
e5_size_id::S007+021::d1::wdcnn::s1,e5_size_id.json,analysis,CWRU,E5 train+val pool (30 files) set=S007+021 draw=1 files=Normal_load2;IR007_load2;IR021_load3;OR007@6_load2;OR021@6_load2;B007_load1;B021_load0,42,wdcnn,1,torch.manual_seed+np.random.seed(seed); eval noise torch.manual_seed(1000+17*seed+rep),"3000 steps, last weights",920,,add_awgn_tensor (per-window power),10.0|0.0|-4.0|-6.0|-8.0,top_mode over 5 noise draws; conc_mean,results/ckpt_e5/S007+021_d1_wdcnn_s1.pt,8a67865b7a02506392adf633c3a47c3de9d33d207b5f4218e6002bd552764615,script sha 6d146c3ec08d978c,,result json,
e5_size_id::S014+021::d1::wdcnn::s1,e5_size_id.json,analysis,CWRU,E5 train+val pool (30 files) set=S014+021 draw=1 files=Normal_load2;IR014_load1;IR021_load3;OR014@6_load2;OR021@6_load2;B014_load0;B021_load0,42,wdcnn,1,torch.manual_seed+np.random.seed(seed); eval noise torch.manual_seed(1000+17*seed+rep),"3000 steps, last weights",920,,add_awgn_tensor (per-window power),10.0|0.0|-4.0|-6.0|-8.0,top_mode over 5 noise draws; conc_mean,results/ckpt_e5/S014+021_d1_wdcnn_s1.pt,26cdc6b6f66cbaabdcbe6dc302d6b5c82e9f3f3816d8faf5a7b59c70158007e4,script sha 6d146c3ec08d978c,,result json,
e5_size_id::S_ALL::d1::wdcnn::s1,e5_size_id.json,analysis,CWRU,E5 train+val pool (30 files) set=S_ALL draw=1 files=Normal_load2;IR007_load2;IR014_load1;IR021_load3;OR007@6_load2;OR014@6_load2;OR021@6_load2;B007_load1;B014_load0;B021_load0,42,wdcnn,1,torch.manual_seed+np.random.seed(seed); eval noise torch.manual_seed(1000+17*seed+rep),"3000 steps, last weights",920,,add_awgn_tensor (per-window power),10.0|0.0|-4.0|-6.0|-8.0,top_mode over 5 noise draws; conc_mean,results/ckpt_e5/S_ALL_d1_wdcnn_s1.pt,ae757ff2144951a8226a34f3c84c55843969808e159e45b60eb82a7268888f08,script sha 6d146c3ec08d978c,,result json,
e5_size_id::S007::d1::drsn::s1,e5_size_id.json,analysis,CWRU,E5 train+val pool (30 files) set=S007 draw=1 files=Normal_load2;IR007_load2;OR007@6_load2;B007_load1,42,drsn,1,torch.manual_seed+np.random.seed(seed); eval noise torch.manual_seed(1000+17*seed+rep),"3000 steps, last weights",920,,add_awgn_tensor (per-window power),10.0|0.0|-4.0|-6.0|-8.0,top_mode over 5 noise draws; conc_mean,results/ckpt_e5/S007_d1_drsn_s1.pt,ad791cc5229efba0964127e1ee1d85cf7819002effe760980811d66f845f825d,script sha 6d146c3ec08d978c,,result json,
e5_size_id::S014::d1::drsn::s1,e5_size_id.json,analysis,CWRU,E5 train+val pool (30 files) set=S014 draw=1 files=Normal_load2;IR014_load1;OR014@6_load2;B014_load0,42,drsn,1,torch.manual_seed+np.random.seed(seed); eval noise torch.manual_seed(1000+17*seed+rep),"3000 steps, last weights",920,,add_awgn_tensor (per-window power),10.0|0.0|-4.0|-6.0|-8.0,top_mode over 5 noise draws; conc_mean,results/ckpt_e5/S014_d1_drsn_s1.pt,d01623e683325ec797a3108edda575c367e3032fe3a98b1e5c47736ef5b23278,script sha 6d146c3ec08d978c,,result json,
e5_size_id::S021::d1::drsn::s1,e5_size_id.json,analysis,CWRU,E5 train+val pool (30 files) set=S021 draw=1 files=Normal_load2;IR021_load3;OR021@6_load2;B021_load0,42,drsn,1,torch.manual_seed+np.random.seed(seed); eval noise torch.manual_seed(1000+17*seed+rep),"3000 steps, last weights",920,,add_awgn_tensor (per-window power),10.0|0.0|-4.0|-6.0|-8.0,top_mode over 5 noise draws; conc_mean,results/ckpt_e5/S021_d1_drsn_s1.pt,c3f2063f9405a5a335d6c0a1b81a07d4c992ab4e71584826946a4382fbefc2a8,script sha 6d146c3ec08d978c,,result json,
e5_size_id::S007+014::d1::drsn::s1,e5_size_id.json,analysis,CWRU,E5 train+val pool (30 files) set=S007+014 draw=1 files=Normal_load2;IR007_load2;IR014_load1;OR007@6_load2;OR014@6_load2;B007_load1;B014_load0,42,drsn,1,torch.manual_seed+np.random.seed(seed); eval noise torch.manual_seed(1000+17*seed+rep),"3000 steps, last weights",920,,add_awgn_tensor (per-window power),10.0|0.0|-4.0|-6.0|-8.0,top_mode over 5 noise draws; conc_mean,results/ckpt_e5/S007+014_d1_drsn_s1.pt,f1ddd58dcd278e88184a73233be586ca45a804d4dbe048457845cdbe74248e19,script sha 6d146c3ec08d978c,,result json,
e5_size_id::S007+021::d1::drsn::s1,e5_size_id.json,analysis,CWRU,E5 train+val pool (30 files) set=S007+021 draw=1 files=Normal_load2;IR007_load2;IR021_load3;OR007@6_load2;OR021@6_load2;B007_load1;B021_load0,42,drsn,1,torch.manual_seed+np.random.seed(seed); eval noise torch.manual_seed(1000+17*seed+rep),"3000 steps, last weights",920,,add_awgn_tensor (per-window power),10.0|0.0|-4.0|-6.0|-8.0,top_mode over 5 noise draws; conc_mean,results/ckpt_e5/S007+021_d1_drsn_s1.pt,093eededda51ce108e440b4093c36cdd4a5e52469d7f897ea1af61d9f201c144,script sha 6d146c3ec08d978c,,result json,
e5_size_id::S014+021::d1::drsn::s1,e5_size_id.json,analysis,CWRU,E5 train+val pool (30 files) set=S014+021 draw=1 files=Normal_load2;IR014_load1;IR021_load3;OR014@6_load2;OR021@6_load2;B014_load0;B021_load0,42,drsn,1,torch.manual_seed+np.random.seed(seed); eval noise torch.manual_seed(1000+17*seed+rep),"3000 steps, last weights",920,,add_awgn_tensor (per-window power),10.0|0.0|-4.0|-6.0|-8.0,top_mode over 5 noise draws; conc_mean,results/ckpt_e5/S014+021_d1_drsn_s1.pt,45012ed1c9ce92acf5c1679004197cde88b4aaf4b08ebc739864a2bbda1244fd,script sha 6d146c3ec08d978c,,result json,
e5_size_id::S_ALL::d1::drsn::s1,e5_size_id.json,analysis,CWRU,E5 train+val pool (30 files) set=S_ALL draw=1 files=Normal_load2;IR007_load2;IR014_load1;IR021_load3;OR007@6_load2;OR014@6_load2;OR021@6_load2;B007_load1;B014_load0;B021_load0,42,drsn,1,torch.manual_seed+np.random.seed(seed); eval noise torch.manual_seed(1000+17*seed+rep),"3000 steps, last weights",920,,add_awgn_tensor (per-window power),10.0|0.0|-4.0|-6.0|-8.0,top_mode over 5 noise draws; conc_mean,results/ckpt_e5/S_ALL_d1_drsn_s1.pt,40e3325ceb888b08fbbda81b6bd549be4f6a5dac308b86a7718f74f94a31ab4b,script sha 6d146c3ec08d978c,,result json,
e5_size_id::S007::d2::wdcnn::s1,e5_size_id.json,analysis,CWRU,E5 train+val pool (30 files) set=S007 draw=2 files=Normal_load3;IR007_load1;OR007@6_load2;B007_load3,42,wdcnn,1,torch.manual_seed+np.random.seed(seed); eval noise torch.manual_seed(1000+17*seed+rep),"3000 steps, last weights",920,,add_awgn_tensor (per-window power),10.0|0.0|-4.0|-6.0|-8.0,top_mode over 5 noise draws; conc_mean,results/ckpt_e5/S007_d2_wdcnn_s1.pt,933578a79fdd3dd4195270646c1d2c4fba791a947d50867a06b527b741e7bb78,script sha 6d146c3ec08d978c,,result json,
e5_size_id::S014::d2::wdcnn::s1,e5_size_id.json,analysis,CWRU,E5 train+val pool (30 files) set=S014 draw=2 files=Normal_load3;IR014_load1;OR014@6_load0;B014_load2,42,wdcnn,1,torch.manual_seed+np.random.seed(seed); eval noise torch.manual_seed(1000+17*seed+rep),"3000 steps, last weights",920,,add_awgn_tensor (per-window power),10.0|0.0|-4.0|-6.0|-8.0,top_mode over 5 noise draws; conc_mean,results/ckpt_e5/S014_d2_wdcnn_s1.pt,d40deff205dafe18e19712106db4829f3d9385507a3f5454bd95f6a5ccebd493,script sha 6d146c3ec08d978c,,result json,
e5_size_id::S021::d2::wdcnn::s1,e5_size_id.json,analysis,CWRU,E5 train+val pool (30 files) set=S021 draw=2 files=Normal_load3;IR021_load0;OR021@6_load0;B021_load1,42,wdcnn,1,torch.manual_seed+np.random.seed(seed); eval noise torch.manual_seed(1000+17*seed+rep),"3000 steps, last weights",920,,add_awgn_tensor (per-window power),10.0|0.0|-4.0|-6.0|-8.0,top_mode over 5 noise draws; conc_mean,results/ckpt_e5/S021_d2_wdcnn_s1.pt,d211e0d4c0e7343700c0ed9b3a815602dbd85dd43b47679886826c9ef2d7cb95,script sha 6d146c3ec08d978c,,result json,
e5_size_id::S007+014::d2::wdcnn::s1,e5_size_id.json,analysis,CWRU,E5 train+val pool (30 files) set=S007+014 draw=2 files=Normal_load3;IR007_load1;IR014_load1;OR007@6_load2;OR014@6_load0;B007_load3;B014_load2,42,wdcnn,1,torch.manual_seed+np.random.seed(seed); eval noise torch.manual_seed(1000+17*seed+rep),"3000 steps, last weights",920,,add_awgn_tensor (per-window power),10.0|0.0|-4.0|-6.0|-8.0,top_mode over 5 noise draws; conc_mean,results/ckpt_e5/S007+014_d2_wdcnn_s1.pt,c8452127a8fbe1c32b39059a674d55b22e1d424c107ea0d07cb9715c500b0ffa,script sha 6d146c3ec08d978c,,result json,
e5_size_id::S007+021::d2::wdcnn::s1,e5_size_id.json,analysis,CWRU,E5 train+val pool (30 files) set=S007+021 draw=2 files=Normal_load3;IR007_load1;IR021_load0;OR007@6_load2;OR021@6_load0;B007_load3;B021_load1,42,wdcnn,1,torch.manual_seed+np.random.seed(seed); eval noise torch.manual_seed(1000+17*seed+rep),"3000 steps, last weights",920,,add_awgn_tensor (per-window power),10.0|0.0|-4.0|-6.0|-8.0,top_mode over 5 noise draws; conc_mean,results/ckpt_e5/S007+021_d2_wdcnn_s1.pt,890e5c596d8ba5a719ea14032253060d773109613d20ab93f685360cba27381f,script sha 6d146c3ec08d978c,,result json,
e5_size_id::S014+021::d2::wdcnn::s1,e5_size_id.json,analysis,CWRU,E5 train+val pool (30 files) set=S014+021 draw=2 files=Normal_load3;IR014_load1;IR021_load0;OR014@6_load0;OR021@6_load0;B014_load2;B021_load1,42,wdcnn,1,torch.manual_seed+np.random.seed(seed); eval noise torch.manual_seed(1000+17*seed+rep),"3000 steps, last weights",920,,add_awgn_tensor (per-window power),10.0|0.0|-4.0|-6.0|-8.0,top_mode over 5 noise draws; conc_mean,results/ckpt_e5/S014+021_d2_wdcnn_s1.pt,209655e39426c806ca9106f43509297296b7fb5b91d50adec62307dbe0af3be4,script sha 6d146c3ec08d978c,,result json,
e5_size_id::S_ALL::d2::wdcnn::s1,e5_size_id.json,analysis,CWRU,E5 train+val pool (30 files) set=S_ALL draw=2 files=Normal_load3;IR007_load1;IR014_load1;IR021_load0;OR007@6_load2;OR014@6_load0;OR021@6_load0;B007_load3;B014_load2;B021_load1,42,wdcnn,1,torch.manual_seed+np.random.seed(seed); eval noise torch.manual_seed(1000+17*seed+rep),"3000 steps, last weights",920,,add_awgn_tensor (per-window power),10.0|0.0|-4.0|-6.0|-8.0,top_mode over 5 noise draws; conc_mean,results/ckpt_e5/S_ALL_d2_wdcnn_s1.pt,2ea118adf6cf9606d5ed7cea0516d0afe700cbe800b432fb14e119b2171166c8,script sha 6d146c3ec08d978c,,result json,
e5_size_id::S007::d2::drsn::s1,e5_size_id.json,analysis,CWRU,E5 train+val pool (30 files) set=S007 draw=2 files=Normal_load3;IR007_load1;OR007@6_load2;B007_load3,42,drsn,1,torch.manual_seed+np.random.seed(seed); eval noise torch.manual_seed(1000+17*seed+rep),"3000 steps, last weights",920,,add_awgn_tensor (per-window power),10.0|0.0|-4.0|-6.0|-8.0,top_mode over 5 noise draws; conc_mean,results/ckpt_e5/S007_d2_drsn_s1.pt,193a735b216e767b2cf6b569f44ee41a7953d61fe0bf3bb2011665d5d99f914e,script sha 6d146c3ec08d978c,,result json,
e5_size_id::S014::d2::drsn::s1,e5_size_id.json,analysis,CWRU,E5 train+val pool (30 files) set=S014 draw=2 files=Normal_load3;IR014_load1;OR014@6_load0;B014_load2,42,drsn,1,torch.manual_seed+np.random.seed(seed); eval noise torch.manual_seed(1000+17*seed+rep),"3000 steps, last weights",920,,add_awgn_tensor (per-window power),10.0|0.0|-4.0|-6.0|-8.0,top_mode over 5 noise draws; conc_mean,results/ckpt_e5/S014_d2_drsn_s1.pt,0c5a7b5cd76f34456000d9f2f9392b896a5e18e6530d3353eb4f2eb32adeaa4c,script sha 6d146c3ec08d978c,,result json,
e5_size_id::S021::d2::drsn::s1,e5_size_id.json,analysis,CWRU,E5 train+val pool (30 files) set=S021 draw=2 files=Normal_load3;IR021_load0;OR021@6_load0;B021_load1,42,drsn,1,torch.manual_seed+np.random.seed(seed); eval noise torch.manual_seed(1000+17*seed+rep),"3000 steps, last weights",920,,add_awgn_tensor (per-window power),10.0|0.0|-4.0|-6.0|-8.0,top_mode over 5 noise draws; conc_mean,results/ckpt_e5/S021_d2_drsn_s1.pt,1908b89f33d5981f7fc359073c010b56c2cd060794fef583fb0a0bceeef01bff,script sha 6d146c3ec08d978c,,result json,
e5_size_id::S007+014::d2::drsn::s1,e5_size_id.json,analysis,CWRU,E5 train+val pool (30 files) set=S007+014 draw=2 files=Normal_load3;IR007_load1;IR014_load1;OR007@6_load2;OR014@6_load0;B007_load3;B014_load2,42,drsn,1,torch.manual_seed+np.random.seed(seed); eval noise torch.manual_seed(1000+17*seed+rep),"3000 steps, last weights",920,,add_awgn_tensor (per-window power),10.0|0.0|-4.0|-6.0|-8.0,top_mode over 5 noise draws; conc_mean,results/ckpt_e5/S007+014_d2_drsn_s1.pt,3137c0317b58b0f6d7a5e79460b43bacda07d802609b2d989aaa28e25f7811aa,script sha 6d146c3ec08d978c,,result json,
e5_size_id::S007+021::d2::drsn::s1,e5_size_id.json,analysis,CWRU,E5 train+val pool (30 files) set=S007+021 draw=2 files=Normal_load3;IR007_load1;IR021_load0;OR007@6_load2;OR021@6_load0;B007_load3;B021_load1,42,drsn,1,torch.manual_seed+np.random.seed(seed); eval noise torch.manual_seed(1000+17*seed+rep),"3000 steps, last weights",920,,add_awgn_tensor (per-window power),10.0|0.0|-4.0|-6.0|-8.0,top_mode over 5 noise draws; conc_mean,results/ckpt_e5/S007+021_d2_drsn_s1.pt,1b7b6d8e30defc32701a98c8b64b6b0d9499f0aa5d353e0df6ac0081c0f22987,script sha 6d146c3ec08d978c,,result json,
e5_size_id::S014+021::d2::drsn::s1,e5_size_id.json,analysis,CWRU,E5 train+val pool (30 files) set=S014+021 draw=2 files=Normal_load3;IR014_load1;IR021_load0;OR014@6_load0;OR021@6_load0;B014_load2;B021_load1,42,drsn,1,torch.manual_seed+np.random.seed(seed); eval noise torch.manual_seed(1000+17*seed+rep),"3000 steps, last weights",920,,add_awgn_tensor (per-window power),10.0|0.0|-4.0|-6.0|-8.0,top_mode over 5 noise draws; conc_mean,results/ckpt_e5/S014+021_d2_drsn_s1.pt,31fd4fa08862f219c6855d900a12b9f353ef5daed8d55acd5f5702622353947f,script sha 6d146c3ec08d978c,,result json,
e5_size_id::S_ALL::d2::drsn::s1,e5_size_id.json,analysis,CWRU,E5 train+val pool (30 files) set=S_ALL draw=2 files=Normal_load3;IR007_load1;IR014_load1;IR021_load0;OR007@6_load2;OR014@6_load0;OR021@6_load0;B007_load3;B014_load2;B021_load1,42,drsn,1,torch.manual_seed+np.random.seed(seed); eval noise torch.manual_seed(1000+17*seed+rep),"3000 steps, last weights",920,,add_awgn_tensor (per-window power),10.0|0.0|-4.0|-6.0|-8.0,top_mode over 5 noise draws; conc_mean,results/ckpt_e5/S_ALL_d2_drsn_s1.pt,54a5e8f2811787d4f8b9ccaa003c37c4a122b43fd4461058713b6a05e3d7cc07,script sha 6d146c3ec08d978c,,result json,
e5_size_id::S007::d0::wdcnn::s2,e5_size_id.json,analysis,CWRU,E5 train+val pool (30 files) set=S007 draw=0 files=Normal_load3;IR007_load2;OR007@6_load3;B007_load1,42,wdcnn,2,torch.manual_seed+np.random.seed(seed); eval noise torch.manual_seed(1000+17*seed+rep),"3000 steps, last weights",920,,add_awgn_tensor (per-window power),10.0|0.0|-4.0|-6.0|-8.0,top_mode over 5 noise draws; conc_mean,results/ckpt_e5/S007_d0_wdcnn_s2.pt,b9114bbb28141be02d4ddc5271de6702190a10b49e647b93acc6e736ed451f31,script sha 6d146c3ec08d978c,,result json,
e5_size_id::S014::d0::wdcnn::s2,e5_size_id.json,analysis,CWRU,E5 train+val pool (30 files) set=S014 draw=0 files=Normal_load3;IR014_load2;OR014@6_load3;B014_load2,42,wdcnn,2,torch.manual_seed+np.random.seed(seed); eval noise torch.manual_seed(1000+17*seed+rep),"3000 steps, last weights",920,,add_awgn_tensor (per-window power),10.0|0.0|-4.0|-6.0|-8.0,top_mode over 5 noise draws; conc_mean,results/ckpt_e5/S014_d0_wdcnn_s2.pt,899f9c3c602404a106b16d0b5ea598274d2c657814c7c7b0697c825a0f1f7765,script sha 6d146c3ec08d978c,,result json,
e5_size_id::S021::d0::wdcnn::s2,e5_size_id.json,analysis,CWRU,E5 train+val pool (30 files) set=S021 draw=0 files=Normal_load3;IR021_load1;OR021@6_load0;B021_load1,42,wdcnn,2,torch.manual_seed+np.random.seed(seed); eval noise torch.manual_seed(1000+17*seed+rep),"3000 steps, last weights",920,,add_awgn_tensor (per-window power),10.0|0.0|-4.0|-6.0|-8.0,top_mode over 5 noise draws; conc_mean,results/ckpt_e5/S021_d0_wdcnn_s2.pt,990ae486e8734b29576dd87c5d999b168963e34cfef37cebb6fdd672dfa65a48,script sha 6d146c3ec08d978c,,result json,
e5_size_id::S007+014::d0::wdcnn::s2,e5_size_id.json,analysis,CWRU,E5 train+val pool (30 files) set=S007+014 draw=0 files=Normal_load3;IR007_load2;IR014_load2;OR007@6_load3;OR014@6_load3;B007_load1;B014_load2,42,wdcnn,2,torch.manual_seed+np.random.seed(seed); eval noise torch.manual_seed(1000+17*seed+rep),"3000 steps, last weights",920,,add_awgn_tensor (per-window power),10.0|0.0|-4.0|-6.0|-8.0,top_mode over 5 noise draws; conc_mean,results/ckpt_e5/S007+014_d0_wdcnn_s2.pt,d09e6a696a2d33269bcdd0288de53cf1c643e04847b1e84f880083999cb3dc9f,script sha 6d146c3ec08d978c,,result json,
e5_size_id::S007+021::d0::wdcnn::s2,e5_size_id.json,analysis,CWRU,E5 train+val pool (30 files) set=S007+021 draw=0 files=Normal_load3;IR007_load2;IR021_load1;OR007@6_load3;OR021@6_load0;B007_load1;B021_load1,42,wdcnn,2,torch.manual_seed+np.random.seed(seed); eval noise torch.manual_seed(1000+17*seed+rep),"3000 steps, last weights",920,,add_awgn_tensor (per-window power),10.0|0.0|-4.0|-6.0|-8.0,top_mode over 5 noise draws; conc_mean,results/ckpt_e5/S007+021_d0_wdcnn_s2.pt,b47649c07060e92da9ac5f9cdefc750dbb7509c3b301fbff1f36746d8caa26d3,script sha 6d146c3ec08d978c,,result json,
e5_size_id::S014+021::d0::wdcnn::s2,e5_size_id.json,analysis,CWRU,E5 train+val pool (30 files) set=S014+021 draw=0 files=Normal_load3;IR014_load2;IR021_load1;OR014@6_load3;OR021@6_load0;B014_load2;B021_load1,42,wdcnn,2,torch.manual_seed+np.random.seed(seed); eval noise torch.manual_seed(1000+17*seed+rep),"3000 steps, last weights",920,,add_awgn_tensor (per-window power),10.0|0.0|-4.0|-6.0|-8.0,top_mode over 5 noise draws; conc_mean,results/ckpt_e5/S014+021_d0_wdcnn_s2.pt,724cbad3b20b9b295a8f36fa196e6376954eca452e3349fac597888b9a729847,script sha 6d146c3ec08d978c,,result json,
e5_size_id::S_ALL::d0::wdcnn::s2,e5_size_id.json,analysis,CWRU,E5 train+val pool (30 files) set=S_ALL draw=0 files=Normal_load3;IR007_load2;IR014_load2;IR021_load1;OR007@6_load3;OR014@6_load3;OR021@6_load0;B007_load1;B014_load2;B021_load1,42,wdcnn,2,torch.manual_seed+np.random.seed(seed); eval noise torch.manual_seed(1000+17*seed+rep),"3000 steps, last weights",920,,add_awgn_tensor (per-window power),10.0|0.0|-4.0|-6.0|-8.0,top_mode over 5 noise draws; conc_mean,results/ckpt_e5/S_ALL_d0_wdcnn_s2.pt,bbb36a65fda4f6d5ef7aaaba9c17dbb91bc0f433698339f24bc6ad73fdd0b99a,script sha 6d146c3ec08d978c,,result json,
e5_size_id::S007::d0::drsn::s2,e5_size_id.json,analysis,CWRU,E5 train+val pool (30 files) set=S007 draw=0 files=Normal_load3;IR007_load2;OR007@6_load3;B007_load1,42,drsn,2,torch.manual_seed+np.random.seed(seed); eval noise torch.manual_seed(1000+17*seed+rep),"3000 steps, last weights",920,,add_awgn_tensor (per-window power),10.0|0.0|-4.0|-6.0|-8.0,top_mode over 5 noise draws; conc_mean,results/ckpt_e5/S007_d0_drsn_s2.pt,8b9a9cdbda5f12eb7e5894210011bb84b326330c1b5479496cb8bbbade023220,script sha 6d146c3ec08d978c,,result json,
e5_size_id::S014::d0::drsn::s2,e5_size_id.json,analysis,CWRU,E5 train+val pool (30 files) set=S014 draw=0 files=Normal_load3;IR014_load2;OR014@6_load3;B014_load2,42,drsn,2,torch.manual_seed+np.random.seed(seed); eval noise torch.manual_seed(1000+17*seed+rep),"3000 steps, last weights",920,,add_awgn_tensor (per-window power),10.0|0.0|-4.0|-6.0|-8.0,top_mode over 5 noise draws; conc_mean,results/ckpt_e5/S014_d0_drsn_s2.pt,c53569ec2e0482929997a5065d925118083aaf1fec77fe294a3f245260bb3ca4,script sha 6d146c3ec08d978c,,result json,
e5_size_id::S021::d0::drsn::s2,e5_size_id.json,analysis,CWRU,E5 train+val pool (30 files) set=S021 draw=0 files=Normal_load3;IR021_load1;OR021@6_load0;B021_load1,42,drsn,2,torch.manual_seed+np.random.seed(seed); eval noise torch.manual_seed(1000+17*seed+rep),"3000 steps, last weights",920,,add_awgn_tensor (per-window power),10.0|0.0|-4.0|-6.0|-8.0,top_mode over 5 noise draws; conc_mean,results/ckpt_e5/S021_d0_drsn_s2.pt,fb238bee125e248ae02f3655d5d96a7d8af550b737d4bd78449a73a3fa2818fe,script sha 6d146c3ec08d978c,,result json,
e5_size_id::S007+014::d0::drsn::s2,e5_size_id.json,analysis,CWRU,E5 train+val pool (30 files) set=S007+014 draw=0 files=Normal_load3;IR007_load2;IR014_load2;OR007@6_load3;OR014@6_load3;B007_load1;B014_load2,42,drsn,2,torch.manual_seed+np.random.seed(seed); eval noise torch.manual_seed(1000+17*seed+rep),"3000 steps, last weights",920,,add_awgn_tensor (per-window power),10.0|0.0|-4.0|-6.0|-8.0,top_mode over 5 noise draws; conc_mean,results/ckpt_e5/S007+014_d0_drsn_s2.pt,695d58459cfe9a75edebfd8333acdcc52e3b71eb19f2a7b592f9aced7b52f4b8,script sha 6d146c3ec08d978c,,result json,
e5_size_id::S007+021::d0::drsn::s2,e5_size_id.json,analysis,CWRU,E5 train+val pool (30 files) set=S007+021 draw=0 files=Normal_load3;IR007_load2;IR021_load1;OR007@6_load3;OR021@6_load0;B007_load1;B021_load1,42,drsn,2,torch.manual_seed+np.random.seed(seed); eval noise torch.manual_seed(1000+17*seed+rep),"3000 steps, last weights",920,,add_awgn_tensor (per-window power),10.0|0.0|-4.0|-6.0|-8.0,top_mode over 5 noise draws; conc_mean,results/ckpt_e5/S007+021_d0_drsn_s2.pt,400610e810784ad84d57aeb93c0e863dcae30d202bbaa949bf265df132c670ad,script sha 6d146c3ec08d978c,,result json,
e5_size_id::S014+021::d0::drsn::s2,e5_size_id.json,analysis,CWRU,E5 train+val pool (30 files) set=S014+021 draw=0 files=Normal_load3;IR014_load2;IR021_load1;OR014@6_load3;OR021@6_load0;B014_load2;B021_load1,42,drsn,2,torch.manual_seed+np.random.seed(seed); eval noise torch.manual_seed(1000+17*seed+rep),"3000 steps, last weights",920,,add_awgn_tensor (per-window power),10.0|0.0|-4.0|-6.0|-8.0,top_mode over 5 noise draws; conc_mean,results/ckpt_e5/S014+021_d0_drsn_s2.pt,d00462b7564c332ee3d7b00fd95cd9784d9ee87acbe575904595cdd372a28577,script sha 6d146c3ec08d978c,,result json,
e5_size_id::S_ALL::d0::drsn::s2,e5_size_id.json,analysis,CWRU,E5 train+val pool (30 files) set=S_ALL draw=0 files=Normal_load3;IR007_load2;IR014_load2;IR021_load1;OR007@6_load3;OR014@6_load3;OR021@6_load0;B007_load1;B014_load2;B021_load1,42,drsn,2,torch.manual_seed+np.random.seed(seed); eval noise torch.manual_seed(1000+17*seed+rep),"3000 steps, last weights",920,,add_awgn_tensor (per-window power),10.0|0.0|-4.0|-6.0|-8.0,top_mode over 5 noise draws; conc_mean,results/ckpt_e5/S_ALL_d0_drsn_s2.pt,f4847f15f099d34d0f841467c9fa6e0d209e4647e78729e5b5cdafdf2940365e,script sha 6d146c3ec08d978c,,result json,
e5_size_id::S007::d1::wdcnn::s2,e5_size_id.json,analysis,CWRU,E5 train+val pool (30 files) set=S007 draw=1 files=Normal_load2;IR007_load2;OR007@6_load2;B007_load1,42,wdcnn,2,torch.manual_seed+np.random.seed(seed); eval noise torch.manual_seed(1000+17*seed+rep),"3000 steps, last weights",920,,add_awgn_tensor (per-window power),10.0|0.0|-4.0|-6.0|-8.0,top_mode over 5 noise draws; conc_mean,results/ckpt_e5/S007_d1_wdcnn_s2.pt,4ad235a1d8ed01dcd23024e87e76baf5f553422a69551608b67aecf5827cde2c,script sha 6d146c3ec08d978c,,result json,
e5_size_id::S014::d1::wdcnn::s2,e5_size_id.json,analysis,CWRU,E5 train+val pool (30 files) set=S014 draw=1 files=Normal_load2;IR014_load1;OR014@6_load2;B014_load0,42,wdcnn,2,torch.manual_seed+np.random.seed(seed); eval noise torch.manual_seed(1000+17*seed+rep),"3000 steps, last weights",920,,add_awgn_tensor (per-window power),10.0|0.0|-4.0|-6.0|-8.0,top_mode over 5 noise draws; conc_mean,results/ckpt_e5/S014_d1_wdcnn_s2.pt,9e36da13d9a78c7cbb2284a0667124cf3e6a89f742f2770e1db618824d8ba77d,script sha 6d146c3ec08d978c,,result json,
e5_size_id::S021::d1::wdcnn::s2,e5_size_id.json,analysis,CWRU,E5 train+val pool (30 files) set=S021 draw=1 files=Normal_load2;IR021_load3;OR021@6_load2;B021_load0,42,wdcnn,2,torch.manual_seed+np.random.seed(seed); eval noise torch.manual_seed(1000+17*seed+rep),"3000 steps, last weights",920,,add_awgn_tensor (per-window power),10.0|0.0|-4.0|-6.0|-8.0,top_mode over 5 noise draws; conc_mean,results/ckpt_e5/S021_d1_wdcnn_s2.pt,534053fbe24855b4f634a38a308aaaf2cf06002f8c7dd3df1fa8fb89ce6c6438,script sha 6d146c3ec08d978c,,result json,
e5_size_id::S007+014::d1::wdcnn::s2,e5_size_id.json,analysis,CWRU,E5 train+val pool (30 files) set=S007+014 draw=1 files=Normal_load2;IR007_load2;IR014_load1;OR007@6_load2;OR014@6_load2;B007_load1;B014_load0,42,wdcnn,2,torch.manual_seed+np.random.seed(seed); eval noise torch.manual_seed(1000+17*seed+rep),"3000 steps, last weights",920,,add_awgn_tensor (per-window power),10.0|0.0|-4.0|-6.0|-8.0,top_mode over 5 noise draws; conc_mean,results/ckpt_e5/S007+014_d1_wdcnn_s2.pt,180d2a1b4870cf89c392ab45e0e2615a00f74e8dfacdf8206463770df84fc27a,script sha 6d146c3ec08d978c,,result json,
e5_size_id::S007+021::d1::wdcnn::s2,e5_size_id.json,analysis,CWRU,E5 train+val pool (30 files) set=S007+021 draw=1 files=Normal_load2;IR007_load2;IR021_load3;OR007@6_load2;OR021@6_load2;B007_load1;B021_load0,42,wdcnn,2,torch.manual_seed+np.random.seed(seed); eval noise torch.manual_seed(1000+17*seed+rep),"3000 steps, last weights",920,,add_awgn_tensor (per-window power),10.0|0.0|-4.0|-6.0|-8.0,top_mode over 5 noise draws; conc_mean,results/ckpt_e5/S007+021_d1_wdcnn_s2.pt,67e8d5d32bebbd87e26b130c033a49f26b0d1fe203b3a8df29d4d07ca0da0ca9,script sha 6d146c3ec08d978c,,result json,
e5_size_id::S014+021::d1::wdcnn::s2,e5_size_id.json,analysis,CWRU,E5 train+val pool (30 files) set=S014+021 draw=1 files=Normal_load2;IR014_load1;IR021_load3;OR014@6_load2;OR021@6_load2;B014_load0;B021_load0,42,wdcnn,2,torch.manual_seed+np.random.seed(seed); eval noise torch.manual_seed(1000+17*seed+rep),"3000 steps, last weights",920,,add_awgn_tensor (per-window power),10.0|0.0|-4.0|-6.0|-8.0,top_mode over 5 noise draws; conc_mean,results/ckpt_e5/S014+021_d1_wdcnn_s2.pt,f354c87d02f36efd4bbd6e1cba153a8311ab193f9aa09de5d8d573def58c808d,script sha 6d146c3ec08d978c,,result json,
e5_size_id::S_ALL::d1::wdcnn::s2,e5_size_id.json,analysis,CWRU,E5 train+val pool (30 files) set=S_ALL draw=1 files=Normal_load2;IR007_load2;IR014_load1;IR021_load3;OR007@6_load2;OR014@6_load2;OR021@6_load2;B007_load1;B014_load0;B021_load0,42,wdcnn,2,torch.manual_seed+np.random.seed(seed); eval noise torch.manual_seed(1000+17*seed+rep),"3000 steps, last weights",920,,add_awgn_tensor (per-window power),10.0|0.0|-4.0|-6.0|-8.0,top_mode over 5 noise draws; conc_mean,results/ckpt_e5/S_ALL_d1_wdcnn_s2.pt,951a72cb27c793d1259393b68c6be8fd1dcd982158809b460dcd65c41473e999,script sha 6d146c3ec08d978c,,result json,
e5_size_id::S007::d1::drsn::s2,e5_size_id.json,analysis,CWRU,E5 train+val pool (30 files) set=S007 draw=1 files=Normal_load2;IR007_load2;OR007@6_load2;B007_load1,42,drsn,2,torch.manual_seed+np.random.seed(seed); eval noise torch.manual_seed(1000+17*seed+rep),"3000 steps, last weights",920,,add_awgn_tensor (per-window power),10.0|0.0|-4.0|-6.0|-8.0,top_mode over 5 noise draws; conc_mean,results/ckpt_e5/S007_d1_drsn_s2.pt,4e334c62d2f11d1c0a1a3e3a4673a63fea229097c25bd6eb1b92a4220f71f0b2,script sha 6d146c3ec08d978c,,result json,
e5_size_id::S014::d1::drsn::s2,e5_size_id.json,analysis,CWRU,E5 train+val pool (30 files) set=S014 draw=1 files=Normal_load2;IR014_load1;OR014@6_load2;B014_load0,42,drsn,2,torch.manual_seed+np.random.seed(seed); eval noise torch.manual_seed(1000+17*seed+rep),"3000 steps, last weights",920,,add_awgn_tensor (per-window power),10.0|0.0|-4.0|-6.0|-8.0,top_mode over 5 noise draws; conc_mean,results/ckpt_e5/S014_d1_drsn_s2.pt,4fa6cab8ddcc6871ad3e1cc30ff54505ce220d23ab686f982fc683e936e1ec11,script sha 6d146c3ec08d978c,,result json,
e5_size_id::S021::d1::drsn::s2,e5_size_id.json,analysis,CWRU,E5 train+val pool (30 files) set=S021 draw=1 files=Normal_load2;IR021_load3;OR021@6_load2;B021_load0,42,drsn,2,torch.manual_seed+np.random.seed(seed); eval noise torch.manual_seed(1000+17*seed+rep),"3000 steps, last weights",920,,add_awgn_tensor (per-window power),10.0|0.0|-4.0|-6.0|-8.0,top_mode over 5 noise draws; conc_mean,results/ckpt_e5/S021_d1_drsn_s2.pt,6b258c9332d1d694d57065365bb8d54d8b7c4a12386f41012cc676dec5ab0b06,script sha 6d146c3ec08d978c,,result json,
e5_size_id::S007+014::d1::drsn::s2,e5_size_id.json,analysis,CWRU,E5 train+val pool (30 files) set=S007+014 draw=1 files=Normal_load2;IR007_load2;IR014_load1;OR007@6_load2;OR014@6_load2;B007_load1;B014_load0,42,drsn,2,torch.manual_seed+np.random.seed(seed); eval noise torch.manual_seed(1000+17*seed+rep),"3000 steps, last weights",920,,add_awgn_tensor (per-window power),10.0|0.0|-4.0|-6.0|-8.0,top_mode over 5 noise draws; conc_mean,results/ckpt_e5/S007+014_d1_drsn_s2.pt,f793edde64c485e8fe1cdf968a1475fdee44fca6fa50412b60639e2f533a8639,script sha 6d146c3ec08d978c,,result json,
e5_size_id::S007+021::d1::drsn::s2,e5_size_id.json,analysis,CWRU,E5 train+val pool (30 files) set=S007+021 draw=1 files=Normal_load2;IR007_load2;IR021_load3;OR007@6_load2;OR021@6_load2;B007_load1;B021_load0,42,drsn,2,torch.manual_seed+np.random.seed(seed); eval noise torch.manual_seed(1000+17*seed+rep),"3000 steps, last weights",920,,add_awgn_tensor (per-window power),10.0|0.0|-4.0|-6.0|-8.0,top_mode over 5 noise draws; conc_mean,results/ckpt_e5/S007+021_d1_drsn_s2.pt,6b58a58fffdcacf611aae7854e51523cf2cf39d642ab31adc2d4a26fd688ea19,script sha 6d146c3ec08d978c,,result json,
e5_size_id::S014+021::d1::drsn::s2,e5_size_id.json,analysis,CWRU,E5 train+val pool (30 files) set=S014+021 draw=1 files=Normal_load2;IR014_load1;IR021_load3;OR014@6_load2;OR021@6_load2;B014_load0;B021_load0,42,drsn,2,torch.manual_seed+np.random.seed(seed); eval noise torch.manual_seed(1000+17*seed+rep),"3000 steps, last weights",920,,add_awgn_tensor (per-window power),10.0|0.0|-4.0|-6.0|-8.0,top_mode over 5 noise draws; conc_mean,results/ckpt_e5/S014+021_d1_drsn_s2.pt,64e2425f8e4298a697ba3c4bdc225fe4fac2a1e3237bd4a46f941ef263981ab1,script sha 6d146c3ec08d978c,,result json,
e5_size_id::S_ALL::d1::drsn::s2,e5_size_id.json,analysis,CWRU,E5 train+val pool (30 files) set=S_ALL draw=1 files=Normal_load2;IR007_load2;IR014_load1;IR021_load3;OR007@6_load2;OR014@6_load2;OR021@6_load2;B007_load1;B014_load0;B021_load0,42,drsn,2,torch.manual_seed+np.random.seed(seed); eval noise torch.manual_seed(1000+17*seed+rep),"3000 steps, last weights",920,,add_awgn_tensor (per-window power),10.0|0.0|-4.0|-6.0|-8.0,top_mode over 5 noise draws; conc_mean,results/ckpt_e5/S_ALL_d1_drsn_s2.pt,1e479c8abb16fc391c3ab5ab76878c0875b71af6b5758c0ea05843adec46573d,script sha 6d146c3ec08d978c,,result json,
e5_size_id::S007::d2::wdcnn::s2,e5_size_id.json,analysis,CWRU,E5 train+val pool (30 files) set=S007 draw=2 files=Normal_load3;IR007_load1;OR007@6_load2;B007_load3,42,wdcnn,2,torch.manual_seed+np.random.seed(seed); eval noise torch.manual_seed(1000+17*seed+rep),"3000 steps, last weights",920,,add_awgn_tensor (per-window power),10.0|0.0|-4.0|-6.0|-8.0,top_mode over 5 noise draws; conc_mean,results/ckpt_e5/S007_d2_wdcnn_s2.pt,1dca07875f637cff2ffea2f8f561274c7ee48fa1e45c0c66c921c878a1621b4a,script sha 6d146c3ec08d978c,,result json,
e5_size_id::S014::d2::wdcnn::s2,e5_size_id.json,analysis,CWRU,E5 train+val pool (30 files) set=S014 draw=2 files=Normal_load3;IR014_load1;OR014@6_load0;B014_load2,42,wdcnn,2,torch.manual_seed+np.random.seed(seed); eval noise torch.manual_seed(1000+17*seed+rep),"3000 steps, last weights",920,,add_awgn_tensor (per-window power),10.0|0.0|-4.0|-6.0|-8.0,top_mode over 5 noise draws; conc_mean,results/ckpt_e5/S014_d2_wdcnn_s2.pt,110e4bcb49d22b5da47894cedcd778a3a3c251fc39d0aa517c5d9ff39b8dffcc,script sha 6d146c3ec08d978c,,result json,
e5_size_id::S021::d2::wdcnn::s2,e5_size_id.json,analysis,CWRU,E5 train+val pool (30 files) set=S021 draw=2 files=Normal_load3;IR021_load0;OR021@6_load0;B021_load1,42,wdcnn,2,torch.manual_seed+np.random.seed(seed); eval noise torch.manual_seed(1000+17*seed+rep),"3000 steps, last weights",920,,add_awgn_tensor (per-window power),10.0|0.0|-4.0|-6.0|-8.0,top_mode over 5 noise draws; conc_mean,results/ckpt_e5/S021_d2_wdcnn_s2.pt,9bec4ffcbf6c062e62e062c58773a8c9c8fe98eaf5abfbe5cba72ed9e06ddd85,script sha 6d146c3ec08d978c,,result json,
e5_size_id::S007+014::d2::wdcnn::s2,e5_size_id.json,analysis,CWRU,E5 train+val pool (30 files) set=S007+014 draw=2 files=Normal_load3;IR007_load1;IR014_load1;OR007@6_load2;OR014@6_load0;B007_load3;B014_load2,42,wdcnn,2,torch.manual_seed+np.random.seed(seed); eval noise torch.manual_seed(1000+17*seed+rep),"3000 steps, last weights",920,,add_awgn_tensor (per-window power),10.0|0.0|-4.0|-6.0|-8.0,top_mode over 5 noise draws; conc_mean,results/ckpt_e5/S007+014_d2_wdcnn_s2.pt,ab92671a77a4b4456d3afae7bb21471481fb471ef4f7a6112f210d68658ece8c,script sha 6d146c3ec08d978c,,result json,
e5_size_id::S007+021::d2::wdcnn::s2,e5_size_id.json,analysis,CWRU,E5 train+val pool (30 files) set=S007+021 draw=2 files=Normal_load3;IR007_load1;IR021_load0;OR007@6_load2;OR021@6_load0;B007_load3;B021_load1,42,wdcnn,2,torch.manual_seed+np.random.seed(seed); eval noise torch.manual_seed(1000+17*seed+rep),"3000 steps, last weights",920,,add_awgn_tensor (per-window power),10.0|0.0|-4.0|-6.0|-8.0,top_mode over 5 noise draws; conc_mean,results/ckpt_e5/S007+021_d2_wdcnn_s2.pt,409ab4d4270a899ee97cce11be73417efd3ab10cf19673f38920346f02f56dbf,script sha 6d146c3ec08d978c,,result json,
e5_size_id::S014+021::d2::wdcnn::s2,e5_size_id.json,analysis,CWRU,E5 train+val pool (30 files) set=S014+021 draw=2 files=Normal_load3;IR014_load1;IR021_load0;OR014@6_load0;OR021@6_load0;B014_load2;B021_load1,42,wdcnn,2,torch.manual_seed+np.random.seed(seed); eval noise torch.manual_seed(1000+17*seed+rep),"3000 steps, last weights",920,,add_awgn_tensor (per-window power),10.0|0.0|-4.0|-6.0|-8.0,top_mode over 5 noise draws; conc_mean,results/ckpt_e5/S014+021_d2_wdcnn_s2.pt,f5acdc20973d46d09f77b047ead184b895cb7bac83f7ee9f138b31571280d83d,script sha 6d146c3ec08d978c,,result json,
e5_size_id::S_ALL::d2::wdcnn::s2,e5_size_id.json,analysis,CWRU,E5 train+val pool (30 files) set=S_ALL draw=2 files=Normal_load3;IR007_load1;IR014_load1;IR021_load0;OR007@6_load2;OR014@6_load0;OR021@6_load0;B007_load3;B014_load2;B021_load1,42,wdcnn,2,torch.manual_seed+np.random.seed(seed); eval noise torch.manual_seed(1000+17*seed+rep),"3000 steps, last weights",920,,add_awgn_tensor (per-window power),10.0|0.0|-4.0|-6.0|-8.0,top_mode over 5 noise draws; conc_mean,results/ckpt_e5/S_ALL_d2_wdcnn_s2.pt,9281d96e972b660f93b5bdc906eb26d195ab9573ef60cc176f8ccf28a8f8148b,script sha 6d146c3ec08d978c,,result json,
e5_size_id::S007::d2::drsn::s2,e5_size_id.json,analysis,CWRU,E5 train+val pool (30 files) set=S007 draw=2 files=Normal_load3;IR007_load1;OR007@6_load2;B007_load3,42,drsn,2,torch.manual_seed+np.random.seed(seed); eval noise torch.manual_seed(1000+17*seed+rep),"3000 steps, last weights",920,,add_awgn_tensor (per-window power),10.0|0.0|-4.0|-6.0|-8.0,top_mode over 5 noise draws; conc_mean,results/ckpt_e5/S007_d2_drsn_s2.pt,02b92a35f137e39ac18000dc07b7517746a10213f829fad08ef3f710a1e95ca8,script sha 6d146c3ec08d978c,,result json,
e5_size_id::S014::d2::drsn::s2,e5_size_id.json,analysis,CWRU,E5 train+val pool (30 files) set=S014 draw=2 files=Normal_load3;IR014_load1;OR014@6_load0;B014_load2,42,drsn,2,torch.manual_seed+np.random.seed(seed); eval noise torch.manual_seed(1000+17*seed+rep),"3000 steps, last weights",920,,add_awgn_tensor (per-window power),10.0|0.0|-4.0|-6.0|-8.0,top_mode over 5 noise draws; conc_mean,results/ckpt_e5/S014_d2_drsn_s2.pt,f49dc9a8e2b94b4ffad96a43bdd68e652a5d995f7c97f2e512c7ad584d929d1a,script sha 6d146c3ec08d978c,,result json,
e5_size_id::S021::d2::drsn::s2,e5_size_id.json,analysis,CWRU,E5 train+val pool (30 files) set=S021 draw=2 files=Normal_load3;IR021_load0;OR021@6_load0;B021_load1,42,drsn,2,torch.manual_seed+np.random.seed(seed); eval noise torch.manual_seed(1000+17*seed+rep),"3000 steps, last weights",920,,add_awgn_tensor (per-window power),10.0|0.0|-4.0|-6.0|-8.0,top_mode over 5 noise draws; conc_mean,results/ckpt_e5/S021_d2_drsn_s2.pt,ac68d4c8fb009d71fbe0f8906544c2ce00e3c41ed4700038a4b774ce485f4dec,script sha 6d146c3ec08d978c,,result json,
e5_size_id::S007+014::d2::drsn::s2,e5_size_id.json,analysis,CWRU,E5 train+val pool (30 files) set=S007+014 draw=2 files=Normal_load3;IR007_load1;IR014_load1;OR007@6_load2;OR014@6_load0;B007_load3;B014_load2,42,drsn,2,torch.manual_seed+np.random.seed(seed); eval noise torch.manual_seed(1000+17*seed+rep),"3000 steps, last weights",920,,add_awgn_tensor (per-window power),10.0|0.0|-4.0|-6.0|-8.0,top_mode over 5 noise draws; conc_mean,results/ckpt_e5/S007+014_d2_drsn_s2.pt,15940bb90f97893d92f513325b1498745b6f462d3366a97346afad4aaaff2e73,script sha 6d146c3ec08d978c,,result json,
e5_size_id::S007+021::d2::drsn::s2,e5_size_id.json,analysis,CWRU,E5 train+val pool (30 files) set=S007+021 draw=2 files=Normal_load3;IR007_load1;IR021_load0;OR007@6_load2;OR021@6_load0;B007_load3;B021_load1,42,drsn,2,torch.manual_seed+np.random.seed(seed); eval noise torch.manual_seed(1000+17*seed+rep),"3000 steps, last weights",920,,add_awgn_tensor (per-window power),10.0|0.0|-4.0|-6.0|-8.0,top_mode over 5 noise draws; conc_mean,results/ckpt_e5/S007+021_d2_drsn_s2.pt,da7f6c4b88894795de748c6a5255b49824f6e1c1d378540c6db4a0f6f5a63b86,script sha 6d146c3ec08d978c,,result json,
e5_size_id::S014+021::d2::drsn::s2,e5_size_id.json,analysis,CWRU,E5 train+val pool (30 files) set=S014+021 draw=2 files=Normal_load3;IR014_load1;IR021_load0;OR014@6_load0;OR021@6_load0;B014_load2;B021_load1,42,drsn,2,torch.manual_seed+np.random.seed(seed); eval noise torch.manual_seed(1000+17*seed+rep),"3000 steps, last weights",920,,add_awgn_tensor (per-window power),10.0|0.0|-4.0|-6.0|-8.0,top_mode over 5 noise draws; conc_mean,results/ckpt_e5/S014+021_d2_drsn_s2.pt,b06011ab0476d9decb5f8fd03d5b247a07ffdb114afaf6230bf367bb5a04385a,script sha 6d146c3ec08d978c,,result json,
e5_size_id::S_ALL::d2::drsn::s2,e5_size_id.json,analysis,CWRU,E5 train+val pool (30 files) set=S_ALL draw=2 files=Normal_load3;IR007_load1;IR014_load1;IR021_load0;OR007@6_load2;OR014@6_load0;OR021@6_load0;B007_load3;B014_load2;B021_load1,42,drsn,2,torch.manual_seed+np.random.seed(seed); eval noise torch.manual_seed(1000+17*seed+rep),"3000 steps, last weights",920,,add_awgn_tensor (per-window power),10.0|0.0|-4.0|-6.0|-8.0,top_mode over 5 noise draws; conc_mean,results/ckpt_e5/S_ALL_d2_drsn_s2.pt,2f0dd8c696264be39a38a0c06afc97825bc7844a3e6fc417fdebb3d6a4b23d17,script sha 6d146c3ec08d978c,,result json,
e5_size_id::S_ALL::d0::lstm::s0,e5_size_id.json,analysis,CWRU,E5 train+val pool (30 files) set=S_ALL draw=0 files=Normal_load3;IR007_load2;IR014_load2;IR021_load1;OR007@6_load3;OR014@6_load3;OR021@6_load0;B007_load1;B014_load2;B021_load1,42,lstm,0,torch.manual_seed+np.random.seed(seed); eval noise torch.manual_seed(1000+17*seed+rep),"3000 steps, last weights",920,,add_awgn_tensor (per-window power),10.0|0.0|-4.0|-6.0|-8.0,top_mode over 5 noise draws; conc_mean,results/ckpt_e5/S_ALL_d0_lstm_s0.pt,313772f1c8e9fa23c1c7ab22ccd92f43023a7ef3b11704db3fa6bb5389aa9b4e,script sha 6d146c3ec08d978c,,result json,
e5_size_id::S007::d1::lstm::s0,e5_size_id.json,analysis,CWRU,E5 train+val pool (30 files) set=S007 draw=1 files=Normal_load2;IR007_load2;OR007@6_load2;B007_load1,42,lstm,0,torch.manual_seed+np.random.seed(seed); eval noise torch.manual_seed(1000+17*seed+rep),"3000 steps, last weights",920,,add_awgn_tensor (per-window power),10.0|0.0|-4.0|-6.0|-8.0,top_mode over 5 noise draws; conc_mean,results/ckpt_e5/S007_d1_lstm_s0.pt,1d10e082effecc205afd56d61f6371d567be856e4866cf30e5f337d75ec20479,script sha 6d146c3ec08d978c,,result json,
e5_size_id::S014::d1::lstm::s0,e5_size_id.json,analysis,CWRU,E5 train+val pool (30 files) set=S014 draw=1 files=Normal_load2;IR014_load1;OR014@6_load2;B014_load0,42,lstm,0,torch.manual_seed+np.random.seed(seed); eval noise torch.manual_seed(1000+17*seed+rep),"3000 steps, last weights",920,,add_awgn_tensor (per-window power),10.0|0.0|-4.0|-6.0|-8.0,top_mode over 5 noise draws; conc_mean,results/ckpt_e5/S014_d1_lstm_s0.pt,1192b803d6b749e7f7365a45a0c8fa32107822fcf6e64037a679d6ded8ae8812,script sha 6d146c3ec08d978c,,result json,
e5_size_id::S021::d1::lstm::s0,e5_size_id.json,analysis,CWRU,E5 train+val pool (30 files) set=S021 draw=1 files=Normal_load2;IR021_load3;OR021@6_load2;B021_load0,42,lstm,0,torch.manual_seed+np.random.seed(seed); eval noise torch.manual_seed(1000+17*seed+rep),"3000 steps, last weights",920,,add_awgn_tensor (per-window power),10.0|0.0|-4.0|-6.0|-8.0,top_mode over 5 noise draws; conc_mean,results/ckpt_e5/S021_d1_lstm_s0.pt,b08d3281d2902ce66bf4b7e601ac182e21147923d17fa8115524ad730300c4f9,script sha 6d146c3ec08d978c,,result json,
e5_size_id::S007+014::d1::lstm::s0,e5_size_id.json,analysis,CWRU,E5 train+val pool (30 files) set=S007+014 draw=1 files=Normal_load2;IR007_load2;IR014_load1;OR007@6_load2;OR014@6_load2;B007_load1;B014_load0,42,lstm,0,torch.manual_seed+np.random.seed(seed); eval noise torch.manual_seed(1000+17*seed+rep),"3000 steps, last weights",920,,add_awgn_tensor (per-window power),10.0|0.0|-4.0|-6.0|-8.0,top_mode over 5 noise draws; conc_mean,results/ckpt_e5/S007+014_d1_lstm_s0.pt,52b55b22bb230019b3a6fd4c4d30a10b53509a6c0e19329293e61c1ff408f338,script sha 6d146c3ec08d978c,,result json,
e5_size_id::S007+021::d1::lstm::s0,e5_size_id.json,analysis,CWRU,E5 train+val pool (30 files) set=S007+021 draw=1 files=Normal_load2;IR007_load2;IR021_load3;OR007@6_load2;OR021@6_load2;B007_load1;B021_load0,42,lstm,0,torch.manual_seed+np.random.seed(seed); eval noise torch.manual_seed(1000+17*seed+rep),"3000 steps, last weights",920,,add_awgn_tensor (per-window power),10.0|0.0|-4.0|-6.0|-8.0,top_mode over 5 noise draws; conc_mean,results/ckpt_e5/S007+021_d1_lstm_s0.pt,1e659126608f9c9c273e345990dc69cc9cf2e719ec84b76486b1dcce38c7dc38,script sha 6d146c3ec08d978c,,result json,
e5_size_id::S014+021::d1::lstm::s0,e5_size_id.json,analysis,CWRU,E5 train+val pool (30 files) set=S014+021 draw=1 files=Normal_load2;IR014_load1;IR021_load3;OR014@6_load2;OR021@6_load2;B014_load0;B021_load0,42,lstm,0,torch.manual_seed+np.random.seed(seed); eval noise torch.manual_seed(1000+17*seed+rep),"3000 steps, last weights",920,,add_awgn_tensor (per-window power),10.0|0.0|-4.0|-6.0|-8.0,top_mode over 5 noise draws; conc_mean,results/ckpt_e5/S014+021_d1_lstm_s0.pt,9130a471cc13e5a04597858ff5c476199b151dae8e79516354cd9a17714a002a,script sha 6d146c3ec08d978c,,result json,
e5_size_id::S_ALL::d1::lstm::s0,e5_size_id.json,analysis,CWRU,E5 train+val pool (30 files) set=S_ALL draw=1 files=Normal_load2;IR007_load2;IR014_load1;IR021_load3;OR007@6_load2;OR014@6_load2;OR021@6_load2;B007_load1;B014_load0;B021_load0,42,lstm,0,torch.manual_seed+np.random.seed(seed); eval noise torch.manual_seed(1000+17*seed+rep),"3000 steps, last weights",920,,add_awgn_tensor (per-window power),10.0|0.0|-4.0|-6.0|-8.0,top_mode over 5 noise draws; conc_mean,results/ckpt_e5/S_ALL_d1_lstm_s0.pt,43f39a850dd21437fbb855439a634efce72fa3ac4f2af8f90887ce69c2e974b3,script sha 6d146c3ec08d978c,,result json,
e5_size_id::S007::d2::lstm::s0,e5_size_id.json,analysis,CWRU,E5 train+val pool (30 files) set=S007 draw=2 files=Normal_load3;IR007_load1;OR007@6_load2;B007_load3,42,lstm,0,torch.manual_seed+np.random.seed(seed); eval noise torch.manual_seed(1000+17*seed+rep),"3000 steps, last weights",920,,add_awgn_tensor (per-window power),10.0|0.0|-4.0|-6.0|-8.0,top_mode over 5 noise draws; conc_mean,results/ckpt_e5/S007_d2_lstm_s0.pt,c6cacf8b12eb8852153c922d95565e36dc374b6c105e1b0ddb421ceee93e0846,script sha 6d146c3ec08d978c,,result json,
e5_size_id::S014::d2::lstm::s0,e5_size_id.json,analysis,CWRU,E5 train+val pool (30 files) set=S014 draw=2 files=Normal_load3;IR014_load1;OR014@6_load0;B014_load2,42,lstm,0,torch.manual_seed+np.random.seed(seed); eval noise torch.manual_seed(1000+17*seed+rep),"3000 steps, last weights",920,,add_awgn_tensor (per-window power),10.0|0.0|-4.0|-6.0|-8.0,top_mode over 5 noise draws; conc_mean,results/ckpt_e5/S014_d2_lstm_s0.pt,4f8575e0a152d02a8144ba462f64544beb31bdd33a70d288fc0f41cb887548bd,script sha 6d146c3ec08d978c,,result json,
e5_size_id::S021::d2::lstm::s0,e5_size_id.json,analysis,CWRU,E5 train+val pool (30 files) set=S021 draw=2 files=Normal_load3;IR021_load0;OR021@6_load0;B021_load1,42,lstm,0,torch.manual_seed+np.random.seed(seed); eval noise torch.manual_seed(1000+17*seed+rep),"3000 steps, last weights",920,,add_awgn_tensor (per-window power),10.0|0.0|-4.0|-6.0|-8.0,top_mode over 5 noise draws; conc_mean,results/ckpt_e5/S021_d2_lstm_s0.pt,bf9d2a6fcde6f18d4565485848f16aef3f76bde1cf3d7f65eb26a234a7edf143,script sha 6d146c3ec08d978c,,result json,
e5_size_id::S007+014::d2::lstm::s0,e5_size_id.json,analysis,CWRU,E5 train+val pool (30 files) set=S007+014 draw=2 files=Normal_load3;IR007_load1;IR014_load1;OR007@6_load2;OR014@6_load0;B007_load3;B014_load2,42,lstm,0,torch.manual_seed+np.random.seed(seed); eval noise torch.manual_seed(1000+17*seed+rep),"3000 steps, last weights",920,,add_awgn_tensor (per-window power),10.0|0.0|-4.0|-6.0|-8.0,top_mode over 5 noise draws; conc_mean,results/ckpt_e5/S007+014_d2_lstm_s0.pt,b1465744ae8f14b1e74171b7b3a1514d89953e8a00b73499f6b2c4fa8bc67217,script sha 6d146c3ec08d978c,,result json,
e5_size_id::S007+021::d2::lstm::s0,e5_size_id.json,analysis,CWRU,E5 train+val pool (30 files) set=S007+021 draw=2 files=Normal_load3;IR007_load1;IR021_load0;OR007@6_load2;OR021@6_load0;B007_load3;B021_load1,42,lstm,0,torch.manual_seed+np.random.seed(seed); eval noise torch.manual_seed(1000+17*seed+rep),"3000 steps, last weights",920,,add_awgn_tensor (per-window power),10.0|0.0|-4.0|-6.0|-8.0,top_mode over 5 noise draws; conc_mean,results/ckpt_e5/S007+021_d2_lstm_s0.pt,dc21efa03cf42d0dc9abefd171b383b60c4c467cc741f42503c3aaeaff556aed,script sha 6d146c3ec08d978c,,result json,
e5_size_id::S014+021::d2::lstm::s0,e5_size_id.json,analysis,CWRU,E5 train+val pool (30 files) set=S014+021 draw=2 files=Normal_load3;IR014_load1;IR021_load0;OR014@6_load0;OR021@6_load0;B014_load2;B021_load1,42,lstm,0,torch.manual_seed+np.random.seed(seed); eval noise torch.manual_seed(1000+17*seed+rep),"3000 steps, last weights",920,,add_awgn_tensor (per-window power),10.0|0.0|-4.0|-6.0|-8.0,top_mode over 5 noise draws; conc_mean,results/ckpt_e5/S014+021_d2_lstm_s0.pt,17a981a51d86cf5cac39a48048ab0b74bdd363e50f5155456756f9c5ec8feba6,script sha 6d146c3ec08d978c,,result json,
e5_size_id::S_ALL::d2::lstm::s0,e5_size_id.json,analysis,CWRU,E5 train+val pool (30 files) set=S_ALL draw=2 files=Normal_load3;IR007_load1;IR014_load1;IR021_load0;OR007@6_load2;OR014@6_load0;OR021@6_load0;B007_load3;B014_load2;B021_load1,42,lstm,0,torch.manual_seed+np.random.seed(seed); eval noise torch.manual_seed(1000+17*seed+rep),"3000 steps, last weights",920,,add_awgn_tensor (per-window power),10.0|0.0|-4.0|-6.0|-8.0,top_mode over 5 noise draws; conc_mean,results/ckpt_e5/S_ALL_d2_lstm_s0.pt,c98d4397facacc1c556772f46ca318901e53928af2b0ac06b187a1e21cbfbec5,script sha 6d146c3ec08d978c,,result json,
e5_size_id::S007::d0::lstm::s1,e5_size_id.json,analysis,CWRU,E5 train+val pool (30 files) set=S007 draw=0 files=Normal_load3;IR007_load2;OR007@6_load3;B007_load1,42,lstm,1,torch.manual_seed+np.random.seed(seed); eval noise torch.manual_seed(1000+17*seed+rep),"3000 steps, last weights",920,,add_awgn_tensor (per-window power),10.0|0.0|-4.0|-6.0|-8.0,top_mode over 5 noise draws; conc_mean,results/ckpt_e5/S007_d0_lstm_s1.pt,69bc122c399e7423581dfd55d9f41e74595604dc3b258594c310aa617e0a2958,script sha 6d146c3ec08d978c,,result json,
e5_size_id::S014::d0::lstm::s1,e5_size_id.json,analysis,CWRU,E5 train+val pool (30 files) set=S014 draw=0 files=Normal_load3;IR014_load2;OR014@6_load3;B014_load2,42,lstm,1,torch.manual_seed+np.random.seed(seed); eval noise torch.manual_seed(1000+17*seed+rep),"3000 steps, last weights",920,,add_awgn_tensor (per-window power),10.0|0.0|-4.0|-6.0|-8.0,top_mode over 5 noise draws; conc_mean,results/ckpt_e5/S014_d0_lstm_s1.pt,3d9193461b09e3617e2aacd05af82ea7308a03f80aba97a2f3c0ac96b3ced0b2,script sha 6d146c3ec08d978c,,result json,
e5_size_id::S021::d0::lstm::s1,e5_size_id.json,analysis,CWRU,E5 train+val pool (30 files) set=S021 draw=0 files=Normal_load3;IR021_load1;OR021@6_load0;B021_load1,42,lstm,1,torch.manual_seed+np.random.seed(seed); eval noise torch.manual_seed(1000+17*seed+rep),"3000 steps, last weights",920,,add_awgn_tensor (per-window power),10.0|0.0|-4.0|-6.0|-8.0,top_mode over 5 noise draws; conc_mean,results/ckpt_e5/S021_d0_lstm_s1.pt,01aacf0ceba69a53f1b6f89833cfb0af3c350fa8cafa8e14b3228669c41c87ed,script sha 6d146c3ec08d978c,,result json,
e5_size_id::S007+014::d0::lstm::s1,e5_size_id.json,analysis,CWRU,E5 train+val pool (30 files) set=S007+014 draw=0 files=Normal_load3;IR007_load2;IR014_load2;OR007@6_load3;OR014@6_load3;B007_load1;B014_load2,42,lstm,1,torch.manual_seed+np.random.seed(seed); eval noise torch.manual_seed(1000+17*seed+rep),"3000 steps, last weights",920,,add_awgn_tensor (per-window power),10.0|0.0|-4.0|-6.0|-8.0,top_mode over 5 noise draws; conc_mean,results/ckpt_e5/S007+014_d0_lstm_s1.pt,2583399c631e9d6d026cb4c64a3e1c1024635fcd1b48e5ea851f8d3439c29d75,script sha 6d146c3ec08d978c,,result json,
e5_size_id::S007+021::d0::lstm::s1,e5_size_id.json,analysis,CWRU,E5 train+val pool (30 files) set=S007+021 draw=0 files=Normal_load3;IR007_load2;IR021_load1;OR007@6_load3;OR021@6_load0;B007_load1;B021_load1,42,lstm,1,torch.manual_seed+np.random.seed(seed); eval noise torch.manual_seed(1000+17*seed+rep),"3000 steps, last weights",920,,add_awgn_tensor (per-window power),10.0|0.0|-4.0|-6.0|-8.0,top_mode over 5 noise draws; conc_mean,results/ckpt_e5/S007+021_d0_lstm_s1.pt,3b7ab608244463005328e3d42d9527b648d2a0c3b00f1e714c9b3df1c008b2e0,script sha 6d146c3ec08d978c,,result json,
e5_size_id::S014+021::d0::lstm::s1,e5_size_id.json,analysis,CWRU,E5 train+val pool (30 files) set=S014+021 draw=0 files=Normal_load3;IR014_load2;IR021_load1;OR014@6_load3;OR021@6_load0;B014_load2;B021_load1,42,lstm,1,torch.manual_seed+np.random.seed(seed); eval noise torch.manual_seed(1000+17*seed+rep),"3000 steps, last weights",920,,add_awgn_tensor (per-window power),10.0|0.0|-4.0|-6.0|-8.0,top_mode over 5 noise draws; conc_mean,results/ckpt_e5/S014+021_d0_lstm_s1.pt,7fa9af6879364f63e9c55febf11630120408f6b122714388677c33aae7a743ee,script sha 6d146c3ec08d978c,,result json,
e5_size_id::S_ALL::d0::lstm::s1,e5_size_id.json,analysis,CWRU,E5 train+val pool (30 files) set=S_ALL draw=0 files=Normal_load3;IR007_load2;IR014_load2;IR021_load1;OR007@6_load3;OR014@6_load3;OR021@6_load0;B007_load1;B014_load2;B021_load1,42,lstm,1,torch.manual_seed+np.random.seed(seed); eval noise torch.manual_seed(1000+17*seed+rep),"3000 steps, last weights",920,,add_awgn_tensor (per-window power),10.0|0.0|-4.0|-6.0|-8.0,top_mode over 5 noise draws; conc_mean,results/ckpt_e5/S_ALL_d0_lstm_s1.pt,8fe6c3efea606c7b2cb2687204ca95c63ff9b370eefb005c2a3ebcaa3b4f039c,script sha 6d146c3ec08d978c,,result json,
e5_size_id::S007::d1::lstm::s1,e5_size_id.json,analysis,CWRU,E5 train+val pool (30 files) set=S007 draw=1 files=Normal_load2;IR007_load2;OR007@6_load2;B007_load1,42,lstm,1,torch.manual_seed+np.random.seed(seed); eval noise torch.manual_seed(1000+17*seed+rep),"3000 steps, last weights",920,,add_awgn_tensor (per-window power),10.0|0.0|-4.0|-6.0|-8.0,top_mode over 5 noise draws; conc_mean,results/ckpt_e5/S007_d1_lstm_s1.pt,bc77e2ae5be5bf331dc53d74e0405e03e261dc9bc97de559085e25acbcadb1b4,script sha 6d146c3ec08d978c,,result json,
e5_size_id::S014::d1::lstm::s1,e5_size_id.json,analysis,CWRU,E5 train+val pool (30 files) set=S014 draw=1 files=Normal_load2;IR014_load1;OR014@6_load2;B014_load0,42,lstm,1,torch.manual_seed+np.random.seed(seed); eval noise torch.manual_seed(1000+17*seed+rep),"3000 steps, last weights",920,,add_awgn_tensor (per-window power),10.0|0.0|-4.0|-6.0|-8.0,top_mode over 5 noise draws; conc_mean,results/ckpt_e5/S014_d1_lstm_s1.pt,186dcc0a7e76db2cf3e92041efc76a8c4e6ee010930cbec23642bffc900717a1,script sha 6d146c3ec08d978c,,result json,
e5_size_id::S021::d1::lstm::s1,e5_size_id.json,analysis,CWRU,E5 train+val pool (30 files) set=S021 draw=1 files=Normal_load2;IR021_load3;OR021@6_load2;B021_load0,42,lstm,1,torch.manual_seed+np.random.seed(seed); eval noise torch.manual_seed(1000+17*seed+rep),"3000 steps, last weights",920,,add_awgn_tensor (per-window power),10.0|0.0|-4.0|-6.0|-8.0,top_mode over 5 noise draws; conc_mean,results/ckpt_e5/S021_d1_lstm_s1.pt,72303afa778f56c0735a57adb7f67632047c038e6728233e62fe3f4056d357a2,script sha 6d146c3ec08d978c,,result json,
e5_size_id::S007+014::d1::lstm::s1,e5_size_id.json,analysis,CWRU,E5 train+val pool (30 files) set=S007+014 draw=1 files=Normal_load2;IR007_load2;IR014_load1;OR007@6_load2;OR014@6_load2;B007_load1;B014_load0,42,lstm,1,torch.manual_seed+np.random.seed(seed); eval noise torch.manual_seed(1000+17*seed+rep),"3000 steps, last weights",920,,add_awgn_tensor (per-window power),10.0|0.0|-4.0|-6.0|-8.0,top_mode over 5 noise draws; conc_mean,results/ckpt_e5/S007+014_d1_lstm_s1.pt,76f2a2f1f8d4b50f15672c9f3c3fcb21fba8dd52008e9804e9033ec3e0a59270,script sha 6d146c3ec08d978c,,result json,
e5_size_id::S007+021::d1::lstm::s1,e5_size_id.json,analysis,CWRU,E5 train+val pool (30 files) set=S007+021 draw=1 files=Normal_load2;IR007_load2;IR021_load3;OR007@6_load2;OR021@6_load2;B007_load1;B021_load0,42,lstm,1,torch.manual_seed+np.random.seed(seed); eval noise torch.manual_seed(1000+17*seed+rep),"3000 steps, last weights",920,,add_awgn_tensor (per-window power),10.0|0.0|-4.0|-6.0|-8.0,top_mode over 5 noise draws; conc_mean,results/ckpt_e5/S007+021_d1_lstm_s1.pt,eb98075f99263d50c10e33ffb392b577801ab64ccd947c8c21f81d02a4958c7e,script sha 6d146c3ec08d978c,,result json,
e5_size_id::S014+021::d1::lstm::s1,e5_size_id.json,analysis,CWRU,E5 train+val pool (30 files) set=S014+021 draw=1 files=Normal_load2;IR014_load1;IR021_load3;OR014@6_load2;OR021@6_load2;B014_load0;B021_load0,42,lstm,1,torch.manual_seed+np.random.seed(seed); eval noise torch.manual_seed(1000+17*seed+rep),"3000 steps, last weights",920,,add_awgn_tensor (per-window power),10.0|0.0|-4.0|-6.0|-8.0,top_mode over 5 noise draws; conc_mean,results/ckpt_e5/S014+021_d1_lstm_s1.pt,63c1a3a385a449212d2380a7a39319e15acbb8f8dd7ed50e49ce1b4273acbbcc,script sha 6d146c3ec08d978c,,result json,
e5_size_id::S_ALL::d1::lstm::s1,e5_size_id.json,analysis,CWRU,E5 train+val pool (30 files) set=S_ALL draw=1 files=Normal_load2;IR007_load2;IR014_load1;IR021_load3;OR007@6_load2;OR014@6_load2;OR021@6_load2;B007_load1;B014_load0;B021_load0,42,lstm,1,torch.manual_seed+np.random.seed(seed); eval noise torch.manual_seed(1000+17*seed+rep),"3000 steps, last weights",920,,add_awgn_tensor (per-window power),10.0|0.0|-4.0|-6.0|-8.0,top_mode over 5 noise draws; conc_mean,results/ckpt_e5/S_ALL_d1_lstm_s1.pt,8f7de24d4e974d5ca461b237a5e179edd6723064e0558a08ecf1f791b82be1ac,script sha 6d146c3ec08d978c,,result json,
e5_size_id::S007::d2::lstm::s1,e5_size_id.json,analysis,CWRU,E5 train+val pool (30 files) set=S007 draw=2 files=Normal_load3;IR007_load1;OR007@6_load2;B007_load3,42,lstm,1,torch.manual_seed+np.random.seed(seed); eval noise torch.manual_seed(1000+17*seed+rep),"3000 steps, last weights",920,,add_awgn_tensor (per-window power),10.0|0.0|-4.0|-6.0|-8.0,top_mode over 5 noise draws; conc_mean,results/ckpt_e5/S007_d2_lstm_s1.pt,fbc5b85b7884528454d9e4e77d30af4ea24452cdbd7b2f9737327b67210f9172,script sha 6d146c3ec08d978c,,result json,
e5_size_id::S014::d2::lstm::s1,e5_size_id.json,analysis,CWRU,E5 train+val pool (30 files) set=S014 draw=2 files=Normal_load3;IR014_load1;OR014@6_load0;B014_load2,42,lstm,1,torch.manual_seed+np.random.seed(seed); eval noise torch.manual_seed(1000+17*seed+rep),"3000 steps, last weights",920,,add_awgn_tensor (per-window power),10.0|0.0|-4.0|-6.0|-8.0,top_mode over 5 noise draws; conc_mean,results/ckpt_e5/S014_d2_lstm_s1.pt,0723deb28b31ae10f17971355f8f6d549f520dbaddd5202af828eedd7580ea9e,script sha 6d146c3ec08d978c,,result json,
e5_size_id::S021::d2::lstm::s1,e5_size_id.json,analysis,CWRU,E5 train+val pool (30 files) set=S021 draw=2 files=Normal_load3;IR021_load0;OR021@6_load0;B021_load1,42,lstm,1,torch.manual_seed+np.random.seed(seed); eval noise torch.manual_seed(1000+17*seed+rep),"3000 steps, last weights",920,,add_awgn_tensor (per-window power),10.0|0.0|-4.0|-6.0|-8.0,top_mode over 5 noise draws; conc_mean,results/ckpt_e5/S021_d2_lstm_s1.pt,19f2ce132eaa6fc4321116311ea175a0077270f0941f0eeefb99b6bf0646ed42,script sha 6d146c3ec08d978c,,result json,
e5_size_id::S007+014::d2::lstm::s1,e5_size_id.json,analysis,CWRU,E5 train+val pool (30 files) set=S007+014 draw=2 files=Normal_load3;IR007_load1;IR014_load1;OR007@6_load2;OR014@6_load0;B007_load3;B014_load2,42,lstm,1,torch.manual_seed+np.random.seed(seed); eval noise torch.manual_seed(1000+17*seed+rep),"3000 steps, last weights",920,,add_awgn_tensor (per-window power),10.0|0.0|-4.0|-6.0|-8.0,top_mode over 5 noise draws; conc_mean,results/ckpt_e5/S007+014_d2_lstm_s1.pt,53cdf7bd9cfc36e92e8785821036789651b7e1f69b1164993542673dfbcab5d3,script sha 6d146c3ec08d978c,,result json,
e5_size_id::S007+021::d2::lstm::s1,e5_size_id.json,analysis,CWRU,E5 train+val pool (30 files) set=S007+021 draw=2 files=Normal_load3;IR007_load1;IR021_load0;OR007@6_load2;OR021@6_load0;B007_load3;B021_load1,42,lstm,1,torch.manual_seed+np.random.seed(seed); eval noise torch.manual_seed(1000+17*seed+rep),"3000 steps, last weights",920,,add_awgn_tensor (per-window power),10.0|0.0|-4.0|-6.0|-8.0,top_mode over 5 noise draws; conc_mean,results/ckpt_e5/S007+021_d2_lstm_s1.pt,9d2d1756f26cf28010f537a19e2d1d5405906ea0971fae3a2fec68c0e742bf6c,script sha 6d146c3ec08d978c,,result json,
e5_size_id::S014+021::d2::lstm::s1,e5_size_id.json,analysis,CWRU,E5 train+val pool (30 files) set=S014+021 draw=2 files=Normal_load3;IR014_load1;IR021_load0;OR014@6_load0;OR021@6_load0;B014_load2;B021_load1,42,lstm,1,torch.manual_seed+np.random.seed(seed); eval noise torch.manual_seed(1000+17*seed+rep),"3000 steps, last weights",920,,add_awgn_tensor (per-window power),10.0|0.0|-4.0|-6.0|-8.0,top_mode over 5 noise draws; conc_mean,results/ckpt_e5/S014+021_d2_lstm_s1.pt,2fbdc40ec6d853661eca7063254858526ac41c9dce54f7c493d0e2f214d19bd0,script sha 6d146c3ec08d978c,,result json,
e5_size_id::S_ALL::d2::lstm::s1,e5_size_id.json,analysis,CWRU,E5 train+val pool (30 files) set=S_ALL draw=2 files=Normal_load3;IR007_load1;IR014_load1;IR021_load0;OR007@6_load2;OR014@6_load0;OR021@6_load0;B007_load3;B014_load2;B021_load1,42,lstm,1,torch.manual_seed+np.random.seed(seed); eval noise torch.manual_seed(1000+17*seed+rep),"3000 steps, last weights",920,,add_awgn_tensor (per-window power),10.0|0.0|-4.0|-6.0|-8.0,top_mode over 5 noise draws; conc_mean,results/ckpt_e5/S_ALL_d2_lstm_s1.pt,9526630ba235ec5714fdb501f5ba43c7198f08376b9be4701ab96fee1c3f65b3,script sha 6d146c3ec08d978c,,result json,
e5_size_id::S007::d0::lstm::s2,e5_size_id.json,analysis,CWRU,E5 train+val pool (30 files) set=S007 draw=0 files=Normal_load3;IR007_load2;OR007@6_load3;B007_load1,42,lstm,2,torch.manual_seed+np.random.seed(seed); eval noise torch.manual_seed(1000+17*seed+rep),"3000 steps, last weights",920,,add_awgn_tensor (per-window power),10.0|0.0|-4.0|-6.0|-8.0,top_mode over 5 noise draws; conc_mean,results/ckpt_e5/S007_d0_lstm_s2.pt,98172c1fa8e99dcd595c36e2887cef11102ce952fa2bee6a85817d032e1bcb7d,script sha 6d146c3ec08d978c,,result json,
e5_size_id::S014::d0::lstm::s2,e5_size_id.json,analysis,CWRU,E5 train+val pool (30 files) set=S014 draw=0 files=Normal_load3;IR014_load2;OR014@6_load3;B014_load2,42,lstm,2,torch.manual_seed+np.random.seed(seed); eval noise torch.manual_seed(1000+17*seed+rep),"3000 steps, last weights",920,,add_awgn_tensor (per-window power),10.0|0.0|-4.0|-6.0|-8.0,top_mode over 5 noise draws; conc_mean,results/ckpt_e5/S014_d0_lstm_s2.pt,cc1dfd3371bc204dd5cf9f6cb04fc8f2335aa337f4a6f13acb93b4fe388979fc,script sha 6d146c3ec08d978c,,result json,
e5_size_id::S021::d0::lstm::s2,e5_size_id.json,analysis,CWRU,E5 train+val pool (30 files) set=S021 draw=0 files=Normal_load3;IR021_load1;OR021@6_load0;B021_load1,42,lstm,2,torch.manual_seed+np.random.seed(seed); eval noise torch.manual_seed(1000+17*seed+rep),"3000 steps, last weights",920,,add_awgn_tensor (per-window power),10.0|0.0|-4.0|-6.0|-8.0,top_mode over 5 noise draws; conc_mean,results/ckpt_e5/S021_d0_lstm_s2.pt,1cfa502f8916c5df9813bc3e78d4fed126901f9bbce2cb7d6047ba5b291d8c15,script sha 6d146c3ec08d978c,,result json,
e5_size_id::S007+014::d0::lstm::s2,e5_size_id.json,analysis,CWRU,E5 train+val pool (30 files) set=S007+014 draw=0 files=Normal_load3;IR007_load2;IR014_load2;OR007@6_load3;OR014@6_load3;B007_load1;B014_load2,42,lstm,2,torch.manual_seed+np.random.seed(seed); eval noise torch.manual_seed(1000+17*seed+rep),"3000 steps, last weights",920,,add_awgn_tensor (per-window power),10.0|0.0|-4.0|-6.0|-8.0,top_mode over 5 noise draws; conc_mean,results/ckpt_e5/S007+014_d0_lstm_s2.pt,058a405509f47d753603fab5f23c5edd401404d3b6e65a1df15ff922d73f3544,script sha 6d146c3ec08d978c,,result json,
e5_size_id::S007+021::d0::lstm::s2,e5_size_id.json,analysis,CWRU,E5 train+val pool (30 files) set=S007+021 draw=0 files=Normal_load3;IR007_load2;IR021_load1;OR007@6_load3;OR021@6_load0;B007_load1;B021_load1,42,lstm,2,torch.manual_seed+np.random.seed(seed); eval noise torch.manual_seed(1000+17*seed+rep),"3000 steps, last weights",920,,add_awgn_tensor (per-window power),10.0|0.0|-4.0|-6.0|-8.0,top_mode over 5 noise draws; conc_mean,results/ckpt_e5/S007+021_d0_lstm_s2.pt,7e3d412bb242e79b188f326216f1bc6ab8d0854d1824845e9ce8abc65516faa4,script sha 6d146c3ec08d978c,,result json,
e5_size_id::S014+021::d0::lstm::s2,e5_size_id.json,analysis,CWRU,E5 train+val pool (30 files) set=S014+021 draw=0 files=Normal_load3;IR014_load2;IR021_load1;OR014@6_load3;OR021@6_load0;B014_load2;B021_load1,42,lstm,2,torch.manual_seed+np.random.seed(seed); eval noise torch.manual_seed(1000+17*seed+rep),"3000 steps, last weights",920,,add_awgn_tensor (per-window power),10.0|0.0|-4.0|-6.0|-8.0,top_mode over 5 noise draws; conc_mean,results/ckpt_e5/S014+021_d0_lstm_s2.pt,6b351866971af5656c33943d53c3201f7bb358754106a4b786424bc781e4d9f8,script sha 6d146c3ec08d978c,,result json,
e5_size_id::S_ALL::d0::lstm::s2,e5_size_id.json,analysis,CWRU,E5 train+val pool (30 files) set=S_ALL draw=0 files=Normal_load3;IR007_load2;IR014_load2;IR021_load1;OR007@6_load3;OR014@6_load3;OR021@6_load0;B007_load1;B014_load2;B021_load1,42,lstm,2,torch.manual_seed+np.random.seed(seed); eval noise torch.manual_seed(1000+17*seed+rep),"3000 steps, last weights",920,,add_awgn_tensor (per-window power),10.0|0.0|-4.0|-6.0|-8.0,top_mode over 5 noise draws; conc_mean,results/ckpt_e5/S_ALL_d0_lstm_s2.pt,6d48bd768346e26b2f16a6325467312d579c6ca87f53d7810258b1c4420a81d7,script sha 6d146c3ec08d978c,,result json,
e5_size_id::S007::d1::lstm::s2,e5_size_id.json,analysis,CWRU,E5 train+val pool (30 files) set=S007 draw=1 files=Normal_load2;IR007_load2;OR007@6_load2;B007_load1,42,lstm,2,torch.manual_seed+np.random.seed(seed); eval noise torch.manual_seed(1000+17*seed+rep),"3000 steps, last weights",920,,add_awgn_tensor (per-window power),10.0|0.0|-4.0|-6.0|-8.0,top_mode over 5 noise draws; conc_mean,results/ckpt_e5/S007_d1_lstm_s2.pt,1dbf915905dca709a3ae279e6c3ea09732f51cdb40585398a924a7304e5f9cbd,script sha 6d146c3ec08d978c,,result json,
e5_size_id::S014::d1::lstm::s2,e5_size_id.json,analysis,CWRU,E5 train+val pool (30 files) set=S014 draw=1 files=Normal_load2;IR014_load1;OR014@6_load2;B014_load0,42,lstm,2,torch.manual_seed+np.random.seed(seed); eval noise torch.manual_seed(1000+17*seed+rep),"3000 steps, last weights",920,,add_awgn_tensor (per-window power),10.0|0.0|-4.0|-6.0|-8.0,top_mode over 5 noise draws; conc_mean,results/ckpt_e5/S014_d1_lstm_s2.pt,5b3ccb6f5f69bcdbee9e03060d0e70826f6a1648fa514e4ae9b1f2846830ec52,script sha 6d146c3ec08d978c,,result json,
e5_size_id::S021::d1::lstm::s2,e5_size_id.json,analysis,CWRU,E5 train+val pool (30 files) set=S021 draw=1 files=Normal_load2;IR021_load3;OR021@6_load2;B021_load0,42,lstm,2,torch.manual_seed+np.random.seed(seed); eval noise torch.manual_seed(1000+17*seed+rep),"3000 steps, last weights",920,,add_awgn_tensor (per-window power),10.0|0.0|-4.0|-6.0|-8.0,top_mode over 5 noise draws; conc_mean,results/ckpt_e5/S021_d1_lstm_s2.pt,2243d79ac1315d650ba29c182416e94d72bae5086e6c85979a5996b9ff4777d8,script sha 6d146c3ec08d978c,,result json,
e5_size_id::S007+014::d1::lstm::s2,e5_size_id.json,analysis,CWRU,E5 train+val pool (30 files) set=S007+014 draw=1 files=Normal_load2;IR007_load2;IR014_load1;OR007@6_load2;OR014@6_load2;B007_load1;B014_load0,42,lstm,2,torch.manual_seed+np.random.seed(seed); eval noise torch.manual_seed(1000+17*seed+rep),"3000 steps, last weights",920,,add_awgn_tensor (per-window power),10.0|0.0|-4.0|-6.0|-8.0,top_mode over 5 noise draws; conc_mean,results/ckpt_e5/S007+014_d1_lstm_s2.pt,85019eec530eb1955cad7a6cb85c702d7d06b9d6464ed38beeeb99e0d27b3042,script sha 6d146c3ec08d978c,,result json,
e5_size_id::S007+021::d1::lstm::s2,e5_size_id.json,analysis,CWRU,E5 train+val pool (30 files) set=S007+021 draw=1 files=Normal_load2;IR007_load2;IR021_load3;OR007@6_load2;OR021@6_load2;B007_load1;B021_load0,42,lstm,2,torch.manual_seed+np.random.seed(seed); eval noise torch.manual_seed(1000+17*seed+rep),"3000 steps, last weights",920,,add_awgn_tensor (per-window power),10.0|0.0|-4.0|-6.0|-8.0,top_mode over 5 noise draws; conc_mean,results/ckpt_e5/S007+021_d1_lstm_s2.pt,90be150ad19e29d3f3ef4d0a4fe028547ddf6235e30727cde167c594497747ed,script sha 6d146c3ec08d978c,,result json,
e5_size_id::S014+021::d1::lstm::s2,e5_size_id.json,analysis,CWRU,E5 train+val pool (30 files) set=S014+021 draw=1 files=Normal_load2;IR014_load1;IR021_load3;OR014@6_load2;OR021@6_load2;B014_load0;B021_load0,42,lstm,2,torch.manual_seed+np.random.seed(seed); eval noise torch.manual_seed(1000+17*seed+rep),"3000 steps, last weights",920,,add_awgn_tensor (per-window power),10.0|0.0|-4.0|-6.0|-8.0,top_mode over 5 noise draws; conc_mean,results/ckpt_e5/S014+021_d1_lstm_s2.pt,a5cee7daededdaad04496a0f0f2d5dde99a665d5b70727eac1721262916396f0,script sha 6d146c3ec08d978c,,result json,
e5_size_id::S_ALL::d1::lstm::s2,e5_size_id.json,analysis,CWRU,E5 train+val pool (30 files) set=S_ALL draw=1 files=Normal_load2;IR007_load2;IR014_load1;IR021_load3;OR007@6_load2;OR014@6_load2;OR021@6_load2;B007_load1;B014_load0;B021_load0,42,lstm,2,torch.manual_seed+np.random.seed(seed); eval noise torch.manual_seed(1000+17*seed+rep),"3000 steps, last weights",920,,add_awgn_tensor (per-window power),10.0|0.0|-4.0|-6.0|-8.0,top_mode over 5 noise draws; conc_mean,results/ckpt_e5/S_ALL_d1_lstm_s2.pt,73c571e97a428221eddda2107fb0d459880b179eeb0f35d67dc9ddc6ee700a71,script sha 6d146c3ec08d978c,,result json,
e5_size_id::S007::d2::lstm::s2,e5_size_id.json,analysis,CWRU,E5 train+val pool (30 files) set=S007 draw=2 files=Normal_load3;IR007_load1;OR007@6_load2;B007_load3,42,lstm,2,torch.manual_seed+np.random.seed(seed); eval noise torch.manual_seed(1000+17*seed+rep),"3000 steps, last weights",920,,add_awgn_tensor (per-window power),10.0|0.0|-4.0|-6.0|-8.0,top_mode over 5 noise draws; conc_mean,results/ckpt_e5/S007_d2_lstm_s2.pt,670f7cba65391529ec478ca9bc1dc21832196b87e650434e063bd7e91dba8735,script sha 6d146c3ec08d978c,,result json,
e5_size_id::S014::d2::lstm::s2,e5_size_id.json,analysis,CWRU,E5 train+val pool (30 files) set=S014 draw=2 files=Normal_load3;IR014_load1;OR014@6_load0;B014_load2,42,lstm,2,torch.manual_seed+np.random.seed(seed); eval noise torch.manual_seed(1000+17*seed+rep),"3000 steps, last weights",920,,add_awgn_tensor (per-window power),10.0|0.0|-4.0|-6.0|-8.0,top_mode over 5 noise draws; conc_mean,results/ckpt_e5/S014_d2_lstm_s2.pt,e7d7c05bf765f44f15b7c318942a297e4da87af546c93a7c728101b1ba00d724,script sha 6d146c3ec08d978c,,result json,
e5_size_id::S021::d2::lstm::s2,e5_size_id.json,analysis,CWRU,E5 train+val pool (30 files) set=S021 draw=2 files=Normal_load3;IR021_load0;OR021@6_load0;B021_load1,42,lstm,2,torch.manual_seed+np.random.seed(seed); eval noise torch.manual_seed(1000+17*seed+rep),"3000 steps, last weights",920,,add_awgn_tensor (per-window power),10.0|0.0|-4.0|-6.0|-8.0,top_mode over 5 noise draws; conc_mean,results/ckpt_e5/S021_d2_lstm_s2.pt,853f2e4aa93d7ca3b6e223cc61c720123c12e617d9f1e81c4349ea9e831df779,script sha 6d146c3ec08d978c,,result json,
e5_size_id::S007+014::d2::lstm::s2,e5_size_id.json,analysis,CWRU,E5 train+val pool (30 files) set=S007+014 draw=2 files=Normal_load3;IR007_load1;IR014_load1;OR007@6_load2;OR014@6_load0;B007_load3;B014_load2,42,lstm,2,torch.manual_seed+np.random.seed(seed); eval noise torch.manual_seed(1000+17*seed+rep),"3000 steps, last weights",920,,add_awgn_tensor (per-window power),10.0|0.0|-4.0|-6.0|-8.0,top_mode over 5 noise draws; conc_mean,results/ckpt_e5/S007+014_d2_lstm_s2.pt,fd0f2e0abe998826809bb8b59af5857452d8a06402a7c76bb8d86dbc02529581,script sha 6d146c3ec08d978c,,result json,
e5_size_id::S007+021::d2::lstm::s2,e5_size_id.json,analysis,CWRU,E5 train+val pool (30 files) set=S007+021 draw=2 files=Normal_load3;IR007_load1;IR021_load0;OR007@6_load2;OR021@6_load0;B007_load3;B021_load1,42,lstm,2,torch.manual_seed+np.random.seed(seed); eval noise torch.manual_seed(1000+17*seed+rep),"3000 steps, last weights",920,,add_awgn_tensor (per-window power),10.0|0.0|-4.0|-6.0|-8.0,top_mode over 5 noise draws; conc_mean,results/ckpt_e5/S007+021_d2_lstm_s2.pt,586246b5e90e965afe3ef8342228c068b9053e58db2b3f4dec38bdee1a985c01,script sha 6d146c3ec08d978c,,result json,
e5_size_id::S014+021::d2::lstm::s2,e5_size_id.json,analysis,CWRU,E5 train+val pool (30 files) set=S014+021 draw=2 files=Normal_load3;IR014_load1;IR021_load0;OR014@6_load0;OR021@6_load0;B014_load2;B021_load1,42,lstm,2,torch.manual_seed+np.random.seed(seed); eval noise torch.manual_seed(1000+17*seed+rep),"3000 steps, last weights",920,,add_awgn_tensor (per-window power),10.0|0.0|-4.0|-6.0|-8.0,top_mode over 5 noise draws; conc_mean,results/ckpt_e5/S014+021_d2_lstm_s2.pt,b92b163bb529799ebfe90eea91a9be26b05782d4fae239a12fe359a391a7d8b2,script sha 6d146c3ec08d978c,,result json,
e5_size_id::S_ALL::d2::lstm::s2,e5_size_id.json,analysis,CWRU,E5 train+val pool (30 files) set=S_ALL draw=2 files=Normal_load3;IR007_load1;IR014_load1;IR021_load0;OR007@6_load2;OR014@6_load0;OR021@6_load0;B007_load3;B014_load2;B021_load1,42,lstm,2,torch.manual_seed+np.random.seed(seed); eval noise torch.manual_seed(1000+17*seed+rep),"3000 steps, last weights",920,,add_awgn_tensor (per-window power),10.0|0.0|-4.0|-6.0|-8.0,top_mode over 5 noise draws; conc_mean,results/ckpt_e5/S_ALL_d2_lstm_s2.pt,8f36cc1370df7fa682ee497566e6253f2ccad002ae99f8a6b1214003eaf5b2a5,script sha 6d146c3ec08d978c,,result json,
cinit_2x2::C007_R11::wdcnn::s0,cinit_2x2.json,analysis,CWRU,C-2x2 (fixed init: torch.manual_seed(20000+seed) before model construction; init_sha256=893f0f6091eb8faf) C007_R11,42,wdcnn,0,init torch.manual_seed(20000+seed); train torch.manual_seed+np.random.seed(seed); eval noise torch.manual_seed(1000+17*seed+rep),"3000 steps, last weights",1900,,add_awgn_tensor (per-window power),10.0|0.0|-4.0|-6.0|-8.0,top_mode over 5 noise draws; conc_mean,code/../results/ckpt_cinit/2x2_C007_R11_wdcnn_s0.pt,f2bd3f035d2996f009dea70ee885a8a0cbedc8a9d0c0c132bfaa5bc4991d00fa,script sha 47e4a4d0977b3277,,result json,
cinit_2x2::C007_R31::wdcnn::s0,cinit_2x2.json,analysis,CWRU,C-2x2 (fixed init: torch.manual_seed(20000+seed) before model construction; init_sha256=893f0f6091eb8faf) C007_R31,42,wdcnn,0,init torch.manual_seed(20000+seed); train torch.manual_seed+np.random.seed(seed); eval noise torch.manual_seed(1000+17*seed+rep),"3000 steps, last weights",1900,,add_awgn_tensor (per-window power),10.0|0.0|-4.0|-6.0|-8.0,top_mode over 5 noise draws; conc_mean,code/../results/ckpt_cinit/2x2_C007_R31_wdcnn_s0.pt,37a7d866f246732a1aee14b857d09257ee83097715cdf4aa8198ab744a073a3e,script sha 47e4a4d0977b3277,,result json,
cinit_2x2::CALL_R11::wdcnn::s0,cinit_2x2.json,analysis,CWRU,C-2x2 (fixed init: torch.manual_seed(20000+seed) before model construction; init_sha256=893f0f6091eb8faf) CALL_R11,42,wdcnn,0,init torch.manual_seed(20000+seed); train torch.manual_seed+np.random.seed(seed); eval noise torch.manual_seed(1000+17*seed+rep),"3000 steps, last weights",1900,,add_awgn_tensor (per-window power),10.0|0.0|-4.0|-6.0|-8.0,top_mode over 5 noise draws; conc_mean,code/../results/ckpt_cinit/2x2_CALL_R11_wdcnn_s0.pt,18426e3dbb8754618c60b249bda1f65e92b22bc876bfaf0f2b702c2a8f373e70,script sha 47e4a4d0977b3277,,result json,
cinit_2x2::CALL_R31::wdcnn::s0,cinit_2x2.json,analysis,CWRU,C-2x2 (fixed init: torch.manual_seed(20000+seed) before model construction; init_sha256=893f0f6091eb8faf) CALL_R31,42,wdcnn,0,init torch.manual_seed(20000+seed); train torch.manual_seed+np.random.seed(seed); eval noise torch.manual_seed(1000+17*seed+rep),"3000 steps, last weights",1900,,add_awgn_tensor (per-window power),10.0|0.0|-4.0|-6.0|-8.0,top_mode over 5 noise draws; conc_mean,code/../results/ckpt_cinit/2x2_CALL_R31_wdcnn_s0.pt,0379eb9576e2ca074dbf83cc46f8491207a25ee0ca73b6607e9cb4b5fd8222db,script sha 47e4a4d0977b3277,,result json,
cinit_2x2::C007_R11::wdcnn::s1,cinit_2x2.json,analysis,CWRU,C-2x2 (fixed init: torch.manual_seed(20000+seed) before model construction; init_sha256=49d10de4f058c74d) C007_R11,42,wdcnn,1,init torch.manual_seed(20000+seed); train torch.manual_seed+np.random.seed(seed); eval noise torch.manual_seed(1000+17*seed+rep),"3000 steps, last weights",1900,,add_awgn_tensor (per-window power),10.0|0.0|-4.0|-6.0|-8.0,top_mode over 5 noise draws; conc_mean,code/../results/ckpt_cinit/2x2_C007_R11_wdcnn_s1.pt,34a458aa8de4c7c391646ed33801496ca36240c938e75e13b7f1ca8bf02980a7,script sha 47e4a4d0977b3277,,result json,
cinit_2x2::C007_R31::wdcnn::s1,cinit_2x2.json,analysis,CWRU,C-2x2 (fixed init: torch.manual_seed(20000+seed) before model construction; init_sha256=49d10de4f058c74d) C007_R31,42,wdcnn,1,init torch.manual_seed(20000+seed); train torch.manual_seed+np.random.seed(seed); eval noise torch.manual_seed(1000+17*seed+rep),"3000 steps, last weights",1900,,add_awgn_tensor (per-window power),10.0|0.0|-4.0|-6.0|-8.0,top_mode over 5 noise draws; conc_mean,code/../results/ckpt_cinit/2x2_C007_R31_wdcnn_s1.pt,65d9b496525ad8d5e4f17e1010c13eb348495c0e5e8cd5d08399f7bf1c497832,script sha 47e4a4d0977b3277,,result json,
cinit_2x2::CALL_R11::wdcnn::s1,cinit_2x2.json,analysis,CWRU,C-2x2 (fixed init: torch.manual_seed(20000+seed) before model construction; init_sha256=49d10de4f058c74d) CALL_R11,42,wdcnn,1,init torch.manual_seed(20000+seed); train torch.manual_seed+np.random.seed(seed); eval noise torch.manual_seed(1000+17*seed+rep),"3000 steps, last weights",1900,,add_awgn_tensor (per-window power),10.0|0.0|-4.0|-6.0|-8.0,top_mode over 5 noise draws; conc_mean,code/../results/ckpt_cinit/2x2_CALL_R11_wdcnn_s1.pt,56dc94026f973276518ec35ebe6d614103e29f03914e6c9f1ad4877039675d91,script sha 47e4a4d0977b3277,,result json,
cinit_2x2::CALL_R31::wdcnn::s1,cinit_2x2.json,analysis,CWRU,C-2x2 (fixed init: torch.manual_seed(20000+seed) before model construction; init_sha256=49d10de4f058c74d) CALL_R31,42,wdcnn,1,init torch.manual_seed(20000+seed); train torch.manual_seed+np.random.seed(seed); eval noise torch.manual_seed(1000+17*seed+rep),"3000 steps, last weights",1900,,add_awgn_tensor (per-window power),10.0|0.0|-4.0|-6.0|-8.0,top_mode over 5 noise draws; conc_mean,code/../results/ckpt_cinit/2x2_CALL_R31_wdcnn_s1.pt,f5bdddf1adb29c819c99b556343614e22aafc3d34b0bd855d6bc1f2565d3bf9c,script sha 47e4a4d0977b3277,,result json,
cinit_2x2::C007_R11::wdcnn::s2,cinit_2x2.json,analysis,CWRU,C-2x2 (fixed init: torch.manual_seed(20000+seed) before model construction; init_sha256=7e184c33c22eebb7) C007_R11,42,wdcnn,2,init torch.manual_seed(20000+seed); train torch.manual_seed+np.random.seed(seed); eval noise torch.manual_seed(1000+17*seed+rep),"3000 steps, last weights",1900,,add_awgn_tensor (per-window power),10.0|0.0|-4.0|-6.0|-8.0,top_mode over 5 noise draws; conc_mean,code/../results/ckpt_cinit/2x2_C007_R11_wdcnn_s2.pt,de7c8ec1530fae2d15724961d9f94eeffcab98664e16ba61f90426e639f1d82a,script sha 47e4a4d0977b3277,,result json,
cinit_2x2::C007_R31::wdcnn::s2,cinit_2x2.json,analysis,CWRU,C-2x2 (fixed init: torch.manual_seed(20000+seed) before model construction; init_sha256=7e184c33c22eebb7) C007_R31,42,wdcnn,2,init torch.manual_seed(20000+seed); train torch.manual_seed+np.random.seed(seed); eval noise torch.manual_seed(1000+17*seed+rep),"3000 steps, last weights",1900,,add_awgn_tensor (per-window power),10.0|0.0|-4.0|-6.0|-8.0,top_mode over 5 noise draws; conc_mean,code/../results/ckpt_cinit/2x2_C007_R31_wdcnn_s2.pt,50471f6c9c356e319270aa1c62622a4f8a4bb0e019134d8041292d4b56b6318e,script sha 47e4a4d0977b3277,,result json,
cinit_2x2::CALL_R11::wdcnn::s2,cinit_2x2.json,analysis,CWRU,C-2x2 (fixed init: torch.manual_seed(20000+seed) before model construction; init_sha256=7e184c33c22eebb7) CALL_R11,42,wdcnn,2,init torch.manual_seed(20000+seed); train torch.manual_seed+np.random.seed(seed); eval noise torch.manual_seed(1000+17*seed+rep),"3000 steps, last weights",1900,,add_awgn_tensor (per-window power),10.0|0.0|-4.0|-6.0|-8.0,top_mode over 5 noise draws; conc_mean,code/../results/ckpt_cinit/2x2_CALL_R11_wdcnn_s2.pt,a7655c4ef61f708104c61a0b7ff0d2cbb4a4029406d4dc83954fed84aae7fc25,script sha 47e4a4d0977b3277,,result json,
cinit_2x2::CALL_R31::wdcnn::s2,cinit_2x2.json,analysis,CWRU,C-2x2 (fixed init: torch.manual_seed(20000+seed) before model construction; init_sha256=7e184c33c22eebb7) CALL_R31,42,wdcnn,2,init torch.manual_seed(20000+seed); train torch.manual_seed+np.random.seed(seed); eval noise torch.manual_seed(1000+17*seed+rep),"3000 steps, last weights",1900,,add_awgn_tensor (per-window power),10.0|0.0|-4.0|-6.0|-8.0,top_mode over 5 noise draws; conc_mean,code/../results/ckpt_cinit/2x2_CALL_R31_wdcnn_s2.pt,1417d5eefbed3f91fe51bf7ac1b4af87f8c8b70e9c183a285c4daac82608048f,script sha 47e4a4d0977b3277,,result json,
cinit_2x2::C007_R11::wdcnn::s3,cinit_2x2.json,analysis,CWRU,C-2x2 (fixed init: torch.manual_seed(20000+seed) before model construction; init_sha256=1af518e933b42a69) C007_R11,42,wdcnn,3,init torch.manual_seed(20000+seed); train torch.manual_seed+np.random.seed(seed); eval noise torch.manual_seed(1000+17*seed+rep),"3000 steps, last weights",1900,,add_awgn_tensor (per-window power),10.0|0.0|-4.0|-6.0|-8.0,top_mode over 5 noise draws; conc_mean,code/../results/ckpt_cinit/2x2_C007_R11_wdcnn_s3.pt,84f286f57dcb7e1e3e877ad2486f6542a218b2396962db7a1a4ab6977cb92412,script sha 47e4a4d0977b3277,,result json,
cinit_2x2::C007_R31::wdcnn::s3,cinit_2x2.json,analysis,CWRU,C-2x2 (fixed init: torch.manual_seed(20000+seed) before model construction; init_sha256=1af518e933b42a69) C007_R31,42,wdcnn,3,init torch.manual_seed(20000+seed); train torch.manual_seed+np.random.seed(seed); eval noise torch.manual_seed(1000+17*seed+rep),"3000 steps, last weights",1900,,add_awgn_tensor (per-window power),10.0|0.0|-4.0|-6.0|-8.0,top_mode over 5 noise draws; conc_mean,code/../results/ckpt_cinit/2x2_C007_R31_wdcnn_s3.pt,4d0e1597ca11be47c721c48e0c1170a587c965f386eedea1ff7e8187761ff3a1,script sha 47e4a4d0977b3277,,result json,
cinit_2x2::CALL_R11::wdcnn::s3,cinit_2x2.json,analysis,CWRU,C-2x2 (fixed init: torch.manual_seed(20000+seed) before model construction; init_sha256=1af518e933b42a69) CALL_R11,42,wdcnn,3,init torch.manual_seed(20000+seed); train torch.manual_seed+np.random.seed(seed); eval noise torch.manual_seed(1000+17*seed+rep),"3000 steps, last weights",1900,,add_awgn_tensor (per-window power),10.0|0.0|-4.0|-6.0|-8.0,top_mode over 5 noise draws; conc_mean,code/../results/ckpt_cinit/2x2_CALL_R11_wdcnn_s3.pt,54e00dfa3770194544d79db871b1b531bc61bd2e79537658d25d9748c347822c,script sha 47e4a4d0977b3277,,result json,
cinit_2x2::CALL_R31::wdcnn::s3,cinit_2x2.json,analysis,CWRU,C-2x2 (fixed init: torch.manual_seed(20000+seed) before model construction; init_sha256=1af518e933b42a69) CALL_R31,42,wdcnn,3,init torch.manual_seed(20000+seed); train torch.manual_seed+np.random.seed(seed); eval noise torch.manual_seed(1000+17*seed+rep),"3000 steps, last weights",1900,,add_awgn_tensor (per-window power),10.0|0.0|-4.0|-6.0|-8.0,top_mode over 5 noise draws; conc_mean,code/../results/ckpt_cinit/2x2_CALL_R31_wdcnn_s3.pt,ef5d22534ecfe57d6fe8060ff3b110578b7530f0e7600234e4f7f7878fdc3cdd,script sha 47e4a4d0977b3277,,result json,
cinit_2x2::C007_R11::wdcnn::s4,cinit_2x2.json,analysis,CWRU,C-2x2 (fixed init: torch.manual_seed(20000+seed) before model construction; init_sha256=2dadc37e3e89e9d0) C007_R11,42,wdcnn,4,init torch.manual_seed(20000+seed); train torch.manual_seed+np.random.seed(seed); eval noise torch.manual_seed(1000+17*seed+rep),"3000 steps, last weights",1900,,add_awgn_tensor (per-window power),10.0|0.0|-4.0|-6.0|-8.0,top_mode over 5 noise draws; conc_mean,code/../results/ckpt_cinit/2x2_C007_R11_wdcnn_s4.pt,d1b36c728b69fecb0cd427783285744e0ee05c4bd44b4c07e104c3f195829d6c,script sha 47e4a4d0977b3277,,result json,
cinit_2x2::C007_R31::wdcnn::s4,cinit_2x2.json,analysis,CWRU,C-2x2 (fixed init: torch.manual_seed(20000+seed) before model construction; init_sha256=2dadc37e3e89e9d0) C007_R31,42,wdcnn,4,init torch.manual_seed(20000+seed); train torch.manual_seed+np.random.seed(seed); eval noise torch.manual_seed(1000+17*seed+rep),"3000 steps, last weights",1900,,add_awgn_tensor (per-window power),10.0|0.0|-4.0|-6.0|-8.0,top_mode over 5 noise draws; conc_mean,code/../results/ckpt_cinit/2x2_C007_R31_wdcnn_s4.pt,b360e07d2ac487c024e93735612aad64f4317c17c91eec5b0beb1ac5aafc866e,script sha 47e4a4d0977b3277,,result json,
cinit_2x2::CALL_R11::wdcnn::s4,cinit_2x2.json,analysis,CWRU,C-2x2 (fixed init: torch.manual_seed(20000+seed) before model construction; init_sha256=2dadc37e3e89e9d0) CALL_R11,42,wdcnn,4,init torch.manual_seed(20000+seed); train torch.manual_seed+np.random.seed(seed); eval noise torch.manual_seed(1000+17*seed+rep),"3000 steps, last weights",1900,,add_awgn_tensor (per-window power),10.0|0.0|-4.0|-6.0|-8.0,top_mode over 5 noise draws; conc_mean,code/../results/ckpt_cinit/2x2_CALL_R11_wdcnn_s4.pt,e550d980bc379d1d74a7f1a45154263113e3c850076ba34e6d95be4e1333cf31,script sha 47e4a4d0977b3277,,result json,
cinit_2x2::CALL_R31::wdcnn::s4,cinit_2x2.json,analysis,CWRU,C-2x2 (fixed init: torch.manual_seed(20000+seed) before model construction; init_sha256=2dadc37e3e89e9d0) CALL_R31,42,wdcnn,4,init torch.manual_seed(20000+seed); train torch.manual_seed+np.random.seed(seed); eval noise torch.manual_seed(1000+17*seed+rep),"3000 steps, last weights",1900,,add_awgn_tensor (per-window power),10.0|0.0|-4.0|-6.0|-8.0,top_mode over 5 noise draws; conc_mean,code/../results/ckpt_cinit/2x2_CALL_R31_wdcnn_s4.pt,622eec84bfe02648c45fcaea306476a7bc65eea9692f8fe784f96c615559c562,script sha 47e4a4d0977b3277,,result json,
cinit_2x2::C007_R11::cnn1d::s0,cinit_2x2.json,analysis,CWRU,C-2x2 (fixed init: torch.manual_seed(20000+seed) before model construction; init_sha256=6a0227936cd49bed) C007_R11,42,cnn1d,0,init torch.manual_seed(20000+seed); train torch.manual_seed+np.random.seed(seed); eval noise torch.manual_seed(1000+17*seed+rep),"3000 steps, last weights",1900,,add_awgn_tensor (per-window power),10.0|0.0|-4.0|-6.0|-8.0,top_mode over 5 noise draws; conc_mean,code/../results/ckpt_cinit/2x2_C007_R11_cnn1d_s0.pt,6880464895db7afad861c16ebe57d227f562e9fb81ff6f78ff1b96c9bde2da7e,script sha 47e4a4d0977b3277,,result json,
cinit_2x2::C007_R31::cnn1d::s0,cinit_2x2.json,analysis,CWRU,C-2x2 (fixed init: torch.manual_seed(20000+seed) before model construction; init_sha256=6a0227936cd49bed) C007_R31,42,cnn1d,0,init torch.manual_seed(20000+seed); train torch.manual_seed+np.random.seed(seed); eval noise torch.manual_seed(1000+17*seed+rep),"3000 steps, last weights",1900,,add_awgn_tensor (per-window power),10.0|0.0|-4.0|-6.0|-8.0,top_mode over 5 noise draws; conc_mean,code/../results/ckpt_cinit/2x2_C007_R31_cnn1d_s0.pt,0dce19975dc6539f0d6675b8cb2b35c9ceb479a15724814644f93bad90afb7ad,script sha 47e4a4d0977b3277,,result json,
cinit_2x2::CALL_R11::cnn1d::s0,cinit_2x2.json,analysis,CWRU,C-2x2 (fixed init: torch.manual_seed(20000+seed) before model construction; init_sha256=6a0227936cd49bed) CALL_R11,42,cnn1d,0,init torch.manual_seed(20000+seed); train torch.manual_seed+np.random.seed(seed); eval noise torch.manual_seed(1000+17*seed+rep),"3000 steps, last weights",1900,,add_awgn_tensor (per-window power),10.0|0.0|-4.0|-6.0|-8.0,top_mode over 5 noise draws; conc_mean,code/../results/ckpt_cinit/2x2_CALL_R11_cnn1d_s0.pt,754b0aec6d00bad721748559ff60465951322088df669018b7849655cb1e010e,script sha 47e4a4d0977b3277,,result json,
cinit_2x2::CALL_R31::cnn1d::s0,cinit_2x2.json,analysis,CWRU,C-2x2 (fixed init: torch.manual_seed(20000+seed) before model construction; init_sha256=6a0227936cd49bed) CALL_R31,42,cnn1d,0,init torch.manual_seed(20000+seed); train torch.manual_seed+np.random.seed(seed); eval noise torch.manual_seed(1000+17*seed+rep),"3000 steps, last weights",1900,,add_awgn_tensor (per-window power),10.0|0.0|-4.0|-6.0|-8.0,top_mode over 5 noise draws; conc_mean,code/../results/ckpt_cinit/2x2_CALL_R31_cnn1d_s0.pt,110b7f4e773ffa926ddb112a7830962596f8973a22cefaf1cc83581c76dcce00,script sha 47e4a4d0977b3277,,result json,
cinit_2x2::C007_R11::cnn1d::s1,cinit_2x2.json,analysis,CWRU,C-2x2 (fixed init: torch.manual_seed(20000+seed) before model construction; init_sha256=13d6057032b4fcfc) C007_R11,42,cnn1d,1,init torch.manual_seed(20000+seed); train torch.manual_seed+np.random.seed(seed); eval noise torch.manual_seed(1000+17*seed+rep),"3000 steps, last weights",1900,,add_awgn_tensor (per-window power),10.0|0.0|-4.0|-6.0|-8.0,top_mode over 5 noise draws; conc_mean,code/../results/ckpt_cinit/2x2_C007_R11_cnn1d_s1.pt,8fa6ad34840fd641480afa40e9eb486fda5dd6fcbcdf440f7579a32c8b4053d7,script sha 47e4a4d0977b3277,,result json,
cinit_2x2::C007_R31::cnn1d::s1,cinit_2x2.json,analysis,CWRU,C-2x2 (fixed init: torch.manual_seed(20000+seed) before model construction; init_sha256=13d6057032b4fcfc) C007_R31,42,cnn1d,1,init torch.manual_seed(20000+seed); train torch.manual_seed+np.random.seed(seed); eval noise torch.manual_seed(1000+17*seed+rep),"3000 steps, last weights",1900,,add_awgn_tensor (per-window power),10.0|0.0|-4.0|-6.0|-8.0,top_mode over 5 noise draws; conc_mean,code/../results/ckpt_cinit/2x2_C007_R31_cnn1d_s1.pt,b18761b2c9528ee3334b44593e1cf1d38cd3b1b6709adcafc437ff6d813a0cf3,script sha 47e4a4d0977b3277,,result json,
cinit_2x2::CALL_R11::cnn1d::s1,cinit_2x2.json,analysis,CWRU,C-2x2 (fixed init: torch.manual_seed(20000+seed) before model construction; init_sha256=13d6057032b4fcfc) CALL_R11,42,cnn1d,1,init torch.manual_seed(20000+seed); train torch.manual_seed+np.random.seed(seed); eval noise torch.manual_seed(1000+17*seed+rep),"3000 steps, last weights",1900,,add_awgn_tensor (per-window power),10.0|0.0|-4.0|-6.0|-8.0,top_mode over 5 noise draws; conc_mean,code/../results/ckpt_cinit/2x2_CALL_R11_cnn1d_s1.pt,ffb8198ebfee30ca0a0705897a636c359e8ee1bdafac7615a77b94649387723b,script sha 47e4a4d0977b3277,,result json,
cinit_2x2::CALL_R31::cnn1d::s1,cinit_2x2.json,analysis,CWRU,C-2x2 (fixed init: torch.manual_seed(20000+seed) before model construction; init_sha256=13d6057032b4fcfc) CALL_R31,42,cnn1d,1,init torch.manual_seed(20000+seed); train torch.manual_seed+np.random.seed(seed); eval noise torch.manual_seed(1000+17*seed+rep),"3000 steps, last weights",1900,,add_awgn_tensor (per-window power),10.0|0.0|-4.0|-6.0|-8.0,top_mode over 5 noise draws; conc_mean,code/../results/ckpt_cinit/2x2_CALL_R31_cnn1d_s1.pt,879ca33d5daae12c8cbb22b8506710a9c158c5536f9d7fd17b0ddaf6f3f89c5c,script sha 47e4a4d0977b3277,,result json,
cinit_2x2::C007_R11::cnn1d::s2,cinit_2x2.json,analysis,CWRU,C-2x2 (fixed init: torch.manual_seed(20000+seed) before model construction; init_sha256=e5374c5c748e0848) C007_R11,42,cnn1d,2,init torch.manual_seed(20000+seed); train torch.manual_seed+np.random.seed(seed); eval noise torch.manual_seed(1000+17*seed+rep),"3000 steps, last weights",1900,,add_awgn_tensor (per-window power),10.0|0.0|-4.0|-6.0|-8.0,top_mode over 5 noise draws; conc_mean,code/../results/ckpt_cinit/2x2_C007_R11_cnn1d_s2.pt,1771d9ab57140d336d3cf1339b326c6b74fce2574d3dc64f2899ee1ad32ba257,script sha 47e4a4d0977b3277,,result json,
cinit_2x2::C007_R31::cnn1d::s2,cinit_2x2.json,analysis,CWRU,C-2x2 (fixed init: torch.manual_seed(20000+seed) before model construction; init_sha256=e5374c5c748e0848) C007_R31,42,cnn1d,2,init torch.manual_seed(20000+seed); train torch.manual_seed+np.random.seed(seed); eval noise torch.manual_seed(1000+17*seed+rep),"3000 steps, last weights",1900,,add_awgn_tensor (per-window power),10.0|0.0|-4.0|-6.0|-8.0,top_mode over 5 noise draws; conc_mean,code/../results/ckpt_cinit/2x2_C007_R31_cnn1d_s2.pt,6a6e8c9b97a50cd023d322605514a8bc26b001c7b062d55d79f2d05706c4668d,script sha 47e4a4d0977b3277,,result json,
cinit_2x2::CALL_R11::cnn1d::s2,cinit_2x2.json,analysis,CWRU,C-2x2 (fixed init: torch.manual_seed(20000+seed) before model construction; init_sha256=e5374c5c748e0848) CALL_R11,42,cnn1d,2,init torch.manual_seed(20000+seed); train torch.manual_seed+np.random.seed(seed); eval noise torch.manual_seed(1000+17*seed+rep),"3000 steps, last weights",1900,,add_awgn_tensor (per-window power),10.0|0.0|-4.0|-6.0|-8.0,top_mode over 5 noise draws; conc_mean,code/../results/ckpt_cinit/2x2_CALL_R11_cnn1d_s2.pt,6e4d8dd65c9553150eae2f2019c559d5c51af785ec8ab85850ccdc7e7ead1d35,script sha 47e4a4d0977b3277,,result json,
cinit_2x2::CALL_R31::cnn1d::s2,cinit_2x2.json,analysis,CWRU,C-2x2 (fixed init: torch.manual_seed(20000+seed) before model construction; init_sha256=e5374c5c748e0848) CALL_R31,42,cnn1d,2,init torch.manual_seed(20000+seed); train torch.manual_seed+np.random.seed(seed); eval noise torch.manual_seed(1000+17*seed+rep),"3000 steps, last weights",1900,,add_awgn_tensor (per-window power),10.0|0.0|-4.0|-6.0|-8.0,top_mode over 5 noise draws; conc_mean,code/../results/ckpt_cinit/2x2_CALL_R31_cnn1d_s2.pt,bfffcae77877eb7d21051ca2d4d7b36be7afdcc26537d8876daea326ade127f9,script sha 47e4a4d0977b3277,,result json,
cinit_2x2::C007_R11::cnn1d::s3,cinit_2x2.json,analysis,CWRU,C-2x2 (fixed init: torch.manual_seed(20000+seed) before model construction; init_sha256=37d54e49f2911525) C007_R11,42,cnn1d,3,init torch.manual_seed(20000+seed); train torch.manual_seed+np.random.seed(seed); eval noise torch.manual_seed(1000+17*seed+rep),"3000 steps, last weights",1900,,add_awgn_tensor (per-window power),10.0|0.0|-4.0|-6.0|-8.0,top_mode over 5 noise draws; conc_mean,code/../results/ckpt_cinit/2x2_C007_R11_cnn1d_s3.pt,edb7ddd2ec61bbdd9e42841855a4f642d2bce21121b44f85f462caeae393b5b5,script sha 47e4a4d0977b3277,,result json,
cinit_2x2::C007_R31::cnn1d::s3,cinit_2x2.json,analysis,CWRU,C-2x2 (fixed init: torch.manual_seed(20000+seed) before model construction; init_sha256=37d54e49f2911525) C007_R31,42,cnn1d,3,init torch.manual_seed(20000+seed); train torch.manual_seed+np.random.seed(seed); eval noise torch.manual_seed(1000+17*seed+rep),"3000 steps, last weights",1900,,add_awgn_tensor (per-window power),10.0|0.0|-4.0|-6.0|-8.0,top_mode over 5 noise draws; conc_mean,code/../results/ckpt_cinit/2x2_C007_R31_cnn1d_s3.pt,35873ba6f1bbfe97857c68b023f7ed603595fdfe9e92236ad6269acb637712c1,script sha 47e4a4d0977b3277,,result json,
cinit_2x2::CALL_R11::cnn1d::s3,cinit_2x2.json,analysis,CWRU,C-2x2 (fixed init: torch.manual_seed(20000+seed) before model construction; init_sha256=37d54e49f2911525) CALL_R11,42,cnn1d,3,init torch.manual_seed(20000+seed); train torch.manual_seed+np.random.seed(seed); eval noise torch.manual_seed(1000+17*seed+rep),"3000 steps, last weights",1900,,add_awgn_tensor (per-window power),10.0|0.0|-4.0|-6.0|-8.0,top_mode over 5 noise draws; conc_mean,code/../results/ckpt_cinit/2x2_CALL_R11_cnn1d_s3.pt,826a78fdeb432dd15870096abc9da1662e76a377255f4d1f30e656aa8111bf24,script sha 47e4a4d0977b3277,,result json,
cinit_2x2::CALL_R31::cnn1d::s3,cinit_2x2.json,analysis,CWRU,C-2x2 (fixed init: torch.manual_seed(20000+seed) before model construction; init_sha256=37d54e49f2911525) CALL_R31,42,cnn1d,3,init torch.manual_seed(20000+seed); train torch.manual_seed+np.random.seed(seed); eval noise torch.manual_seed(1000+17*seed+rep),"3000 steps, last weights",1900,,add_awgn_tensor (per-window power),10.0|0.0|-4.0|-6.0|-8.0,top_mode over 5 noise draws; conc_mean,code/../results/ckpt_cinit/2x2_CALL_R31_cnn1d_s3.pt,607fa92751c0d9dcdf0d926c608d934eb867bdc8b1913484bce0bb6654e5f814,script sha 47e4a4d0977b3277,,result json,
cinit_2x2::C007_R11::cnn1d::s4,cinit_2x2.json,analysis,CWRU,C-2x2 (fixed init: torch.manual_seed(20000+seed) before model construction; init_sha256=96a483f5a7c1b4f9) C007_R11,42,cnn1d,4,init torch.manual_seed(20000+seed); train torch.manual_seed+np.random.seed(seed); eval noise torch.manual_seed(1000+17*seed+rep),"3000 steps, last weights",1900,,add_awgn_tensor (per-window power),10.0|0.0|-4.0|-6.0|-8.0,top_mode over 5 noise draws; conc_mean,code/../results/ckpt_cinit/2x2_C007_R11_cnn1d_s4.pt,c0d31ae508807064bb588d6b24e55bd1e58cd452a0f4147900376042b5314397,script sha 47e4a4d0977b3277,,result json,
cinit_2x2::C007_R31::cnn1d::s4,cinit_2x2.json,analysis,CWRU,C-2x2 (fixed init: torch.manual_seed(20000+seed) before model construction; init_sha256=96a483f5a7c1b4f9) C007_R31,42,cnn1d,4,init torch.manual_seed(20000+seed); train torch.manual_seed+np.random.seed(seed); eval noise torch.manual_seed(1000+17*seed+rep),"3000 steps, last weights",1900,,add_awgn_tensor (per-window power),10.0|0.0|-4.0|-6.0|-8.0,top_mode over 5 noise draws; conc_mean,code/../results/ckpt_cinit/2x2_C007_R31_cnn1d_s4.pt,019b69de987a8e5f44056d12df5cf3b6448eab8a1d6fccd8e82cf64e543bc933,script sha 47e4a4d0977b3277,,result json,
cinit_2x2::CALL_R11::cnn1d::s4,cinit_2x2.json,analysis,CWRU,C-2x2 (fixed init: torch.manual_seed(20000+seed) before model construction; init_sha256=96a483f5a7c1b4f9) CALL_R11,42,cnn1d,4,init torch.manual_seed(20000+seed); train torch.manual_seed+np.random.seed(seed); eval noise torch.manual_seed(1000+17*seed+rep),"3000 steps, last weights",1900,,add_awgn_tensor (per-window power),10.0|0.0|-4.0|-6.0|-8.0,top_mode over 5 noise draws; conc_mean,code/../results/ckpt_cinit/2x2_CALL_R11_cnn1d_s4.pt,4560a97090f17503abc3df187c5f56b795cddfa21ecf652dda621e56a8779d5b,script sha 47e4a4d0977b3277,,result json,
cinit_2x2::CALL_R31::cnn1d::s4,cinit_2x2.json,analysis,CWRU,C-2x2 (fixed init: torch.manual_seed(20000+seed) before model construction; init_sha256=96a483f5a7c1b4f9) CALL_R31,42,cnn1d,4,init torch.manual_seed(20000+seed); train torch.manual_seed+np.random.seed(seed); eval noise torch.manual_seed(1000+17*seed+rep),"3000 steps, last weights",1900,,add_awgn_tensor (per-window power),10.0|0.0|-4.0|-6.0|-8.0,top_mode over 5 noise draws; conc_mean,code/../results/ckpt_cinit/2x2_CALL_R31_cnn1d_s4.pt,e5e1f8fa8d19cfdffbfa79fa3828cede4defd37208e7dc5b69e4d377d3f263cc,script sha 47e4a4d0977b3277,,result json,
cinit_2x2::C007_R11::drsn::s0,cinit_2x2.json,analysis,CWRU,C-2x2 (fixed init: torch.manual_seed(20000+seed) before model construction; init_sha256=d1e6cca6b1f1ce3f) C007_R11,42,drsn,0,init torch.manual_seed(20000+seed); train torch.manual_seed+np.random.seed(seed); eval noise torch.manual_seed(1000+17*seed+rep),"3000 steps, last weights",1900,,add_awgn_tensor (per-window power),10.0|0.0|-4.0|-6.0|-8.0,top_mode over 5 noise draws; conc_mean,code/../results/ckpt_cinit/2x2_C007_R11_drsn_s0.pt,48689f093c369ffa29a5d803bb677f66c021371e61563bddcd1ccd5d94a4dede,script sha 47e4a4d0977b3277,,result json,
cinit_2x2::C007_R31::drsn::s0,cinit_2x2.json,analysis,CWRU,C-2x2 (fixed init: torch.manual_seed(20000+seed) before model construction; init_sha256=d1e6cca6b1f1ce3f) C007_R31,42,drsn,0,init torch.manual_seed(20000+seed); train torch.manual_seed+np.random.seed(seed); eval noise torch.manual_seed(1000+17*seed+rep),"3000 steps, last weights",1900,,add_awgn_tensor (per-window power),10.0|0.0|-4.0|-6.0|-8.0,top_mode over 5 noise draws; conc_mean,code/../results/ckpt_cinit/2x2_C007_R31_drsn_s0.pt,d60c5b383e5cf5f4e547578e154367e60d61429ed0e9e04c87653d273ae681a9,script sha 47e4a4d0977b3277,,result json,
cinit_2x2::CALL_R11::drsn::s0,cinit_2x2.json,analysis,CWRU,C-2x2 (fixed init: torch.manual_seed(20000+seed) before model construction; init_sha256=d1e6cca6b1f1ce3f) CALL_R11,42,drsn,0,init torch.manual_seed(20000+seed); train torch.manual_seed+np.random.seed(seed); eval noise torch.manual_seed(1000+17*seed+rep),"3000 steps, last weights",1900,,add_awgn_tensor (per-window power),10.0|0.0|-4.0|-6.0|-8.0,top_mode over 5 noise draws; conc_mean,code/../results/ckpt_cinit/2x2_CALL_R11_drsn_s0.pt,c423effd7a3f69a968b636a43687ccbfb415a4544f13201beb8e7643bb8e3019,script sha 47e4a4d0977b3277,,result json,
cinit_2x2::CALL_R31::drsn::s0,cinit_2x2.json,analysis,CWRU,C-2x2 (fixed init: torch.manual_seed(20000+seed) before model construction; init_sha256=d1e6cca6b1f1ce3f) CALL_R31,42,drsn,0,init torch.manual_seed(20000+seed); train torch.manual_seed+np.random.seed(seed); eval noise torch.manual_seed(1000+17*seed+rep),"3000 steps, last weights",1900,,add_awgn_tensor (per-window power),10.0|0.0|-4.0|-6.0|-8.0,top_mode over 5 noise draws; conc_mean,code/../results/ckpt_cinit/2x2_CALL_R31_drsn_s0.pt,9c878509d851e1ca1aca5b750dae51c5956f5b28ede1b695522c8676a32b59cd,script sha 47e4a4d0977b3277,,result json,
cinit_2x2::C007_R11::drsn::s1,cinit_2x2.json,analysis,CWRU,C-2x2 (fixed init: torch.manual_seed(20000+seed) before model construction; init_sha256=579f7b027327c4a0) C007_R11,42,drsn,1,init torch.manual_seed(20000+seed); train torch.manual_seed+np.random.seed(seed); eval noise torch.manual_seed(1000+17*seed+rep),"3000 steps, last weights",1900,,add_awgn_tensor (per-window power),10.0|0.0|-4.0|-6.0|-8.0,top_mode over 5 noise draws; conc_mean,code/../results/ckpt_cinit/2x2_C007_R11_drsn_s1.pt,6f8e05077aa6d96437ef07630b9569620e78480a5a6ff9e0da8034cd6e887fcb,script sha 47e4a4d0977b3277,,result json,
cinit_2x2::C007_R31::drsn::s1,cinit_2x2.json,analysis,CWRU,C-2x2 (fixed init: torch.manual_seed(20000+seed) before model construction; init_sha256=579f7b027327c4a0) C007_R31,42,drsn,1,init torch.manual_seed(20000+seed); train torch.manual_seed+np.random.seed(seed); eval noise torch.manual_seed(1000+17*seed+rep),"3000 steps, last weights",1900,,add_awgn_tensor (per-window power),10.0|0.0|-4.0|-6.0|-8.0,top_mode over 5 noise draws; conc_mean,code/../results/ckpt_cinit/2x2_C007_R31_drsn_s1.pt,82aa12aecb874f67aeee603f82b7f0a244c5c69938c128f6e3165b582466edfc,script sha 47e4a4d0977b3277,,result json,
cinit_2x2::CALL_R11::drsn::s1,cinit_2x2.json,analysis,CWRU,C-2x2 (fixed init: torch.manual_seed(20000+seed) before model construction; init_sha256=579f7b027327c4a0) CALL_R11,42,drsn,1,init torch.manual_seed(20000+seed); train torch.manual_seed+np.random.seed(seed); eval noise torch.manual_seed(1000+17*seed+rep),"3000 steps, last weights",1900,,add_awgn_tensor (per-window power),10.0|0.0|-4.0|-6.0|-8.0,top_mode over 5 noise draws; conc_mean,code/../results/ckpt_cinit/2x2_CALL_R11_drsn_s1.pt,92e16b9da28bee7ad2ca5384fc350be5d6f47d62df420a4b8b12150ee650d92f,script sha 47e4a4d0977b3277,,result json,
cinit_2x2::CALL_R31::drsn::s1,cinit_2x2.json,analysis,CWRU,C-2x2 (fixed init: torch.manual_seed(20000+seed) before model construction; init_sha256=579f7b027327c4a0) CALL_R31,42,drsn,1,init torch.manual_seed(20000+seed); train torch.manual_seed+np.random.seed(seed); eval noise torch.manual_seed(1000+17*seed+rep),"3000 steps, last weights",1900,,add_awgn_tensor (per-window power),10.0|0.0|-4.0|-6.0|-8.0,top_mode over 5 noise draws; conc_mean,code/../results/ckpt_cinit/2x2_CALL_R31_drsn_s1.pt,26b7ee89b0bf1e678f41ce0e53215ad63f952e3e3fea36567efe67ac6f0ceb59,script sha 47e4a4d0977b3277,,result json,
cinit_2x2::C007_R11::drsn::s2,cinit_2x2.json,analysis,CWRU,C-2x2 (fixed init: torch.manual_seed(20000+seed) before model construction; init_sha256=484f9519d67187e7) C007_R11,42,drsn,2,init torch.manual_seed(20000+seed); train torch.manual_seed+np.random.seed(seed); eval noise torch.manual_seed(1000+17*seed+rep),"3000 steps, last weights",1900,,add_awgn_tensor (per-window power),10.0|0.0|-4.0|-6.0|-8.0,top_mode over 5 noise draws; conc_mean,code/../results/ckpt_cinit/2x2_C007_R11_drsn_s2.pt,b845b70bf34ed77fb4e4a9ba91ddcc8055d6ac63858fba53d14de35b5cf61da8,script sha 47e4a4d0977b3277,,result json,
cinit_2x2::C007_R31::drsn::s2,cinit_2x2.json,analysis,CWRU,C-2x2 (fixed init: torch.manual_seed(20000+seed) before model construction; init_sha256=484f9519d67187e7) C007_R31,42,drsn,2,init torch.manual_seed(20000+seed); train torch.manual_seed+np.random.seed(seed); eval noise torch.manual_seed(1000+17*seed+rep),"3000 steps, last weights",1900,,add_awgn_tensor (per-window power),10.0|0.0|-4.0|-6.0|-8.0,top_mode over 5 noise draws; conc_mean,code/../results/ckpt_cinit/2x2_C007_R31_drsn_s2.pt,3361a66487f7bbcc53a292e3b602315a11810731d091718713d4c7495ec7e458,script sha 47e4a4d0977b3277,,result json,
cinit_2x2::CALL_R11::drsn::s2,cinit_2x2.json,analysis,CWRU,C-2x2 (fixed init: torch.manual_seed(20000+seed) before model construction; init_sha256=484f9519d67187e7) CALL_R11,42,drsn,2,init torch.manual_seed(20000+seed); train torch.manual_seed+np.random.seed(seed); eval noise torch.manual_seed(1000+17*seed+rep),"3000 steps, last weights",1900,,add_awgn_tensor (per-window power),10.0|0.0|-4.0|-6.0|-8.0,top_mode over 5 noise draws; conc_mean,code/../results/ckpt_cinit/2x2_CALL_R11_drsn_s2.pt,bbe23be952ce37b6d755bfd0ab5e8823bbeac482cb2ec251c20220006c7c1753,script sha 47e4a4d0977b3277,,result json,
cinit_2x2::CALL_R31::drsn::s2,cinit_2x2.json,analysis,CWRU,C-2x2 (fixed init: torch.manual_seed(20000+seed) before model construction; init_sha256=484f9519d67187e7) CALL_R31,42,drsn,2,init torch.manual_seed(20000+seed); train torch.manual_seed+np.random.seed(seed); eval noise torch.manual_seed(1000+17*seed+rep),"3000 steps, last weights",1900,,add_awgn_tensor (per-window power),10.0|0.0|-4.0|-6.0|-8.0,top_mode over 5 noise draws; conc_mean,code/../results/ckpt_cinit/2x2_CALL_R31_drsn_s2.pt,78fe55b4233435fa5ec0c7a69f881127a8414f96ba2a941298cb09a371f9c7b2,script sha 47e4a4d0977b3277,,result json,
cinit_2x2::C007_R11::drsn::s3,cinit_2x2.json,analysis,CWRU,C-2x2 (fixed init: torch.manual_seed(20000+seed) before model construction; init_sha256=bf3711df5e97b739) C007_R11,42,drsn,3,init torch.manual_seed(20000+seed); train torch.manual_seed+np.random.seed(seed); eval noise torch.manual_seed(1000+17*seed+rep),"3000 steps, last weights",1900,,add_awgn_tensor (per-window power),10.0|0.0|-4.0|-6.0|-8.0,top_mode over 5 noise draws; conc_mean,code/../results/ckpt_cinit/2x2_C007_R11_drsn_s3.pt,9627fd10d63c2d718eb4a0c3f5c9416cc30c21f53942ca44ab37a78c9a7ab5c1,script sha 47e4a4d0977b3277,,result json,
cinit_2x2::C007_R31::drsn::s3,cinit_2x2.json,analysis,CWRU,C-2x2 (fixed init: torch.manual_seed(20000+seed) before model construction; init_sha256=bf3711df5e97b739) C007_R31,42,drsn,3,init torch.manual_seed(20000+seed); train torch.manual_seed+np.random.seed(seed); eval noise torch.manual_seed(1000+17*seed+rep),"3000 steps, last weights",1900,,add_awgn_tensor (per-window power),10.0|0.0|-4.0|-6.0|-8.0,top_mode over 5 noise draws; conc_mean,code/../results/ckpt_cinit/2x2_C007_R31_drsn_s3.pt,ddcd1bf2559ed57a4142658dfb3765ceb9a0b8c6d1847df06ad9f4cad2b0b302,script sha 47e4a4d0977b3277,,result json,
cinit_2x2::CALL_R11::drsn::s3,cinit_2x2.json,analysis,CWRU,C-2x2 (fixed init: torch.manual_seed(20000+seed) before model construction; init_sha256=bf3711df5e97b739) CALL_R11,42,drsn,3,init torch.manual_seed(20000+seed); train torch.manual_seed+np.random.seed(seed); eval noise torch.manual_seed(1000+17*seed+rep),"3000 steps, last weights",1900,,add_awgn_tensor (per-window power),10.0|0.0|-4.0|-6.0|-8.0,top_mode over 5 noise draws; conc_mean,code/../results/ckpt_cinit/2x2_CALL_R11_drsn_s3.pt,90074232552eee47e52fd498a3a4f57cea0a76a03924419d56d4bd077ba6bb03,script sha 47e4a4d0977b3277,,result json,
cinit_2x2::CALL_R31::drsn::s3,cinit_2x2.json,analysis,CWRU,C-2x2 (fixed init: torch.manual_seed(20000+seed) before model construction; init_sha256=bf3711df5e97b739) CALL_R31,42,drsn,3,init torch.manual_seed(20000+seed); train torch.manual_seed+np.random.seed(seed); eval noise torch.manual_seed(1000+17*seed+rep),"3000 steps, last weights",1900,,add_awgn_tensor (per-window power),10.0|0.0|-4.0|-6.0|-8.0,top_mode over 5 noise draws; conc_mean,code/../results/ckpt_cinit/2x2_CALL_R31_drsn_s3.pt,6b4cf01991b8dd7134ff0babac913eff72f8434c5118c194de0f3b2d7429af5f,script sha 47e4a4d0977b3277,,result json,
cinit_2x2::C007_R11::drsn::s4,cinit_2x2.json,analysis,CWRU,C-2x2 (fixed init: torch.manual_seed(20000+seed) before model construction; init_sha256=e37a5dd7ebe72531) C007_R11,42,drsn,4,init torch.manual_seed(20000+seed); train torch.manual_seed+np.random.seed(seed); eval noise torch.manual_seed(1000+17*seed+rep),"3000 steps, last weights",1900,,add_awgn_tensor (per-window power),10.0|0.0|-4.0|-6.0|-8.0,top_mode over 5 noise draws; conc_mean,code/../results/ckpt_cinit/2x2_C007_R11_drsn_s4.pt,48c0dd2039f19714b5a7dac8df12876085aec07c17287dcde79d6d87198c6a6c,script sha 47e4a4d0977b3277,,result json,
cinit_2x2::C007_R31::drsn::s4,cinit_2x2.json,analysis,CWRU,C-2x2 (fixed init: torch.manual_seed(20000+seed) before model construction; init_sha256=e37a5dd7ebe72531) C007_R31,42,drsn,4,init torch.manual_seed(20000+seed); train torch.manual_seed+np.random.seed(seed); eval noise torch.manual_seed(1000+17*seed+rep),"3000 steps, last weights",1900,,add_awgn_tensor (per-window power),10.0|0.0|-4.0|-6.0|-8.0,top_mode over 5 noise draws; conc_mean,code/../results/ckpt_cinit/2x2_C007_R31_drsn_s4.pt,5738e614af6ec401c7ed5017f5cd775b828bbfd255b6cc14b8302427c440b8de,script sha 47e4a4d0977b3277,,result json,
cinit_2x2::CALL_R11::drsn::s4,cinit_2x2.json,analysis,CWRU,C-2x2 (fixed init: torch.manual_seed(20000+seed) before model construction; init_sha256=e37a5dd7ebe72531) CALL_R11,42,drsn,4,init torch.manual_seed(20000+seed); train torch.manual_seed+np.random.seed(seed); eval noise torch.manual_seed(1000+17*seed+rep),"3000 steps, last weights",1900,,add_awgn_tensor (per-window power),10.0|0.0|-4.0|-6.0|-8.0,top_mode over 5 noise draws; conc_mean,code/../results/ckpt_cinit/2x2_CALL_R11_drsn_s4.pt,0457c7fe2b81ce9578947e9aa42789a5df8fa02cfbcdea4162f2d04f885a0967,script sha 47e4a4d0977b3277,,result json,
cinit_2x2::CALL_R31::drsn::s4,cinit_2x2.json,analysis,CWRU,C-2x2 (fixed init: torch.manual_seed(20000+seed) before model construction; init_sha256=e37a5dd7ebe72531) CALL_R31,42,drsn,4,init torch.manual_seed(20000+seed); train torch.manual_seed+np.random.seed(seed); eval noise torch.manual_seed(1000+17*seed+rep),"3000 steps, last weights",1900,,add_awgn_tensor (per-window power),10.0|0.0|-4.0|-6.0|-8.0,top_mode over 5 noise draws; conc_mean,code/../results/ckpt_cinit/2x2_CALL_R31_drsn_s4.pt,3620a02a6bb3db5d14548abfa40289bb49e4e420f4d2386d7a7fccb93393b9d1,script sha 47e4a4d0977b3277,,result json,
cinit_2x2::C007_R11::lstm::s0,cinit_2x2.json,analysis,CWRU,C-2x2 (fixed init: torch.manual_seed(20000+seed) before model construction; init_sha256=1536a695461d189c) C007_R11,42,lstm,0,init torch.manual_seed(20000+seed); train torch.manual_seed+np.random.seed(seed); eval noise torch.manual_seed(1000+17*seed+rep),"3000 steps, last weights",1900,,add_awgn_tensor (per-window power),10.0|0.0|-4.0|-6.0|-8.0,top_mode over 5 noise draws; conc_mean,code/../results/ckpt_cinit/2x2_C007_R11_lstm_s0.pt,1a1384ea63715abcca2fab604772ebfab6e5fad354cd925f10bf71e6c5d3d304,script sha 47e4a4d0977b3277,,result json,
cinit_2x2::C007_R31::lstm::s0,cinit_2x2.json,analysis,CWRU,C-2x2 (fixed init: torch.manual_seed(20000+seed) before model construction; init_sha256=1536a695461d189c) C007_R31,42,lstm,0,init torch.manual_seed(20000+seed); train torch.manual_seed+np.random.seed(seed); eval noise torch.manual_seed(1000+17*seed+rep),"3000 steps, last weights",1900,,add_awgn_tensor (per-window power),10.0|0.0|-4.0|-6.0|-8.0,top_mode over 5 noise draws; conc_mean,code/../results/ckpt_cinit/2x2_C007_R31_lstm_s0.pt,056f23e818cf6a0834a553a2e72e06e3e5fc034505bf3d5cd165fa218536fbc2,script sha 47e4a4d0977b3277,,result json,
cinit_2x2::CALL_R11::lstm::s0,cinit_2x2.json,analysis,CWRU,C-2x2 (fixed init: torch.manual_seed(20000+seed) before model construction; init_sha256=1536a695461d189c) CALL_R11,42,lstm,0,init torch.manual_seed(20000+seed); train torch.manual_seed+np.random.seed(seed); eval noise torch.manual_seed(1000+17*seed+rep),"3000 steps, last weights",1900,,add_awgn_tensor (per-window power),10.0|0.0|-4.0|-6.0|-8.0,top_mode over 5 noise draws; conc_mean,code/../results/ckpt_cinit/2x2_CALL_R11_lstm_s0.pt,9e7ed55b3a77af91370d53c12524f3baa2374b058fee878de57361c4d195378f,script sha 47e4a4d0977b3277,,result json,
cinit_2x2::CALL_R31::lstm::s0,cinit_2x2.json,analysis,CWRU,C-2x2 (fixed init: torch.manual_seed(20000+seed) before model construction; init_sha256=1536a695461d189c) CALL_R31,42,lstm,0,init torch.manual_seed(20000+seed); train torch.manual_seed+np.random.seed(seed); eval noise torch.manual_seed(1000+17*seed+rep),"3000 steps, last weights",1900,,add_awgn_tensor (per-window power),10.0|0.0|-4.0|-6.0|-8.0,top_mode over 5 noise draws; conc_mean,code/../results/ckpt_cinit/2x2_CALL_R31_lstm_s0.pt,862d5e8aede01b713a10824bfe725b9be03731673b5b4666cc467aeb5ccdcd2c,script sha 47e4a4d0977b3277,,result json,
cinit_2x2::C007_R11::lstm::s1,cinit_2x2.json,analysis,CWRU,C-2x2 (fixed init: torch.manual_seed(20000+seed) before model construction; init_sha256=f658be5150e259c1) C007_R11,42,lstm,1,init torch.manual_seed(20000+seed); train torch.manual_seed+np.random.seed(seed); eval noise torch.manual_seed(1000+17*seed+rep),"3000 steps, last weights",1900,,add_awgn_tensor (per-window power),10.0|0.0|-4.0|-6.0|-8.0,top_mode over 5 noise draws; conc_mean,code/../results/ckpt_cinit/2x2_C007_R11_lstm_s1.pt,16b0ba6b36c73b59fcddcfb3892bbbb7c64723e8762b5085e15c66bc30996d4d,script sha 47e4a4d0977b3277,,result json,
cinit_2x2::C007_R31::lstm::s1,cinit_2x2.json,analysis,CWRU,C-2x2 (fixed init: torch.manual_seed(20000+seed) before model construction; init_sha256=f658be5150e259c1) C007_R31,42,lstm,1,init torch.manual_seed(20000+seed); train torch.manual_seed+np.random.seed(seed); eval noise torch.manual_seed(1000+17*seed+rep),"3000 steps, last weights",1900,,add_awgn_tensor (per-window power),10.0|0.0|-4.0|-6.0|-8.0,top_mode over 5 noise draws; conc_mean,code/../results/ckpt_cinit/2x2_C007_R31_lstm_s1.pt,9e034e58bf24331d090311925ed85fd14a3450368d8f537da535245aceb45bd2,script sha 47e4a4d0977b3277,,result json,
cinit_2x2::CALL_R11::lstm::s1,cinit_2x2.json,analysis,CWRU,C-2x2 (fixed init: torch.manual_seed(20000+seed) before model construction; init_sha256=f658be5150e259c1) CALL_R11,42,lstm,1,init torch.manual_seed(20000+seed); train torch.manual_seed+np.random.seed(seed); eval noise torch.manual_seed(1000+17*seed+rep),"3000 steps, last weights",1900,,add_awgn_tensor (per-window power),10.0|0.0|-4.0|-6.0|-8.0,top_mode over 5 noise draws; conc_mean,code/../results/ckpt_cinit/2x2_CALL_R11_lstm_s1.pt,36c2639048620d15f54272a5b0587ba16037aa88ccd01583c6a3690d5fdb2091,script sha 47e4a4d0977b3277,,result json,
cinit_2x2::CALL_R31::lstm::s1,cinit_2x2.json,analysis,CWRU,C-2x2 (fixed init: torch.manual_seed(20000+seed) before model construction; init_sha256=f658be5150e259c1) CALL_R31,42,lstm,1,init torch.manual_seed(20000+seed); train torch.manual_seed+np.random.seed(seed); eval noise torch.manual_seed(1000+17*seed+rep),"3000 steps, last weights",1900,,add_awgn_tensor (per-window power),10.0|0.0|-4.0|-6.0|-8.0,top_mode over 5 noise draws; conc_mean,code/../results/ckpt_cinit/2x2_CALL_R31_lstm_s1.pt,4c6afbd8dbcfa17885573947a0359b7a55560333e8e44e428638318f9dee7d8f,script sha 47e4a4d0977b3277,,result json,
cinit_2x2::C007_R11::lstm::s2,cinit_2x2.json,analysis,CWRU,C-2x2 (fixed init: torch.manual_seed(20000+seed) before model construction; init_sha256=6df798da86fb7284) C007_R11,42,lstm,2,init torch.manual_seed(20000+seed); train torch.manual_seed+np.random.seed(seed); eval noise torch.manual_seed(1000+17*seed+rep),"3000 steps, last weights",1900,,add_awgn_tensor (per-window power),10.0|0.0|-4.0|-6.0|-8.0,top_mode over 5 noise draws; conc_mean,code/../results/ckpt_cinit/2x2_C007_R11_lstm_s2.pt,bb26249698ecebc5f2a0ce4eb683990e73f19e6e579c06be7de4bbd8d509cdc3,script sha 47e4a4d0977b3277,,result json,
cinit_2x2::C007_R31::lstm::s2,cinit_2x2.json,analysis,CWRU,C-2x2 (fixed init: torch.manual_seed(20000+seed) before model construction; init_sha256=6df798da86fb7284) C007_R31,42,lstm,2,init torch.manual_seed(20000+seed); train torch.manual_seed+np.random.seed(seed); eval noise torch.manual_seed(1000+17*seed+rep),"3000 steps, last weights",1900,,add_awgn_tensor (per-window power),10.0|0.0|-4.0|-6.0|-8.0,top_mode over 5 noise draws; conc_mean,code/../results/ckpt_cinit/2x2_C007_R31_lstm_s2.pt,91e03a42bb52401f296a539e10878d74c54a5530fc7cdaadb1b15fe0c2525b37,script sha 47e4a4d0977b3277,,result json,
cinit_2x2::CALL_R11::lstm::s2,cinit_2x2.json,analysis,CWRU,C-2x2 (fixed init: torch.manual_seed(20000+seed) before model construction; init_sha256=6df798da86fb7284) CALL_R11,42,lstm,2,init torch.manual_seed(20000+seed); train torch.manual_seed+np.random.seed(seed); eval noise torch.manual_seed(1000+17*seed+rep),"3000 steps, last weights",1900,,add_awgn_tensor (per-window power),10.0|0.0|-4.0|-6.0|-8.0,top_mode over 5 noise draws; conc_mean,code/../results/ckpt_cinit/2x2_CALL_R11_lstm_s2.pt,cdda67b6697ec12bba805190a0ff54ac9a6aef8f76d4ae1bb2243f5228c9e682,script sha 47e4a4d0977b3277,,result json,
cinit_2x2::CALL_R31::lstm::s2,cinit_2x2.json,analysis,CWRU,C-2x2 (fixed init: torch.manual_seed(20000+seed) before model construction; init_sha256=6df798da86fb7284) CALL_R31,42,lstm,2,init torch.manual_seed(20000+seed); train torch.manual_seed+np.random.seed(seed); eval noise torch.manual_seed(1000+17*seed+rep),"3000 steps, last weights",1900,,add_awgn_tensor (per-window power),10.0|0.0|-4.0|-6.0|-8.0,top_mode over 5 noise draws; conc_mean,code/../results/ckpt_cinit/2x2_CALL_R31_lstm_s2.pt,d1a0bb7b92eb1a752c4753b382a5c3a50a848babce4263dc76154047d4bf8b3d,script sha 47e4a4d0977b3277,,result json,
cinit_2x2::C007_R11::lstm::s3,cinit_2x2.json,analysis,CWRU,C-2x2 (fixed init: torch.manual_seed(20000+seed) before model construction; init_sha256=b24bc71113b8e028) C007_R11,42,lstm,3,init torch.manual_seed(20000+seed); train torch.manual_seed+np.random.seed(seed); eval noise torch.manual_seed(1000+17*seed+rep),"3000 steps, last weights",1900,,add_awgn_tensor (per-window power),10.0|0.0|-4.0|-6.0|-8.0,top_mode over 5 noise draws; conc_mean,code/../results/ckpt_cinit/2x2_C007_R11_lstm_s3.pt,a3a9e3eeb51b0b3d0e68618e34929abb960a5319ae8ec3d79393ad95af6c6b26,script sha 47e4a4d0977b3277,,result json,
cinit_2x2::C007_R31::lstm::s3,cinit_2x2.json,analysis,CWRU,C-2x2 (fixed init: torch.manual_seed(20000+seed) before model construction; init_sha256=b24bc71113b8e028) C007_R31,42,lstm,3,init torch.manual_seed(20000+seed); train torch.manual_seed+np.random.seed(seed); eval noise torch.manual_seed(1000+17*seed+rep),"3000 steps, last weights",1900,,add_awgn_tensor (per-window power),10.0|0.0|-4.0|-6.0|-8.0,top_mode over 5 noise draws; conc_mean,code/../results/ckpt_cinit/2x2_C007_R31_lstm_s3.pt,a8d81313315c8d2ff63ab81825941883d0eb4db2db81b1dc6ea05d8fb675c845,script sha 47e4a4d0977b3277,,result json,
cinit_2x2::CALL_R11::lstm::s3,cinit_2x2.json,analysis,CWRU,C-2x2 (fixed init: torch.manual_seed(20000+seed) before model construction; init_sha256=b24bc71113b8e028) CALL_R11,42,lstm,3,init torch.manual_seed(20000+seed); train torch.manual_seed+np.random.seed(seed); eval noise torch.manual_seed(1000+17*seed+rep),"3000 steps, last weights",1900,,add_awgn_tensor (per-window power),10.0|0.0|-4.0|-6.0|-8.0,top_mode over 5 noise draws; conc_mean,code/../results/ckpt_cinit/2x2_CALL_R11_lstm_s3.pt,d66af3238d3a6581a3271b6bd50ef65f6694748523e95250e16ce1ff2278322d,script sha 47e4a4d0977b3277,,result json,
cinit_2x2::CALL_R31::lstm::s3,cinit_2x2.json,analysis,CWRU,C-2x2 (fixed init: torch.manual_seed(20000+seed) before model construction; init_sha256=b24bc71113b8e028) CALL_R31,42,lstm,3,init torch.manual_seed(20000+seed); train torch.manual_seed+np.random.seed(seed); eval noise torch.manual_seed(1000+17*seed+rep),"3000 steps, last weights",1900,,add_awgn_tensor (per-window power),10.0|0.0|-4.0|-6.0|-8.0,top_mode over 5 noise draws; conc_mean,code/../results/ckpt_cinit/2x2_CALL_R31_lstm_s3.pt,e0875244728ae02830102cc874f217846421d207e0e84dfe2e78213a3c07da9f,script sha 47e4a4d0977b3277,,result json,
cinit_2x2::C007_R11::lstm::s4,cinit_2x2.json,analysis,CWRU,C-2x2 (fixed init: torch.manual_seed(20000+seed) before model construction; init_sha256=bc6508eb60a2624e) C007_R11,42,lstm,4,init torch.manual_seed(20000+seed); train torch.manual_seed+np.random.seed(seed); eval noise torch.manual_seed(1000+17*seed+rep),"3000 steps, last weights",1900,,add_awgn_tensor (per-window power),10.0|0.0|-4.0|-6.0|-8.0,top_mode over 5 noise draws; conc_mean,code/../results/ckpt_cinit/2x2_C007_R11_lstm_s4.pt,195378007c93ec2ecadece5e957eacf16556dba94dc888e9d4d8298c1e99d8f5,script sha 47e4a4d0977b3277,,result json,
cinit_2x2::C007_R31::lstm::s4,cinit_2x2.json,analysis,CWRU,C-2x2 (fixed init: torch.manual_seed(20000+seed) before model construction; init_sha256=bc6508eb60a2624e) C007_R31,42,lstm,4,init torch.manual_seed(20000+seed); train torch.manual_seed+np.random.seed(seed); eval noise torch.manual_seed(1000+17*seed+rep),"3000 steps, last weights",1900,,add_awgn_tensor (per-window power),10.0|0.0|-4.0|-6.0|-8.0,top_mode over 5 noise draws; conc_mean,code/../results/ckpt_cinit/2x2_C007_R31_lstm_s4.pt,26edfb136e6129e1c92491de13055ac03ad914106dd6324f1beb4f621aec7b58,script sha 47e4a4d0977b3277,,result json,
cinit_2x2::CALL_R11::lstm::s4,cinit_2x2.json,analysis,CWRU,C-2x2 (fixed init: torch.manual_seed(20000+seed) before model construction; init_sha256=bc6508eb60a2624e) CALL_R11,42,lstm,4,init torch.manual_seed(20000+seed); train torch.manual_seed+np.random.seed(seed); eval noise torch.manual_seed(1000+17*seed+rep),"3000 steps, last weights",1900,,add_awgn_tensor (per-window power),10.0|0.0|-4.0|-6.0|-8.0,top_mode over 5 noise draws; conc_mean,code/../results/ckpt_cinit/2x2_CALL_R11_lstm_s4.pt,c701d4ef0e1a74add85a04541d846b785004fdeaa64337e7a8cb9ea19bc03aed,script sha 47e4a4d0977b3277,,result json,
cinit_2x2::CALL_R31::lstm::s4,cinit_2x2.json,analysis,CWRU,C-2x2 (fixed init: torch.manual_seed(20000+seed) before model construction; init_sha256=bc6508eb60a2624e) CALL_R31,42,lstm,4,init torch.manual_seed(20000+seed); train torch.manual_seed+np.random.seed(seed); eval noise torch.manual_seed(1000+17*seed+rep),"3000 steps, last weights",1900,,add_awgn_tensor (per-window power),10.0|0.0|-4.0|-6.0|-8.0,top_mode over 5 noise draws; conc_mean,code/../results/ckpt_cinit/2x2_CALL_R31_lstm_s4.pt,0fc67787b73374386bbab7d290ec14480ca69ebbd81291e9a6116b34b416b902,script sha 47e4a4d0977b3277,,result json,
cinit_e5::S007::d0::wdcnn::s0,cinit_e5.json,analysis,CWRU,C-E5 (fixed init: torch.manual_seed(20000+seed) before model construction; init_sha256=893f0f6091eb8faf) S007::d0,42,wdcnn,0,init torch.manual_seed(20000+seed); train torch.manual_seed+np.random.seed(seed); eval noise torch.manual_seed(1000+17*seed+rep),"3000 steps, last weights",920,,add_awgn_tensor (per-window power),10.0|0.0|-4.0|-6.0|-8.0,top_mode over 5 noise draws; conc_mean,code/../results/ckpt_cinit/e5_S007_d0_wdcnn_s0.pt,43702e2c429fec7682b697dc48cf9dbaedfd05edfe0ea440e1bfd4b744258dc7,script sha 47e4a4d0977b3277,,result json,
cinit_e5::S014::d0::wdcnn::s0,cinit_e5.json,analysis,CWRU,C-E5 (fixed init: torch.manual_seed(20000+seed) before model construction; init_sha256=893f0f6091eb8faf) S014::d0,42,wdcnn,0,init torch.manual_seed(20000+seed); train torch.manual_seed+np.random.seed(seed); eval noise torch.manual_seed(1000+17*seed+rep),"3000 steps, last weights",920,,add_awgn_tensor (per-window power),10.0|0.0|-4.0|-6.0|-8.0,top_mode over 5 noise draws; conc_mean,code/../results/ckpt_cinit/e5_S014_d0_wdcnn_s0.pt,1b682dd4ab4a2bd75d8411deee6b34bf1d57723a7370f896fde9af4f3f253a3a,script sha 47e4a4d0977b3277,,result json,
cinit_e5::S021::d0::wdcnn::s0,cinit_e5.json,analysis,CWRU,C-E5 (fixed init: torch.manual_seed(20000+seed) before model construction; init_sha256=893f0f6091eb8faf) S021::d0,42,wdcnn,0,init torch.manual_seed(20000+seed); train torch.manual_seed+np.random.seed(seed); eval noise torch.manual_seed(1000+17*seed+rep),"3000 steps, last weights",920,,add_awgn_tensor (per-window power),10.0|0.0|-4.0|-6.0|-8.0,top_mode over 5 noise draws; conc_mean,code/../results/ckpt_cinit/e5_S021_d0_wdcnn_s0.pt,2d692dc0d795acba79e81ac98d05fa7c4f27b8a3b5b61fa90a2f48e05e4344cd,script sha 47e4a4d0977b3277,,result json,
cinit_e5::S007+014::d0::wdcnn::s0,cinit_e5.json,analysis,CWRU,C-E5 (fixed init: torch.manual_seed(20000+seed) before model construction; init_sha256=893f0f6091eb8faf) S007+014::d0,42,wdcnn,0,init torch.manual_seed(20000+seed); train torch.manual_seed+np.random.seed(seed); eval noise torch.manual_seed(1000+17*seed+rep),"3000 steps, last weights",920,,add_awgn_tensor (per-window power),10.0|0.0|-4.0|-6.0|-8.0,top_mode over 5 noise draws; conc_mean,code/../results/ckpt_cinit/e5_S007+014_d0_wdcnn_s0.pt,171e9cb406c6ad9d4ae7b7be9cecfb3b7bb9ea7710313e942f87aa9c4c7e7dfd,script sha 47e4a4d0977b3277,,result json,
cinit_e5::S007+021::d0::wdcnn::s0,cinit_e5.json,analysis,CWRU,C-E5 (fixed init: torch.manual_seed(20000+seed) before model construction; init_sha256=893f0f6091eb8faf) S007+021::d0,42,wdcnn,0,init torch.manual_seed(20000+seed); train torch.manual_seed+np.random.seed(seed); eval noise torch.manual_seed(1000+17*seed+rep),"3000 steps, last weights",920,,add_awgn_tensor (per-window power),10.0|0.0|-4.0|-6.0|-8.0,top_mode over 5 noise draws; conc_mean,code/../results/ckpt_cinit/e5_S007+021_d0_wdcnn_s0.pt,010c898cbc844ba5a39b0e3fe57fa700a0456d671d6b44a446362d1af287c897,script sha 47e4a4d0977b3277,,result json,
cinit_e5::S014+021::d0::wdcnn::s0,cinit_e5.json,analysis,CWRU,C-E5 (fixed init: torch.manual_seed(20000+seed) before model construction; init_sha256=893f0f6091eb8faf) S014+021::d0,42,wdcnn,0,init torch.manual_seed(20000+seed); train torch.manual_seed+np.random.seed(seed); eval noise torch.manual_seed(1000+17*seed+rep),"3000 steps, last weights",920,,add_awgn_tensor (per-window power),10.0|0.0|-4.0|-6.0|-8.0,top_mode over 5 noise draws; conc_mean,code/../results/ckpt_cinit/e5_S014+021_d0_wdcnn_s0.pt,7d05b9906cadb60f53c0c910ae885a5ae1327ae70bcf5b94b685c8037148a9c1,script sha 47e4a4d0977b3277,,result json,
cinit_e5::S_ALL::d0::wdcnn::s0,cinit_e5.json,analysis,CWRU,C-E5 (fixed init: torch.manual_seed(20000+seed) before model construction; init_sha256=893f0f6091eb8faf) S_ALL::d0,42,wdcnn,0,init torch.manual_seed(20000+seed); train torch.manual_seed+np.random.seed(seed); eval noise torch.manual_seed(1000+17*seed+rep),"3000 steps, last weights",920,,add_awgn_tensor (per-window power),10.0|0.0|-4.0|-6.0|-8.0,top_mode over 5 noise draws; conc_mean,code/../results/ckpt_cinit/e5_S_ALL_d0_wdcnn_s0.pt,255030d31fd8122d2e81c78719219df6f292b24f3a90336405e6d0832d7fb742,script sha 47e4a4d0977b3277,,result json,
cinit_e5::S007::d1::wdcnn::s0,cinit_e5.json,analysis,CWRU,C-E5 (fixed init: torch.manual_seed(20000+seed) before model construction; init_sha256=893f0f6091eb8faf) S007::d1,42,wdcnn,0,init torch.manual_seed(20000+seed); train torch.manual_seed+np.random.seed(seed); eval noise torch.manual_seed(1000+17*seed+rep),"3000 steps, last weights",920,,add_awgn_tensor (per-window power),10.0|0.0|-4.0|-6.0|-8.0,top_mode over 5 noise draws; conc_mean,code/../results/ckpt_cinit/e5_S007_d1_wdcnn_s0.pt,e3090d220100b51438833cd8f232ddcb99507b3d6e2feb6b9f2a9fe0689ccc3f,script sha 47e4a4d0977b3277,,result json,
cinit_e5::S014::d1::wdcnn::s0,cinit_e5.json,analysis,CWRU,C-E5 (fixed init: torch.manual_seed(20000+seed) before model construction; init_sha256=893f0f6091eb8faf) S014::d1,42,wdcnn,0,init torch.manual_seed(20000+seed); train torch.manual_seed+np.random.seed(seed); eval noise torch.manual_seed(1000+17*seed+rep),"3000 steps, last weights",920,,add_awgn_tensor (per-window power),10.0|0.0|-4.0|-6.0|-8.0,top_mode over 5 noise draws; conc_mean,code/../results/ckpt_cinit/e5_S014_d1_wdcnn_s0.pt,d13aa088efa90560ec647f4f0ee715e696d5d4853683950e474fe87252537890,script sha 47e4a4d0977b3277,,result json,
cinit_e5::S021::d1::wdcnn::s0,cinit_e5.json,analysis,CWRU,C-E5 (fixed init: torch.manual_seed(20000+seed) before model construction; init_sha256=893f0f6091eb8faf) S021::d1,42,wdcnn,0,init torch.manual_seed(20000+seed); train torch.manual_seed+np.random.seed(seed); eval noise torch.manual_seed(1000+17*seed+rep),"3000 steps, last weights",920,,add_awgn_tensor (per-window power),10.0|0.0|-4.0|-6.0|-8.0,top_mode over 5 noise draws; conc_mean,code/../results/ckpt_cinit/e5_S021_d1_wdcnn_s0.pt,ff20e262ea9aa9a6577f4a80dcb4d044f531a1d390ad41d2596660beefbb9a67,script sha 47e4a4d0977b3277,,result json,
cinit_e5::S007+014::d1::wdcnn::s0,cinit_e5.json,analysis,CWRU,C-E5 (fixed init: torch.manual_seed(20000+seed) before model construction; init_sha256=893f0f6091eb8faf) S007+014::d1,42,wdcnn,0,init torch.manual_seed(20000+seed); train torch.manual_seed+np.random.seed(seed); eval noise torch.manual_seed(1000+17*seed+rep),"3000 steps, last weights",920,,add_awgn_tensor (per-window power),10.0|0.0|-4.0|-6.0|-8.0,top_mode over 5 noise draws; conc_mean,code/../results/ckpt_cinit/e5_S007+014_d1_wdcnn_s0.pt,2ba3df39ec68840e0cd88fbe1744a19ab795c951ccdd42721187ea3bf0f0ca44,script sha 47e4a4d0977b3277,,result json,
cinit_e5::S007+021::d1::wdcnn::s0,cinit_e5.json,analysis,CWRU,C-E5 (fixed init: torch.manual_seed(20000+seed) before model construction; init_sha256=893f0f6091eb8faf) S007+021::d1,42,wdcnn,0,init torch.manual_seed(20000+seed); train torch.manual_seed+np.random.seed(seed); eval noise torch.manual_seed(1000+17*seed+rep),"3000 steps, last weights",920,,add_awgn_tensor (per-window power),10.0|0.0|-4.0|-6.0|-8.0,top_mode over 5 noise draws; conc_mean,code/../results/ckpt_cinit/e5_S007+021_d1_wdcnn_s0.pt,0bcfc5ad402e0b35037f7b6da3695cec9cb9a3ea075e41c372ec4f1dc6660a8a,script sha 47e4a4d0977b3277,,result json,
cinit_e5::S014+021::d1::wdcnn::s0,cinit_e5.json,analysis,CWRU,C-E5 (fixed init: torch.manual_seed(20000+seed) before model construction; init_sha256=893f0f6091eb8faf) S014+021::d1,42,wdcnn,0,init torch.manual_seed(20000+seed); train torch.manual_seed+np.random.seed(seed); eval noise torch.manual_seed(1000+17*seed+rep),"3000 steps, last weights",920,,add_awgn_tensor (per-window power),10.0|0.0|-4.0|-6.0|-8.0,top_mode over 5 noise draws; conc_mean,code/../results/ckpt_cinit/e5_S014+021_d1_wdcnn_s0.pt,9dd2656df196fead75a25d8a47d90dd2c2f80a4545e2e10af7a4e3cb4003d070,script sha 47e4a4d0977b3277,,result json,
cinit_e5::S_ALL::d1::wdcnn::s0,cinit_e5.json,analysis,CWRU,C-E5 (fixed init: torch.manual_seed(20000+seed) before model construction; init_sha256=893f0f6091eb8faf) S_ALL::d1,42,wdcnn,0,init torch.manual_seed(20000+seed); train torch.manual_seed+np.random.seed(seed); eval noise torch.manual_seed(1000+17*seed+rep),"3000 steps, last weights",920,,add_awgn_tensor (per-window power),10.0|0.0|-4.0|-6.0|-8.0,top_mode over 5 noise draws; conc_mean,code/../results/ckpt_cinit/e5_S_ALL_d1_wdcnn_s0.pt,cb08194285e881bd9863c0253c09a2ce03683c4c7fcda9e038e69755febc40af,script sha 47e4a4d0977b3277,,result json,
cinit_e5::S007::d2::wdcnn::s0,cinit_e5.json,analysis,CWRU,C-E5 (fixed init: torch.manual_seed(20000+seed) before model construction; init_sha256=893f0f6091eb8faf) S007::d2,42,wdcnn,0,init torch.manual_seed(20000+seed); train torch.manual_seed+np.random.seed(seed); eval noise torch.manual_seed(1000+17*seed+rep),"3000 steps, last weights",920,,add_awgn_tensor (per-window power),10.0|0.0|-4.0|-6.0|-8.0,top_mode over 5 noise draws; conc_mean,code/../results/ckpt_cinit/e5_S007_d2_wdcnn_s0.pt,cf807ce93de4e6645ee55318e1cbb157909b53db9f5cf121d5f0c59d70084e26,script sha 47e4a4d0977b3277,,result json,
cinit_e5::S014::d2::wdcnn::s0,cinit_e5.json,analysis,CWRU,C-E5 (fixed init: torch.manual_seed(20000+seed) before model construction; init_sha256=893f0f6091eb8faf) S014::d2,42,wdcnn,0,init torch.manual_seed(20000+seed); train torch.manual_seed+np.random.seed(seed); eval noise torch.manual_seed(1000+17*seed+rep),"3000 steps, last weights",920,,add_awgn_tensor (per-window power),10.0|0.0|-4.0|-6.0|-8.0,top_mode over 5 noise draws; conc_mean,code/../results/ckpt_cinit/e5_S014_d2_wdcnn_s0.pt,0a3d0feab69eaef07522aa9ef3ca6e09ac250bd991d708865b5a1a0ace112c33,script sha 47e4a4d0977b3277,,result json,
cinit_e5::S021::d2::wdcnn::s0,cinit_e5.json,analysis,CWRU,C-E5 (fixed init: torch.manual_seed(20000+seed) before model construction; init_sha256=893f0f6091eb8faf) S021::d2,42,wdcnn,0,init torch.manual_seed(20000+seed); train torch.manual_seed+np.random.seed(seed); eval noise torch.manual_seed(1000+17*seed+rep),"3000 steps, last weights",920,,add_awgn_tensor (per-window power),10.0|0.0|-4.0|-6.0|-8.0,top_mode over 5 noise draws; conc_mean,code/../results/ckpt_cinit/e5_S021_d2_wdcnn_s0.pt,d733b46b964b7cf724c1642839bb426c2c672d28ae19bc8afc7e6f4417e30ded,script sha 47e4a4d0977b3277,,result json,
cinit_e5::S007+014::d2::wdcnn::s0,cinit_e5.json,analysis,CWRU,C-E5 (fixed init: torch.manual_seed(20000+seed) before model construction; init_sha256=893f0f6091eb8faf) S007+014::d2,42,wdcnn,0,init torch.manual_seed(20000+seed); train torch.manual_seed+np.random.seed(seed); eval noise torch.manual_seed(1000+17*seed+rep),"3000 steps, last weights",920,,add_awgn_tensor (per-window power),10.0|0.0|-4.0|-6.0|-8.0,top_mode over 5 noise draws; conc_mean,code/../results/ckpt_cinit/e5_S007+014_d2_wdcnn_s0.pt,a193c41de73708262a9da9336718cf63687baabd269d15f0de60866a68337395,script sha 47e4a4d0977b3277,,result json,
cinit_e5::S007+021::d2::wdcnn::s0,cinit_e5.json,analysis,CWRU,C-E5 (fixed init: torch.manual_seed(20000+seed) before model construction; init_sha256=893f0f6091eb8faf) S007+021::d2,42,wdcnn,0,init torch.manual_seed(20000+seed); train torch.manual_seed+np.random.seed(seed); eval noise torch.manual_seed(1000+17*seed+rep),"3000 steps, last weights",920,,add_awgn_tensor (per-window power),10.0|0.0|-4.0|-6.0|-8.0,top_mode over 5 noise draws; conc_mean,code/../results/ckpt_cinit/e5_S007+021_d2_wdcnn_s0.pt,5e1aeffdcfb3fc31726e2ed92a4d2840b82f490c58052184ed0e120294823b58,script sha 47e4a4d0977b3277,,result json,
cinit_e5::S014+021::d2::wdcnn::s0,cinit_e5.json,analysis,CWRU,C-E5 (fixed init: torch.manual_seed(20000+seed) before model construction; init_sha256=893f0f6091eb8faf) S014+021::d2,42,wdcnn,0,init torch.manual_seed(20000+seed); train torch.manual_seed+np.random.seed(seed); eval noise torch.manual_seed(1000+17*seed+rep),"3000 steps, last weights",920,,add_awgn_tensor (per-window power),10.0|0.0|-4.0|-6.0|-8.0,top_mode over 5 noise draws; conc_mean,code/../results/ckpt_cinit/e5_S014+021_d2_wdcnn_s0.pt,a53c638b767b236a7a36d300adc9ec4c53f203012a73885e88a2bd479507d27f,script sha 47e4a4d0977b3277,,result json,
cinit_e5::S_ALL::d2::wdcnn::s0,cinit_e5.json,analysis,CWRU,C-E5 (fixed init: torch.manual_seed(20000+seed) before model construction; init_sha256=893f0f6091eb8faf) S_ALL::d2,42,wdcnn,0,init torch.manual_seed(20000+seed); train torch.manual_seed+np.random.seed(seed); eval noise torch.manual_seed(1000+17*seed+rep),"3000 steps, last weights",920,,add_awgn_tensor (per-window power),10.0|0.0|-4.0|-6.0|-8.0,top_mode over 5 noise draws; conc_mean,code/../results/ckpt_cinit/e5_S_ALL_d2_wdcnn_s0.pt,30dce352751dc5937a22af6c63be24b8e4426aeea5b76ce9ac1e292f8069aead,script sha 47e4a4d0977b3277,,result json,
cinit_e5::S007::d0::wdcnn::s1,cinit_e5.json,analysis,CWRU,C-E5 (fixed init: torch.manual_seed(20000+seed) before model construction; init_sha256=49d10de4f058c74d) S007::d0,42,wdcnn,1,init torch.manual_seed(20000+seed); train torch.manual_seed+np.random.seed(seed); eval noise torch.manual_seed(1000+17*seed+rep),"3000 steps, last weights",920,,add_awgn_tensor (per-window power),10.0|0.0|-4.0|-6.0|-8.0,top_mode over 5 noise draws; conc_mean,code/../results/ckpt_cinit/e5_S007_d0_wdcnn_s1.pt,abc3891d53a5fbe4f7dcde547dfc2fc6ac2f83bd2f9f3d9331893590a462084d,script sha 47e4a4d0977b3277,,result json,
cinit_e5::S014::d0::wdcnn::s1,cinit_e5.json,analysis,CWRU,C-E5 (fixed init: torch.manual_seed(20000+seed) before model construction; init_sha256=49d10de4f058c74d) S014::d0,42,wdcnn,1,init torch.manual_seed(20000+seed); train torch.manual_seed+np.random.seed(seed); eval noise torch.manual_seed(1000+17*seed+rep),"3000 steps, last weights",920,,add_awgn_tensor (per-window power),10.0|0.0|-4.0|-6.0|-8.0,top_mode over 5 noise draws; conc_mean,code/../results/ckpt_cinit/e5_S014_d0_wdcnn_s1.pt,9a084a0fc6eb622747b2e6ac4566cb5256a9d8066d3e932c569b30fcffafe4e1,script sha 47e4a4d0977b3277,,result json,
cinit_e5::S021::d0::wdcnn::s1,cinit_e5.json,analysis,CWRU,C-E5 (fixed init: torch.manual_seed(20000+seed) before model construction; init_sha256=49d10de4f058c74d) S021::d0,42,wdcnn,1,init torch.manual_seed(20000+seed); train torch.manual_seed+np.random.seed(seed); eval noise torch.manual_seed(1000+17*seed+rep),"3000 steps, last weights",920,,add_awgn_tensor (per-window power),10.0|0.0|-4.0|-6.0|-8.0,top_mode over 5 noise draws; conc_mean,code/../results/ckpt_cinit/e5_S021_d0_wdcnn_s1.pt,ae71671c86028de227d7c6de041b2bcf30a6a7e77f579e47677b9c2cd1615f50,script sha 47e4a4d0977b3277,,result json,
cinit_e5::S007+014::d0::wdcnn::s1,cinit_e5.json,analysis,CWRU,C-E5 (fixed init: torch.manual_seed(20000+seed) before model construction; init_sha256=49d10de4f058c74d) S007+014::d0,42,wdcnn,1,init torch.manual_seed(20000+seed); train torch.manual_seed+np.random.seed(seed); eval noise torch.manual_seed(1000+17*seed+rep),"3000 steps, last weights",920,,add_awgn_tensor (per-window power),10.0|0.0|-4.0|-6.0|-8.0,top_mode over 5 noise draws; conc_mean,code/../results/ckpt_cinit/e5_S007+014_d0_wdcnn_s1.pt,1a8f29300f4a76ca148f8dbec93a015acb0098f616d59f3e7bccdba8949c4e8f,script sha 47e4a4d0977b3277,,result json,
cinit_e5::S007+021::d0::wdcnn::s1,cinit_e5.json,analysis,CWRU,C-E5 (fixed init: torch.manual_seed(20000+seed) before model construction; init_sha256=49d10de4f058c74d) S007+021::d0,42,wdcnn,1,init torch.manual_seed(20000+seed); train torch.manual_seed+np.random.seed(seed); eval noise torch.manual_seed(1000+17*seed+rep),"3000 steps, last weights",920,,add_awgn_tensor (per-window power),10.0|0.0|-4.0|-6.0|-8.0,top_mode over 5 noise draws; conc_mean,code/../results/ckpt_cinit/e5_S007+021_d0_wdcnn_s1.pt,c6d02c3851015dbd37916f54e3c99ee56d1cf7bec4eb24e45e27954d87f02cd4,script sha 47e4a4d0977b3277,,result json,
cinit_e5::S014+021::d0::wdcnn::s1,cinit_e5.json,analysis,CWRU,C-E5 (fixed init: torch.manual_seed(20000+seed) before model construction; init_sha256=49d10de4f058c74d) S014+021::d0,42,wdcnn,1,init torch.manual_seed(20000+seed); train torch.manual_seed+np.random.seed(seed); eval noise torch.manual_seed(1000+17*seed+rep),"3000 steps, last weights",920,,add_awgn_tensor (per-window power),10.0|0.0|-4.0|-6.0|-8.0,top_mode over 5 noise draws; conc_mean,code/../results/ckpt_cinit/e5_S014+021_d0_wdcnn_s1.pt,45e588c0674d9768d2251f965e460ccedd5dc5f4e5e75d5b92955c698200adb5,script sha 47e4a4d0977b3277,,result json,
cinit_e5::S_ALL::d0::wdcnn::s1,cinit_e5.json,analysis,CWRU,C-E5 (fixed init: torch.manual_seed(20000+seed) before model construction; init_sha256=49d10de4f058c74d) S_ALL::d0,42,wdcnn,1,init torch.manual_seed(20000+seed); train torch.manual_seed+np.random.seed(seed); eval noise torch.manual_seed(1000+17*seed+rep),"3000 steps, last weights",920,,add_awgn_tensor (per-window power),10.0|0.0|-4.0|-6.0|-8.0,top_mode over 5 noise draws; conc_mean,code/../results/ckpt_cinit/e5_S_ALL_d0_wdcnn_s1.pt,44289fd5f07b0d8dd8e22d638a16c8b99fa5935c517140780f2e2199732219a4,script sha 47e4a4d0977b3277,,result json,
cinit_e5::S007::d1::wdcnn::s1,cinit_e5.json,analysis,CWRU,C-E5 (fixed init: torch.manual_seed(20000+seed) before model construction; init_sha256=49d10de4f058c74d) S007::d1,42,wdcnn,1,init torch.manual_seed(20000+seed); train torch.manual_seed+np.random.seed(seed); eval noise torch.manual_seed(1000+17*seed+rep),"3000 steps, last weights",920,,add_awgn_tensor (per-window power),10.0|0.0|-4.0|-6.0|-8.0,top_mode over 5 noise draws; conc_mean,code/../results/ckpt_cinit/e5_S007_d1_wdcnn_s1.pt,5cb0a837ca226981d0fe4abe373386faaf8169af50792478c466c285b5cb2485,script sha 47e4a4d0977b3277,,result json,
cinit_e5::S014::d1::wdcnn::s1,cinit_e5.json,analysis,CWRU,C-E5 (fixed init: torch.manual_seed(20000+seed) before model construction; init_sha256=49d10de4f058c74d) S014::d1,42,wdcnn,1,init torch.manual_seed(20000+seed); train torch.manual_seed+np.random.seed(seed); eval noise torch.manual_seed(1000+17*seed+rep),"3000 steps, last weights",920,,add_awgn_tensor (per-window power),10.0|0.0|-4.0|-6.0|-8.0,top_mode over 5 noise draws; conc_mean,code/../results/ckpt_cinit/e5_S014_d1_wdcnn_s1.pt,17670ec56b226a8073c59c8c9e0c7f13796708d241171348c78dc157b57a4151,script sha 47e4a4d0977b3277,,result json,
cinit_e5::S021::d1::wdcnn::s1,cinit_e5.json,analysis,CWRU,C-E5 (fixed init: torch.manual_seed(20000+seed) before model construction; init_sha256=49d10de4f058c74d) S021::d1,42,wdcnn,1,init torch.manual_seed(20000+seed); train torch.manual_seed+np.random.seed(seed); eval noise torch.manual_seed(1000+17*seed+rep),"3000 steps, last weights",920,,add_awgn_tensor (per-window power),10.0|0.0|-4.0|-6.0|-8.0,top_mode over 5 noise draws; conc_mean,code/../results/ckpt_cinit/e5_S021_d1_wdcnn_s1.pt,b11961af20ece6cadbbb92ce98f9eeb366653f94db0415752658ee3d534d5d98,script sha 47e4a4d0977b3277,,result json,
cinit_e5::S007+014::d1::wdcnn::s1,cinit_e5.json,analysis,CWRU,C-E5 (fixed init: torch.manual_seed(20000+seed) before model construction; init_sha256=49d10de4f058c74d) S007+014::d1,42,wdcnn,1,init torch.manual_seed(20000+seed); train torch.manual_seed+np.random.seed(seed); eval noise torch.manual_seed(1000+17*seed+rep),"3000 steps, last weights",920,,add_awgn_tensor (per-window power),10.0|0.0|-4.0|-6.0|-8.0,top_mode over 5 noise draws; conc_mean,code/../results/ckpt_cinit/e5_S007+014_d1_wdcnn_s1.pt,31e5d4119b81a86e12863bd435cc50e26db6b08e18257834c17cf87900405b3d,script sha 47e4a4d0977b3277,,result json,
cinit_e5::S007+021::d1::wdcnn::s1,cinit_e5.json,analysis,CWRU,C-E5 (fixed init: torch.manual_seed(20000+seed) before model construction; init_sha256=49d10de4f058c74d) S007+021::d1,42,wdcnn,1,init torch.manual_seed(20000+seed); train torch.manual_seed+np.random.seed(seed); eval noise torch.manual_seed(1000+17*seed+rep),"3000 steps, last weights",920,,add_awgn_tensor (per-window power),10.0|0.0|-4.0|-6.0|-8.0,top_mode over 5 noise draws; conc_mean,code/../results/ckpt_cinit/e5_S007+021_d1_wdcnn_s1.pt,bab395ffbe1f3a0326d313b5e4928ac6494b7919c77ee5ed1e238018d62459a4,script sha 47e4a4d0977b3277,,result json,
cinit_e5::S014+021::d1::wdcnn::s1,cinit_e5.json,analysis,CWRU,C-E5 (fixed init: torch.manual_seed(20000+seed) before model construction; init_sha256=49d10de4f058c74d) S014+021::d1,42,wdcnn,1,init torch.manual_seed(20000+seed); train torch.manual_seed+np.random.seed(seed); eval noise torch.manual_seed(1000+17*seed+rep),"3000 steps, last weights",920,,add_awgn_tensor (per-window power),10.0|0.0|-4.0|-6.0|-8.0,top_mode over 5 noise draws; conc_mean,code/../results/ckpt_cinit/e5_S014+021_d1_wdcnn_s1.pt,51f830fc53a406dcf30d2bed016a3e115478ee46e44e6d575fa92e5a7b347d3f,script sha 47e4a4d0977b3277,,result json,
cinit_e5::S_ALL::d1::wdcnn::s1,cinit_e5.json,analysis,CWRU,C-E5 (fixed init: torch.manual_seed(20000+seed) before model construction; init_sha256=49d10de4f058c74d) S_ALL::d1,42,wdcnn,1,init torch.manual_seed(20000+seed); train torch.manual_seed+np.random.seed(seed); eval noise torch.manual_seed(1000+17*seed+rep),"3000 steps, last weights",920,,add_awgn_tensor (per-window power),10.0|0.0|-4.0|-6.0|-8.0,top_mode over 5 noise draws; conc_mean,code/../results/ckpt_cinit/e5_S_ALL_d1_wdcnn_s1.pt,4f13b2e7111bf3f017b1f8822f8330bf95afd871ec1278ebef8b0a1e682ebecf,script sha 47e4a4d0977b3277,,result json,
cinit_e5::S007::d2::wdcnn::s1,cinit_e5.json,analysis,CWRU,C-E5 (fixed init: torch.manual_seed(20000+seed) before model construction; init_sha256=49d10de4f058c74d) S007::d2,42,wdcnn,1,init torch.manual_seed(20000+seed); train torch.manual_seed+np.random.seed(seed); eval noise torch.manual_seed(1000+17*seed+rep),"3000 steps, last weights",920,,add_awgn_tensor (per-window power),10.0|0.0|-4.0|-6.0|-8.0,top_mode over 5 noise draws; conc_mean,code/../results/ckpt_cinit/e5_S007_d2_wdcnn_s1.pt,7d698dbba7088651a4a09e4193d6bcd5f354d1c3d78aa6ca0692a92eb85b2a9a,script sha 47e4a4d0977b3277,,result json,
cinit_e5::S014::d2::wdcnn::s1,cinit_e5.json,analysis,CWRU,C-E5 (fixed init: torch.manual_seed(20000+seed) before model construction; init_sha256=49d10de4f058c74d) S014::d2,42,wdcnn,1,init torch.manual_seed(20000+seed); train torch.manual_seed+np.random.seed(seed); eval noise torch.manual_seed(1000+17*seed+rep),"3000 steps, last weights",920,,add_awgn_tensor (per-window power),10.0|0.0|-4.0|-6.0|-8.0,top_mode over 5 noise draws; conc_mean,code/../results/ckpt_cinit/e5_S014_d2_wdcnn_s1.pt,ec05e5d05450c67c2955540ace1ed74967411ed0480c08d85902c9b8d7013e54,script sha 47e4a4d0977b3277,,result json,
cinit_e5::S021::d2::wdcnn::s1,cinit_e5.json,analysis,CWRU,C-E5 (fixed init: torch.manual_seed(20000+seed) before model construction; init_sha256=49d10de4f058c74d) S021::d2,42,wdcnn,1,init torch.manual_seed(20000+seed); train torch.manual_seed+np.random.seed(seed); eval noise torch.manual_seed(1000+17*seed+rep),"3000 steps, last weights",920,,add_awgn_tensor (per-window power),10.0|0.0|-4.0|-6.0|-8.0,top_mode over 5 noise draws; conc_mean,code/../results/ckpt_cinit/e5_S021_d2_wdcnn_s1.pt,18abbc10bb8301e00a45865740bd78e53ed848c2e410803f6828a1bcc1de6a9d,script sha 47e4a4d0977b3277,,result json,
cinit_e5::S007+014::d2::wdcnn::s1,cinit_e5.json,analysis,CWRU,C-E5 (fixed init: torch.manual_seed(20000+seed) before model construction; init_sha256=49d10de4f058c74d) S007+014::d2,42,wdcnn,1,init torch.manual_seed(20000+seed); train torch.manual_seed+np.random.seed(seed); eval noise torch.manual_seed(1000+17*seed+rep),"3000 steps, last weights",920,,add_awgn_tensor (per-window power),10.0|0.0|-4.0|-6.0|-8.0,top_mode over 5 noise draws; conc_mean,code/../results/ckpt_cinit/e5_S007+014_d2_wdcnn_s1.pt,20a404ff10ec3490f36a3962f9dce7704ab41dcc1b6978376e8faaa46df668c7,script sha 47e4a4d0977b3277,,result json,
cinit_e5::S007+021::d2::wdcnn::s1,cinit_e5.json,analysis,CWRU,C-E5 (fixed init: torch.manual_seed(20000+seed) before model construction; init_sha256=49d10de4f058c74d) S007+021::d2,42,wdcnn,1,init torch.manual_seed(20000+seed); train torch.manual_seed+np.random.seed(seed); eval noise torch.manual_seed(1000+17*seed+rep),"3000 steps, last weights",920,,add_awgn_tensor (per-window power),10.0|0.0|-4.0|-6.0|-8.0,top_mode over 5 noise draws; conc_mean,code/../results/ckpt_cinit/e5_S007+021_d2_wdcnn_s1.pt,f1fcb044243301f038d70fc2e4cb68fac852bd3e9f402edbff0989c53eb898ff,script sha 47e4a4d0977b3277,,result json,
cinit_e5::S014+021::d2::wdcnn::s1,cinit_e5.json,analysis,CWRU,C-E5 (fixed init: torch.manual_seed(20000+seed) before model construction; init_sha256=49d10de4f058c74d) S014+021::d2,42,wdcnn,1,init torch.manual_seed(20000+seed); train torch.manual_seed+np.random.seed(seed); eval noise torch.manual_seed(1000+17*seed+rep),"3000 steps, last weights",920,,add_awgn_tensor (per-window power),10.0|0.0|-4.0|-6.0|-8.0,top_mode over 5 noise draws; conc_mean,code/../results/ckpt_cinit/e5_S014+021_d2_wdcnn_s1.pt,c11f8895d3eb87af12b3670a496ec7bace7903748efbbd0518bd3e3b32542fa4,script sha 47e4a4d0977b3277,,result json,
cinit_e5::S_ALL::d2::wdcnn::s1,cinit_e5.json,analysis,CWRU,C-E5 (fixed init: torch.manual_seed(20000+seed) before model construction; init_sha256=49d10de4f058c74d) S_ALL::d2,42,wdcnn,1,init torch.manual_seed(20000+seed); train torch.manual_seed+np.random.seed(seed); eval noise torch.manual_seed(1000+17*seed+rep),"3000 steps, last weights",920,,add_awgn_tensor (per-window power),10.0|0.0|-4.0|-6.0|-8.0,top_mode over 5 noise draws; conc_mean,code/../results/ckpt_cinit/e5_S_ALL_d2_wdcnn_s1.pt,bd5d53d68acd6bfb14ff364a09ba1b0d759ace3c5b903edd07ff9eb25ff3979d,script sha 47e4a4d0977b3277,,result json,
cinit_e5::S007::d0::wdcnn::s2,cinit_e5.json,analysis,CWRU,C-E5 (fixed init: torch.manual_seed(20000+seed) before model construction; init_sha256=7e184c33c22eebb7) S007::d0,42,wdcnn,2,init torch.manual_seed(20000+seed); train torch.manual_seed+np.random.seed(seed); eval noise torch.manual_seed(1000+17*seed+rep),"3000 steps, last weights",920,,add_awgn_tensor (per-window power),10.0|0.0|-4.0|-6.0|-8.0,top_mode over 5 noise draws; conc_mean,code/../results/ckpt_cinit/e5_S007_d0_wdcnn_s2.pt,cfa0a03d0eaa819e053642079de399b350eb42299ed2f2e162aa93a9cfa62870,script sha 47e4a4d0977b3277,,result json,
cinit_e5::S014::d0::wdcnn::s2,cinit_e5.json,analysis,CWRU,C-E5 (fixed init: torch.manual_seed(20000+seed) before model construction; init_sha256=7e184c33c22eebb7) S014::d0,42,wdcnn,2,init torch.manual_seed(20000+seed); train torch.manual_seed+np.random.seed(seed); eval noise torch.manual_seed(1000+17*seed+rep),"3000 steps, last weights",920,,add_awgn_tensor (per-window power),10.0|0.0|-4.0|-6.0|-8.0,top_mode over 5 noise draws; conc_mean,code/../results/ckpt_cinit/e5_S014_d0_wdcnn_s2.pt,ef4019e2e5f5af6d494c5795182db12dfdf5697194ac81a52c3f4cb815b3ba01,script sha 47e4a4d0977b3277,,result json,
cinit_e5::S021::d0::wdcnn::s2,cinit_e5.json,analysis,CWRU,C-E5 (fixed init: torch.manual_seed(20000+seed) before model construction; init_sha256=7e184c33c22eebb7) S021::d0,42,wdcnn,2,init torch.manual_seed(20000+seed); train torch.manual_seed+np.random.seed(seed); eval noise torch.manual_seed(1000+17*seed+rep),"3000 steps, last weights",920,,add_awgn_tensor (per-window power),10.0|0.0|-4.0|-6.0|-8.0,top_mode over 5 noise draws; conc_mean,code/../results/ckpt_cinit/e5_S021_d0_wdcnn_s2.pt,8bee24acba89ebc3dd86bb7363d19ef1910eb0f745f8cb5b208292b488080fd9,script sha 47e4a4d0977b3277,,result json,
cinit_e5::S007+014::d0::wdcnn::s2,cinit_e5.json,analysis,CWRU,C-E5 (fixed init: torch.manual_seed(20000+seed) before model construction; init_sha256=7e184c33c22eebb7) S007+014::d0,42,wdcnn,2,init torch.manual_seed(20000+seed); train torch.manual_seed+np.random.seed(seed); eval noise torch.manual_seed(1000+17*seed+rep),"3000 steps, last weights",920,,add_awgn_tensor (per-window power),10.0|0.0|-4.0|-6.0|-8.0,top_mode over 5 noise draws; conc_mean,code/../results/ckpt_cinit/e5_S007+014_d0_wdcnn_s2.pt,f4a735e8d9d90ed16b9c393c9638984c6683ac46f1774cb01b6c42d32f817a2c,script sha 47e4a4d0977b3277,,result json,
cinit_e5::S007+021::d0::wdcnn::s2,cinit_e5.json,analysis,CWRU,C-E5 (fixed init: torch.manual_seed(20000+seed) before model construction; init_sha256=7e184c33c22eebb7) S007+021::d0,42,wdcnn,2,init torch.manual_seed(20000+seed); train torch.manual_seed+np.random.seed(seed); eval noise torch.manual_seed(1000+17*seed+rep),"3000 steps, last weights",920,,add_awgn_tensor (per-window power),10.0|0.0|-4.0|-6.0|-8.0,top_mode over 5 noise draws; conc_mean,code/../results/ckpt_cinit/e5_S007+021_d0_wdcnn_s2.pt,a1fac9a4e7609cd5d8342acfe186f8ae0601aca09f5e7a034dd34adcf879064b,script sha 47e4a4d0977b3277,,result json,
cinit_e5::S014+021::d0::wdcnn::s2,cinit_e5.json,analysis,CWRU,C-E5 (fixed init: torch.manual_seed(20000+seed) before model construction; init_sha256=7e184c33c22eebb7) S014+021::d0,42,wdcnn,2,init torch.manual_seed(20000+seed); train torch.manual_seed+np.random.seed(seed); eval noise torch.manual_seed(1000+17*seed+rep),"3000 steps, last weights",920,,add_awgn_tensor (per-window power),10.0|0.0|-4.0|-6.0|-8.0,top_mode over 5 noise draws; conc_mean,code/../results/ckpt_cinit/e5_S014+021_d0_wdcnn_s2.pt,8725f1a331db8af1f244b61c7812073bc84e8f1f0821951f5cd86b3d69d73762,script sha 47e4a4d0977b3277,,result json,
cinit_e5::S_ALL::d0::wdcnn::s2,cinit_e5.json,analysis,CWRU,C-E5 (fixed init: torch.manual_seed(20000+seed) before model construction; init_sha256=7e184c33c22eebb7) S_ALL::d0,42,wdcnn,2,init torch.manual_seed(20000+seed); train torch.manual_seed+np.random.seed(seed); eval noise torch.manual_seed(1000+17*seed+rep),"3000 steps, last weights",920,,add_awgn_tensor (per-window power),10.0|0.0|-4.0|-6.0|-8.0,top_mode over 5 noise draws; conc_mean,code/../results/ckpt_cinit/e5_S_ALL_d0_wdcnn_s2.pt,6ca2ca4d571752d13170375a5684ce1650b2731869c698da3efe8a7baa528e32,script sha 47e4a4d0977b3277,,result json,
cinit_e5::S007::d1::wdcnn::s2,cinit_e5.json,analysis,CWRU,C-E5 (fixed init: torch.manual_seed(20000+seed) before model construction; init_sha256=7e184c33c22eebb7) S007::d1,42,wdcnn,2,init torch.manual_seed(20000+seed); train torch.manual_seed+np.random.seed(seed); eval noise torch.manual_seed(1000+17*seed+rep),"3000 steps, last weights",920,,add_awgn_tensor (per-window power),10.0|0.0|-4.0|-6.0|-8.0,top_mode over 5 noise draws; conc_mean,code/../results/ckpt_cinit/e5_S007_d1_wdcnn_s2.pt,5e87eff19531d306c5db0bd611495008b6fa22ba0953cecacf05834a8918af79,script sha 47e4a4d0977b3277,,result json,
cinit_e5::S014::d1::wdcnn::s2,cinit_e5.json,analysis,CWRU,C-E5 (fixed init: torch.manual_seed(20000+seed) before model construction; init_sha256=7e184c33c22eebb7) S014::d1,42,wdcnn,2,init torch.manual_seed(20000+seed); train torch.manual_seed+np.random.seed(seed); eval noise torch.manual_seed(1000+17*seed+rep),"3000 steps, last weights",920,,add_awgn_tensor (per-window power),10.0|0.0|-4.0|-6.0|-8.0,top_mode over 5 noise draws; conc_mean,code/../results/ckpt_cinit/e5_S014_d1_wdcnn_s2.pt,41aa7eeee2766834a9e58b78fea9794c6628ad7fbe42fa565cf5828712947bc9,script sha 47e4a4d0977b3277,,result json,
cinit_e5::S021::d1::wdcnn::s2,cinit_e5.json,analysis,CWRU,C-E5 (fixed init: torch.manual_seed(20000+seed) before model construction; init_sha256=7e184c33c22eebb7) S021::d1,42,wdcnn,2,init torch.manual_seed(20000+seed); train torch.manual_seed+np.random.seed(seed); eval noise torch.manual_seed(1000+17*seed+rep),"3000 steps, last weights",920,,add_awgn_tensor (per-window power),10.0|0.0|-4.0|-6.0|-8.0,top_mode over 5 noise draws; conc_mean,code/../results/ckpt_cinit/e5_S021_d1_wdcnn_s2.pt,5eb190ed80839334537a5a4c9d3cd4d9d26af350e7cf2bd0e4e37c46fe20987b,script sha 47e4a4d0977b3277,,result json,
cinit_e5::S007+014::d1::wdcnn::s2,cinit_e5.json,analysis,CWRU,C-E5 (fixed init: torch.manual_seed(20000+seed) before model construction; init_sha256=7e184c33c22eebb7) S007+014::d1,42,wdcnn,2,init torch.manual_seed(20000+seed); train torch.manual_seed+np.random.seed(seed); eval noise torch.manual_seed(1000+17*seed+rep),"3000 steps, last weights",920,,add_awgn_tensor (per-window power),10.0|0.0|-4.0|-6.0|-8.0,top_mode over 5 noise draws; conc_mean,code/../results/ckpt_cinit/e5_S007+014_d1_wdcnn_s2.pt,04d6d0cbfccfea3c20a78b089da961d3a93bdf3c9f408288fc36d2c62369af62,script sha 47e4a4d0977b3277,,result json,
cinit_e5::S007+021::d1::wdcnn::s2,cinit_e5.json,analysis,CWRU,C-E5 (fixed init: torch.manual_seed(20000+seed) before model construction; init_sha256=7e184c33c22eebb7) S007+021::d1,42,wdcnn,2,init torch.manual_seed(20000+seed); train torch.manual_seed+np.random.seed(seed); eval noise torch.manual_seed(1000+17*seed+rep),"3000 steps, last weights",920,,add_awgn_tensor (per-window power),10.0|0.0|-4.0|-6.0|-8.0,top_mode over 5 noise draws; conc_mean,code/../results/ckpt_cinit/e5_S007+021_d1_wdcnn_s2.pt,0b5017db1c0d0064b819af3b3a89ab7bf22a5a321d18f5f47ddd4452cb201bde,script sha 47e4a4d0977b3277,,result json,
cinit_e5::S014+021::d1::wdcnn::s2,cinit_e5.json,analysis,CWRU,C-E5 (fixed init: torch.manual_seed(20000+seed) before model construction; init_sha256=7e184c33c22eebb7) S014+021::d1,42,wdcnn,2,init torch.manual_seed(20000+seed); train torch.manual_seed+np.random.seed(seed); eval noise torch.manual_seed(1000+17*seed+rep),"3000 steps, last weights",920,,add_awgn_tensor (per-window power),10.0|0.0|-4.0|-6.0|-8.0,top_mode over 5 noise draws; conc_mean,code/../results/ckpt_cinit/e5_S014+021_d1_wdcnn_s2.pt,9363d4493da1e08da021f1d5f1e27e9b84f704e9438d0ffc5863a96980862691,script sha 47e4a4d0977b3277,,result json,
cinit_e5::S_ALL::d1::wdcnn::s2,cinit_e5.json,analysis,CWRU,C-E5 (fixed init: torch.manual_seed(20000+seed) before model construction; init_sha256=7e184c33c22eebb7) S_ALL::d1,42,wdcnn,2,init torch.manual_seed(20000+seed); train torch.manual_seed+np.random.seed(seed); eval noise torch.manual_seed(1000+17*seed+rep),"3000 steps, last weights",920,,add_awgn_tensor (per-window power),10.0|0.0|-4.0|-6.0|-8.0,top_mode over 5 noise draws; conc_mean,code/../results/ckpt_cinit/e5_S_ALL_d1_wdcnn_s2.pt,98eb21c7cb9d2518e4a53da42123f1d265503f36bb1ce421f6cfdfa1be395313,script sha 47e4a4d0977b3277,,result json,
cinit_e5::S007::d2::wdcnn::s2,cinit_e5.json,analysis,CWRU,C-E5 (fixed init: torch.manual_seed(20000+seed) before model construction; init_sha256=7e184c33c22eebb7) S007::d2,42,wdcnn,2,init torch.manual_seed(20000+seed); train torch.manual_seed+np.random.seed(seed); eval noise torch.manual_seed(1000+17*seed+rep),"3000 steps, last weights",920,,add_awgn_tensor (per-window power),10.0|0.0|-4.0|-6.0|-8.0,top_mode over 5 noise draws; conc_mean,code/../results/ckpt_cinit/e5_S007_d2_wdcnn_s2.pt,0395731123c5f1061f835d37726b712daafb923e66e074ab7e601a24da8505e6,script sha 47e4a4d0977b3277,,result json,
cinit_e5::S014::d2::wdcnn::s2,cinit_e5.json,analysis,CWRU,C-E5 (fixed init: torch.manual_seed(20000+seed) before model construction; init_sha256=7e184c33c22eebb7) S014::d2,42,wdcnn,2,init torch.manual_seed(20000+seed); train torch.manual_seed+np.random.seed(seed); eval noise torch.manual_seed(1000+17*seed+rep),"3000 steps, last weights",920,,add_awgn_tensor (per-window power),10.0|0.0|-4.0|-6.0|-8.0,top_mode over 5 noise draws; conc_mean,code/../results/ckpt_cinit/e5_S014_d2_wdcnn_s2.pt,7993128804f23fb8649d0d35ae948b9ac761dca03fd2983e24106dd5a6f2fd21,script sha 47e4a4d0977b3277,,result json,
cinit_e5::S021::d2::wdcnn::s2,cinit_e5.json,analysis,CWRU,C-E5 (fixed init: torch.manual_seed(20000+seed) before model construction; init_sha256=7e184c33c22eebb7) S021::d2,42,wdcnn,2,init torch.manual_seed(20000+seed); train torch.manual_seed+np.random.seed(seed); eval noise torch.manual_seed(1000+17*seed+rep),"3000 steps, last weights",920,,add_awgn_tensor (per-window power),10.0|0.0|-4.0|-6.0|-8.0,top_mode over 5 noise draws; conc_mean,code/../results/ckpt_cinit/e5_S021_d2_wdcnn_s2.pt,e253116ef9f6c9b03f9ff7ead83b288a34eed4c18b49eac1de080cdac9d979bf,script sha 47e4a4d0977b3277,,result json,
cinit_e5::S007+014::d2::wdcnn::s2,cinit_e5.json,analysis,CWRU,C-E5 (fixed init: torch.manual_seed(20000+seed) before model construction; init_sha256=7e184c33c22eebb7) S007+014::d2,42,wdcnn,2,init torch.manual_seed(20000+seed); train torch.manual_seed+np.random.seed(seed); eval noise torch.manual_seed(1000+17*seed+rep),"3000 steps, last weights",920,,add_awgn_tensor (per-window power),10.0|0.0|-4.0|-6.0|-8.0,top_mode over 5 noise draws; conc_mean,code/../results/ckpt_cinit/e5_S007+014_d2_wdcnn_s2.pt,bfb4036977f9a6c7a7f92e56a030eb9b49821362d5ddf61c37bc37cb745a6407,script sha 47e4a4d0977b3277,,result json,
cinit_e5::S007+021::d2::wdcnn::s2,cinit_e5.json,analysis,CWRU,C-E5 (fixed init: torch.manual_seed(20000+seed) before model construction; init_sha256=7e184c33c22eebb7) S007+021::d2,42,wdcnn,2,init torch.manual_seed(20000+seed); train torch.manual_seed+np.random.seed(seed); eval noise torch.manual_seed(1000+17*seed+rep),"3000 steps, last weights",920,,add_awgn_tensor (per-window power),10.0|0.0|-4.0|-6.0|-8.0,top_mode over 5 noise draws; conc_mean,code/../results/ckpt_cinit/e5_S007+021_d2_wdcnn_s2.pt,9b3eaeec732f2ed386c75b31ff06918ffc9b0b2d16bdd199b7d208b3973ae715,script sha 47e4a4d0977b3277,,result json,
cinit_e5::S014+021::d2::wdcnn::s2,cinit_e5.json,analysis,CWRU,C-E5 (fixed init: torch.manual_seed(20000+seed) before model construction; init_sha256=7e184c33c22eebb7) S014+021::d2,42,wdcnn,2,init torch.manual_seed(20000+seed); train torch.manual_seed+np.random.seed(seed); eval noise torch.manual_seed(1000+17*seed+rep),"3000 steps, last weights",920,,add_awgn_tensor (per-window power),10.0|0.0|-4.0|-6.0|-8.0,top_mode over 5 noise draws; conc_mean,code/../results/ckpt_cinit/e5_S014+021_d2_wdcnn_s2.pt,ed225ad7db95463d0dcde4a968d89ea168be30136b9ac32355ca3367306e953f,script sha 47e4a4d0977b3277,,result json,
cinit_e5::S_ALL::d2::wdcnn::s2,cinit_e5.json,analysis,CWRU,C-E5 (fixed init: torch.manual_seed(20000+seed) before model construction; init_sha256=7e184c33c22eebb7) S_ALL::d2,42,wdcnn,2,init torch.manual_seed(20000+seed); train torch.manual_seed+np.random.seed(seed); eval noise torch.manual_seed(1000+17*seed+rep),"3000 steps, last weights",920,,add_awgn_tensor (per-window power),10.0|0.0|-4.0|-6.0|-8.0,top_mode over 5 noise draws; conc_mean,code/../results/ckpt_cinit/e5_S_ALL_d2_wdcnn_s2.pt,81f90526a26a1f3fc1db25bc7186f19411fa90b7cd2250ce309d0abc0ac2a4d9,script sha 47e4a4d0977b3277,,result json,
cinit_e5::S007::d0::drsn::s0,cinit_e5.json,analysis,CWRU,C-E5 (fixed init: torch.manual_seed(20000+seed) before model construction; init_sha256=d1e6cca6b1f1ce3f) S007::d0,42,drsn,0,init torch.manual_seed(20000+seed); train torch.manual_seed+np.random.seed(seed); eval noise torch.manual_seed(1000+17*seed+rep),"3000 steps, last weights",920,,add_awgn_tensor (per-window power),10.0|0.0|-4.0|-6.0|-8.0,top_mode over 5 noise draws; conc_mean,code/../results/ckpt_cinit/e5_S007_d0_drsn_s0.pt,62e664408072a826e3ca2029356478efff74b47f2ee6bbd93e865528f2fa29fe,script sha 47e4a4d0977b3277,,result json,
cinit_e5::S014::d0::drsn::s0,cinit_e5.json,analysis,CWRU,C-E5 (fixed init: torch.manual_seed(20000+seed) before model construction; init_sha256=d1e6cca6b1f1ce3f) S014::d0,42,drsn,0,init torch.manual_seed(20000+seed); train torch.manual_seed+np.random.seed(seed); eval noise torch.manual_seed(1000+17*seed+rep),"3000 steps, last weights",920,,add_awgn_tensor (per-window power),10.0|0.0|-4.0|-6.0|-8.0,top_mode over 5 noise draws; conc_mean,code/../results/ckpt_cinit/e5_S014_d0_drsn_s0.pt,dc47cc430c93e31af86bb31d8a485d4398a2babf973adeff895d72dff6482d29,script sha 47e4a4d0977b3277,,result json,
cinit_e5::S021::d0::drsn::s0,cinit_e5.json,analysis,CWRU,C-E5 (fixed init: torch.manual_seed(20000+seed) before model construction; init_sha256=d1e6cca6b1f1ce3f) S021::d0,42,drsn,0,init torch.manual_seed(20000+seed); train torch.manual_seed+np.random.seed(seed); eval noise torch.manual_seed(1000+17*seed+rep),"3000 steps, last weights",920,,add_awgn_tensor (per-window power),10.0|0.0|-4.0|-6.0|-8.0,top_mode over 5 noise draws; conc_mean,code/../results/ckpt_cinit/e5_S021_d0_drsn_s0.pt,698cff47f251a7bf0e60c1e615d1e9a1454e3e634f0516563547401c5baacb45,script sha 47e4a4d0977b3277,,result json,
cinit_e5::S007+014::d0::drsn::s0,cinit_e5.json,analysis,CWRU,C-E5 (fixed init: torch.manual_seed(20000+seed) before model construction; init_sha256=d1e6cca6b1f1ce3f) S007+014::d0,42,drsn,0,init torch.manual_seed(20000+seed); train torch.manual_seed+np.random.seed(seed); eval noise torch.manual_seed(1000+17*seed+rep),"3000 steps, last weights",920,,add_awgn_tensor (per-window power),10.0|0.0|-4.0|-6.0|-8.0,top_mode over 5 noise draws; conc_mean,code/../results/ckpt_cinit/e5_S007+014_d0_drsn_s0.pt,eff2dd20f6953bd275062efb54c481387be9b72e462829f0585413b5549cdc68,script sha 47e4a4d0977b3277,,result json,
cinit_e5::S007+021::d0::drsn::s0,cinit_e5.json,analysis,CWRU,C-E5 (fixed init: torch.manual_seed(20000+seed) before model construction; init_sha256=d1e6cca6b1f1ce3f) S007+021::d0,42,drsn,0,init torch.manual_seed(20000+seed); train torch.manual_seed+np.random.seed(seed); eval noise torch.manual_seed(1000+17*seed+rep),"3000 steps, last weights",920,,add_awgn_tensor (per-window power),10.0|0.0|-4.0|-6.0|-8.0,top_mode over 5 noise draws; conc_mean,code/../results/ckpt_cinit/e5_S007+021_d0_drsn_s0.pt,a67c37cad8de9aeb36c1f2219ab352059550d9d83993108cb1e29cf749fc7c2f,script sha 47e4a4d0977b3277,,result json,
cinit_e5::S014+021::d0::drsn::s0,cinit_e5.json,analysis,CWRU,C-E5 (fixed init: torch.manual_seed(20000+seed) before model construction; init_sha256=d1e6cca6b1f1ce3f) S014+021::d0,42,drsn,0,init torch.manual_seed(20000+seed); train torch.manual_seed+np.random.seed(seed); eval noise torch.manual_seed(1000+17*seed+rep),"3000 steps, last weights",920,,add_awgn_tensor (per-window power),10.0|0.0|-4.0|-6.0|-8.0,top_mode over 5 noise draws; conc_mean,code/../results/ckpt_cinit/e5_S014+021_d0_drsn_s0.pt,06db196b5ad3bc2b91b8d9a952fb7a5e1b9d95669aaf6b2dd96b28a67810f0cd,script sha 47e4a4d0977b3277,,result json,
cinit_e5::S_ALL::d0::drsn::s0,cinit_e5.json,analysis,CWRU,C-E5 (fixed init: torch.manual_seed(20000+seed) before model construction; init_sha256=d1e6cca6b1f1ce3f) S_ALL::d0,42,drsn,0,init torch.manual_seed(20000+seed); train torch.manual_seed+np.random.seed(seed); eval noise torch.manual_seed(1000+17*seed+rep),"3000 steps, last weights",920,,add_awgn_tensor (per-window power),10.0|0.0|-4.0|-6.0|-8.0,top_mode over 5 noise draws; conc_mean,code/../results/ckpt_cinit/e5_S_ALL_d0_drsn_s0.pt,6f3ec2a21150e475d220c58161b3c7eff8461e59ae3d86de7b2bdee0556a1f43,script sha 47e4a4d0977b3277,,result json,
cinit_e5::S007::d1::drsn::s0,cinit_e5.json,analysis,CWRU,C-E5 (fixed init: torch.manual_seed(20000+seed) before model construction; init_sha256=d1e6cca6b1f1ce3f) S007::d1,42,drsn,0,init torch.manual_seed(20000+seed); train torch.manual_seed+np.random.seed(seed); eval noise torch.manual_seed(1000+17*seed+rep),"3000 steps, last weights",920,,add_awgn_tensor (per-window power),10.0|0.0|-4.0|-6.0|-8.0,top_mode over 5 noise draws; conc_mean,code/../results/ckpt_cinit/e5_S007_d1_drsn_s0.pt,b69badb1f789349c5a3eb77e206c36d46b7dba9e4f2dea29771630c5ee22a2f6,script sha 47e4a4d0977b3277,,result json,
cinit_e5::S014::d1::drsn::s0,cinit_e5.json,analysis,CWRU,C-E5 (fixed init: torch.manual_seed(20000+seed) before model construction; init_sha256=d1e6cca6b1f1ce3f) S014::d1,42,drsn,0,init torch.manual_seed(20000+seed); train torch.manual_seed+np.random.seed(seed); eval noise torch.manual_seed(1000+17*seed+rep),"3000 steps, last weights",920,,add_awgn_tensor (per-window power),10.0|0.0|-4.0|-6.0|-8.0,top_mode over 5 noise draws; conc_mean,code/../results/ckpt_cinit/e5_S014_d1_drsn_s0.pt,a788b2eb2382928665c9f8aea3dbd4fd5a433cf832bc01cffc98b462747a3ab7,script sha 47e4a4d0977b3277,,result json,
cinit_e5::S021::d1::drsn::s0,cinit_e5.json,analysis,CWRU,C-E5 (fixed init: torch.manual_seed(20000+seed) before model construction; init_sha256=d1e6cca6b1f1ce3f) S021::d1,42,drsn,0,init torch.manual_seed(20000+seed); train torch.manual_seed+np.random.seed(seed); eval noise torch.manual_seed(1000+17*seed+rep),"3000 steps, last weights",920,,add_awgn_tensor (per-window power),10.0|0.0|-4.0|-6.0|-8.0,top_mode over 5 noise draws; conc_mean,code/../results/ckpt_cinit/e5_S021_d1_drsn_s0.pt,d80c5ec7da22a9bf9f98265477b4a42cd35ff78c9acb7b9d21ac68c23f68ba7c,script sha 47e4a4d0977b3277,,result json,
cinit_e5::S007+014::d1::drsn::s0,cinit_e5.json,analysis,CWRU,C-E5 (fixed init: torch.manual_seed(20000+seed) before model construction; init_sha256=d1e6cca6b1f1ce3f) S007+014::d1,42,drsn,0,init torch.manual_seed(20000+seed); train torch.manual_seed+np.random.seed(seed); eval noise torch.manual_seed(1000+17*seed+rep),"3000 steps, last weights",920,,add_awgn_tensor (per-window power),10.0|0.0|-4.0|-6.0|-8.0,top_mode over 5 noise draws; conc_mean,code/../results/ckpt_cinit/e5_S007+014_d1_drsn_s0.pt,01b11fea19137b9c815de06b2a7a8e116a842365c34c0b0f9fdeea54827ddf3a,script sha 47e4a4d0977b3277,,result json,
cinit_e5::S007+021::d1::drsn::s0,cinit_e5.json,analysis,CWRU,C-E5 (fixed init: torch.manual_seed(20000+seed) before model construction; init_sha256=d1e6cca6b1f1ce3f) S007+021::d1,42,drsn,0,init torch.manual_seed(20000+seed); train torch.manual_seed+np.random.seed(seed); eval noise torch.manual_seed(1000+17*seed+rep),"3000 steps, last weights",920,,add_awgn_tensor (per-window power),10.0|0.0|-4.0|-6.0|-8.0,top_mode over 5 noise draws; conc_mean,code/../results/ckpt_cinit/e5_S007+021_d1_drsn_s0.pt,5a2580c3e2a8c56ca190514d73cb284a1501e414889e0f6a3380f0364eb483af,script sha 47e4a4d0977b3277,,result json,
cinit_e5::S014+021::d1::drsn::s0,cinit_e5.json,analysis,CWRU,C-E5 (fixed init: torch.manual_seed(20000+seed) before model construction; init_sha256=d1e6cca6b1f1ce3f) S014+021::d1,42,drsn,0,init torch.manual_seed(20000+seed); train torch.manual_seed+np.random.seed(seed); eval noise torch.manual_seed(1000+17*seed+rep),"3000 steps, last weights",920,,add_awgn_tensor (per-window power),10.0|0.0|-4.0|-6.0|-8.0,top_mode over 5 noise draws; conc_mean,code/../results/ckpt_cinit/e5_S014+021_d1_drsn_s0.pt,aea9c4c5a4ad914efa310c344a388e0e1d617b2b6d3cd0b47feb4ff314abad7a,script sha 47e4a4d0977b3277,,result json,
cinit_e5::S_ALL::d1::drsn::s0,cinit_e5.json,analysis,CWRU,C-E5 (fixed init: torch.manual_seed(20000+seed) before model construction; init_sha256=d1e6cca6b1f1ce3f) S_ALL::d1,42,drsn,0,init torch.manual_seed(20000+seed); train torch.manual_seed+np.random.seed(seed); eval noise torch.manual_seed(1000+17*seed+rep),"3000 steps, last weights",920,,add_awgn_tensor (per-window power),10.0|0.0|-4.0|-6.0|-8.0,top_mode over 5 noise draws; conc_mean,code/../results/ckpt_cinit/e5_S_ALL_d1_drsn_s0.pt,42d3d0aa442ae9eab1d23981521e6c2b9a55916e756053bef311ea907ca94930,script sha 47e4a4d0977b3277,,result json,
cinit_e5::S007::d2::drsn::s0,cinit_e5.json,analysis,CWRU,C-E5 (fixed init: torch.manual_seed(20000+seed) before model construction; init_sha256=d1e6cca6b1f1ce3f) S007::d2,42,drsn,0,init torch.manual_seed(20000+seed); train torch.manual_seed+np.random.seed(seed); eval noise torch.manual_seed(1000+17*seed+rep),"3000 steps, last weights",920,,add_awgn_tensor (per-window power),10.0|0.0|-4.0|-6.0|-8.0,top_mode over 5 noise draws; conc_mean,code/../results/ckpt_cinit/e5_S007_d2_drsn_s0.pt,d9e48a1ebadfd84a56905800952ca9244c739790ed5f6f1cebc2e07a3e9f192f,script sha 47e4a4d0977b3277,,result json,
cinit_e5::S014::d2::drsn::s0,cinit_e5.json,analysis,CWRU,C-E5 (fixed init: torch.manual_seed(20000+seed) before model construction; init_sha256=d1e6cca6b1f1ce3f) S014::d2,42,drsn,0,init torch.manual_seed(20000+seed); train torch.manual_seed+np.random.seed(seed); eval noise torch.manual_seed(1000+17*seed+rep),"3000 steps, last weights",920,,add_awgn_tensor (per-window power),10.0|0.0|-4.0|-6.0|-8.0,top_mode over 5 noise draws; conc_mean,code/../results/ckpt_cinit/e5_S014_d2_drsn_s0.pt,d7b720dc88be0264d0e7f8b2370f0ecbcba7625aa1a6817361ffc6d16882160d,script sha 47e4a4d0977b3277,,result json,
cinit_e5::S021::d2::drsn::s0,cinit_e5.json,analysis,CWRU,C-E5 (fixed init: torch.manual_seed(20000+seed) before model construction; init_sha256=d1e6cca6b1f1ce3f) S021::d2,42,drsn,0,init torch.manual_seed(20000+seed); train torch.manual_seed+np.random.seed(seed); eval noise torch.manual_seed(1000+17*seed+rep),"3000 steps, last weights",920,,add_awgn_tensor (per-window power),10.0|0.0|-4.0|-6.0|-8.0,top_mode over 5 noise draws; conc_mean,code/../results/ckpt_cinit/e5_S021_d2_drsn_s0.pt,5016de4e20be8795c34ed0ca41bf7b4e61f46e080c285b74be4a52ef48a1bcb2,script sha 47e4a4d0977b3277,,result json,
cinit_e5::S007+014::d2::drsn::s0,cinit_e5.json,analysis,CWRU,C-E5 (fixed init: torch.manual_seed(20000+seed) before model construction; init_sha256=d1e6cca6b1f1ce3f) S007+014::d2,42,drsn,0,init torch.manual_seed(20000+seed); train torch.manual_seed+np.random.seed(seed); eval noise torch.manual_seed(1000+17*seed+rep),"3000 steps, last weights",920,,add_awgn_tensor (per-window power),10.0|0.0|-4.0|-6.0|-8.0,top_mode over 5 noise draws; conc_mean,code/../results/ckpt_cinit/e5_S007+014_d2_drsn_s0.pt,ae9c78df3fb7e95bdce6c91c3d4fffa9014fec0ca029b3765ea090b6b6cbd30a,script sha 47e4a4d0977b3277,,result json,
cinit_e5::S007+021::d2::drsn::s0,cinit_e5.json,analysis,CWRU,C-E5 (fixed init: torch.manual_seed(20000+seed) before model construction; init_sha256=d1e6cca6b1f1ce3f) S007+021::d2,42,drsn,0,init torch.manual_seed(20000+seed); train torch.manual_seed+np.random.seed(seed); eval noise torch.manual_seed(1000+17*seed+rep),"3000 steps, last weights",920,,add_awgn_tensor (per-window power),10.0|0.0|-4.0|-6.0|-8.0,top_mode over 5 noise draws; conc_mean,code/../results/ckpt_cinit/e5_S007+021_d2_drsn_s0.pt,5447b03e00188bb0119c643117c367ca9df393ed44bcd390b027775ef8053a3c,script sha 47e4a4d0977b3277,,result json,
cinit_e5::S014+021::d2::drsn::s0,cinit_e5.json,analysis,CWRU,C-E5 (fixed init: torch.manual_seed(20000+seed) before model construction; init_sha256=d1e6cca6b1f1ce3f) S014+021::d2,42,drsn,0,init torch.manual_seed(20000+seed); train torch.manual_seed+np.random.seed(seed); eval noise torch.manual_seed(1000+17*seed+rep),"3000 steps, last weights",920,,add_awgn_tensor (per-window power),10.0|0.0|-4.0|-6.0|-8.0,top_mode over 5 noise draws; conc_mean,code/../results/ckpt_cinit/e5_S014+021_d2_drsn_s0.pt,efae64f086dd28ba1db10e1558600e318b6bdbb7cc8d93e8d3acba99a165d24b,script sha 47e4a4d0977b3277,,result json,
cinit_e5::S_ALL::d2::drsn::s0,cinit_e5.json,analysis,CWRU,C-E5 (fixed init: torch.manual_seed(20000+seed) before model construction; init_sha256=d1e6cca6b1f1ce3f) S_ALL::d2,42,drsn,0,init torch.manual_seed(20000+seed); train torch.manual_seed+np.random.seed(seed); eval noise torch.manual_seed(1000+17*seed+rep),"3000 steps, last weights",920,,add_awgn_tensor (per-window power),10.0|0.0|-4.0|-6.0|-8.0,top_mode over 5 noise draws; conc_mean,code/../results/ckpt_cinit/e5_S_ALL_d2_drsn_s0.pt,c36da14a6c60a84453da68a04d65a4df484d9ca0115edfa33a3f5ae35e05d327,script sha 47e4a4d0977b3277,,result json,
cinit_e5::S007::d0::drsn::s1,cinit_e5.json,analysis,CWRU,C-E5 (fixed init: torch.manual_seed(20000+seed) before model construction; init_sha256=579f7b027327c4a0) S007::d0,42,drsn,1,init torch.manual_seed(20000+seed); train torch.manual_seed+np.random.seed(seed); eval noise torch.manual_seed(1000+17*seed+rep),"3000 steps, last weights",920,,add_awgn_tensor (per-window power),10.0|0.0|-4.0|-6.0|-8.0,top_mode over 5 noise draws; conc_mean,code/../results/ckpt_cinit/e5_S007_d0_drsn_s1.pt,e5d0010beca2ad3efd3ac3f682b8b70bdd79b93bc9370e2156e252f043846fdb,script sha 47e4a4d0977b3277,,result json,
cinit_e5::S014::d0::drsn::s1,cinit_e5.json,analysis,CWRU,C-E5 (fixed init: torch.manual_seed(20000+seed) before model construction; init_sha256=579f7b027327c4a0) S014::d0,42,drsn,1,init torch.manual_seed(20000+seed); train torch.manual_seed+np.random.seed(seed); eval noise torch.manual_seed(1000+17*seed+rep),"3000 steps, last weights",920,,add_awgn_tensor (per-window power),10.0|0.0|-4.0|-6.0|-8.0,top_mode over 5 noise draws; conc_mean,code/../results/ckpt_cinit/e5_S014_d0_drsn_s1.pt,ae90542e55d797bfcddcecb0668c26854c5fc5577c3617cbbbf27e99967d0c40,script sha 47e4a4d0977b3277,,result json,
cinit_e5::S021::d0::drsn::s1,cinit_e5.json,analysis,CWRU,C-E5 (fixed init: torch.manual_seed(20000+seed) before model construction; init_sha256=579f7b027327c4a0) S021::d0,42,drsn,1,init torch.manual_seed(20000+seed); train torch.manual_seed+np.random.seed(seed); eval noise torch.manual_seed(1000+17*seed+rep),"3000 steps, last weights",920,,add_awgn_tensor (per-window power),10.0|0.0|-4.0|-6.0|-8.0,top_mode over 5 noise draws; conc_mean,code/../results/ckpt_cinit/e5_S021_d0_drsn_s1.pt,57fd5d132f84c0a5f8cf49cc87a02b81a837cd681253f8f89cdec57177de2ae6,script sha 47e4a4d0977b3277,,result json,
cinit_e5::S007+014::d0::drsn::s1,cinit_e5.json,analysis,CWRU,C-E5 (fixed init: torch.manual_seed(20000+seed) before model construction; init_sha256=579f7b027327c4a0) S007+014::d0,42,drsn,1,init torch.manual_seed(20000+seed); train torch.manual_seed+np.random.seed(seed); eval noise torch.manual_seed(1000+17*seed+rep),"3000 steps, last weights",920,,add_awgn_tensor (per-window power),10.0|0.0|-4.0|-6.0|-8.0,top_mode over 5 noise draws; conc_mean,code/../results/ckpt_cinit/e5_S007+014_d0_drsn_s1.pt,5ea8951911e22bc6d3ab9426a416f7a9b01b292115d4f4d27c00ffe29cf9a9ee,script sha 47e4a4d0977b3277,,result json,
cinit_e5::S007+021::d0::drsn::s1,cinit_e5.json,analysis,CWRU,C-E5 (fixed init: torch.manual_seed(20000+seed) before model construction; init_sha256=579f7b027327c4a0) S007+021::d0,42,drsn,1,init torch.manual_seed(20000+seed); train torch.manual_seed+np.random.seed(seed); eval noise torch.manual_seed(1000+17*seed+rep),"3000 steps, last weights",920,,add_awgn_tensor (per-window power),10.0|0.0|-4.0|-6.0|-8.0,top_mode over 5 noise draws; conc_mean,code/../results/ckpt_cinit/e5_S007+021_d0_drsn_s1.pt,a56bdb2a79a5118416661beacc4c9a3e672f053f1189d48a382d49e621534ec2,script sha 47e4a4d0977b3277,,result json,
cinit_e5::S014+021::d0::drsn::s1,cinit_e5.json,analysis,CWRU,C-E5 (fixed init: torch.manual_seed(20000+seed) before model construction; init_sha256=579f7b027327c4a0) S014+021::d0,42,drsn,1,init torch.manual_seed(20000+seed); train torch.manual_seed+np.random.seed(seed); eval noise torch.manual_seed(1000+17*seed+rep),"3000 steps, last weights",920,,add_awgn_tensor (per-window power),10.0|0.0|-4.0|-6.0|-8.0,top_mode over 5 noise draws; conc_mean,code/../results/ckpt_cinit/e5_S014+021_d0_drsn_s1.pt,f33e32f1c03592139ae493bcc06392c990aa11f5e8d04fbbca37da861477bd7e,script sha 47e4a4d0977b3277,,result json,
cinit_e5::S_ALL::d0::drsn::s1,cinit_e5.json,analysis,CWRU,C-E5 (fixed init: torch.manual_seed(20000+seed) before model construction; init_sha256=579f7b027327c4a0) S_ALL::d0,42,drsn,1,init torch.manual_seed(20000+seed); train torch.manual_seed+np.random.seed(seed); eval noise torch.manual_seed(1000+17*seed+rep),"3000 steps, last weights",920,,add_awgn_tensor (per-window power),10.0|0.0|-4.0|-6.0|-8.0,top_mode over 5 noise draws; conc_mean,code/../results/ckpt_cinit/e5_S_ALL_d0_drsn_s1.pt,ca2228eb05ccf09d3029dbe441703388eb17468b281550981f79298000f2c930,script sha 47e4a4d0977b3277,,result json,
cinit_e5::S007::d1::drsn::s1,cinit_e5.json,analysis,CWRU,C-E5 (fixed init: torch.manual_seed(20000+seed) before model construction; init_sha256=579f7b027327c4a0) S007::d1,42,drsn,1,init torch.manual_seed(20000+seed); train torch.manual_seed+np.random.seed(seed); eval noise torch.manual_seed(1000+17*seed+rep),"3000 steps, last weights",920,,add_awgn_tensor (per-window power),10.0|0.0|-4.0|-6.0|-8.0,top_mode over 5 noise draws; conc_mean,code/../results/ckpt_cinit/e5_S007_d1_drsn_s1.pt,c777bab9bece7a902315294d49cd947a7a86769dade6796292900f83bcf41001,script sha 47e4a4d0977b3277,,result json,
cinit_e5::S014::d1::drsn::s1,cinit_e5.json,analysis,CWRU,C-E5 (fixed init: torch.manual_seed(20000+seed) before model construction; init_sha256=579f7b027327c4a0) S014::d1,42,drsn,1,init torch.manual_seed(20000+seed); train torch.manual_seed+np.random.seed(seed); eval noise torch.manual_seed(1000+17*seed+rep),"3000 steps, last weights",920,,add_awgn_tensor (per-window power),10.0|0.0|-4.0|-6.0|-8.0,top_mode over 5 noise draws; conc_mean,code/../results/ckpt_cinit/e5_S014_d1_drsn_s1.pt,5875440f2bd6105775aa992e4992f2fad045aa89a1885b831fec96ca115023c9,script sha 47e4a4d0977b3277,,result json,
cinit_e5::S021::d1::drsn::s1,cinit_e5.json,analysis,CWRU,C-E5 (fixed init: torch.manual_seed(20000+seed) before model construction; init_sha256=579f7b027327c4a0) S021::d1,42,drsn,1,init torch.manual_seed(20000+seed); train torch.manual_seed+np.random.seed(seed); eval noise torch.manual_seed(1000+17*seed+rep),"3000 steps, last weights",920,,add_awgn_tensor (per-window power),10.0|0.0|-4.0|-6.0|-8.0,top_mode over 5 noise draws; conc_mean,code/../results/ckpt_cinit/e5_S021_d1_drsn_s1.pt,e29ed16c4022a4e4916a268eda377b07be1786b07806d5636c9dc249916c6d64,script sha 47e4a4d0977b3277,,result json,
cinit_e5::S007+014::d1::drsn::s1,cinit_e5.json,analysis,CWRU,C-E5 (fixed init: torch.manual_seed(20000+seed) before model construction; init_sha256=579f7b027327c4a0) S007+014::d1,42,drsn,1,init torch.manual_seed(20000+seed); train torch.manual_seed+np.random.seed(seed); eval noise torch.manual_seed(1000+17*seed+rep),"3000 steps, last weights",920,,add_awgn_tensor (per-window power),10.0|0.0|-4.0|-6.0|-8.0,top_mode over 5 noise draws; conc_mean,code/../results/ckpt_cinit/e5_S007+014_d1_drsn_s1.pt,ccb3f23c0126d6166c6a6f69ad9afd59c8b098c963492de6413eda48391c748a,script sha 47e4a4d0977b3277,,result json,
cinit_e5::S007+021::d1::drsn::s1,cinit_e5.json,analysis,CWRU,C-E5 (fixed init: torch.manual_seed(20000+seed) before model construction; init_sha256=579f7b027327c4a0) S007+021::d1,42,drsn,1,init torch.manual_seed(20000+seed); train torch.manual_seed+np.random.seed(seed); eval noise torch.manual_seed(1000+17*seed+rep),"3000 steps, last weights",920,,add_awgn_tensor (per-window power),10.0|0.0|-4.0|-6.0|-8.0,top_mode over 5 noise draws; conc_mean,code/../results/ckpt_cinit/e5_S007+021_d1_drsn_s1.pt,ccf4d12da6272da97d553d98319d5a49b3c131548a7b18309c7607326525bb4b,script sha 47e4a4d0977b3277,,result json,
cinit_e5::S014+021::d1::drsn::s1,cinit_e5.json,analysis,CWRU,C-E5 (fixed init: torch.manual_seed(20000+seed) before model construction; init_sha256=579f7b027327c4a0) S014+021::d1,42,drsn,1,init torch.manual_seed(20000+seed); train torch.manual_seed+np.random.seed(seed); eval noise torch.manual_seed(1000+17*seed+rep),"3000 steps, last weights",920,,add_awgn_tensor (per-window power),10.0|0.0|-4.0|-6.0|-8.0,top_mode over 5 noise draws; conc_mean,code/../results/ckpt_cinit/e5_S014+021_d1_drsn_s1.pt,a25fa7c47fb1ac7bfae3a9f531cfb5c811fc585c9cfa4b56e9c38d00deae6508,script sha 47e4a4d0977b3277,,result json,
cinit_e5::S_ALL::d1::drsn::s1,cinit_e5.json,analysis,CWRU,C-E5 (fixed init: torch.manual_seed(20000+seed) before model construction; init_sha256=579f7b027327c4a0) S_ALL::d1,42,drsn,1,init torch.manual_seed(20000+seed); train torch.manual_seed+np.random.seed(seed); eval noise torch.manual_seed(1000+17*seed+rep),"3000 steps, last weights",920,,add_awgn_tensor (per-window power),10.0|0.0|-4.0|-6.0|-8.0,top_mode over 5 noise draws; conc_mean,code/../results/ckpt_cinit/e5_S_ALL_d1_drsn_s1.pt,dfc9183ae34a5ccf489276c190b720e3cda195fa60f557951da7e39d59f0ad39,script sha 47e4a4d0977b3277,,result json,
cinit_e5::S007::d2::drsn::s1,cinit_e5.json,analysis,CWRU,C-E5 (fixed init: torch.manual_seed(20000+seed) before model construction; init_sha256=579f7b027327c4a0) S007::d2,42,drsn,1,init torch.manual_seed(20000+seed); train torch.manual_seed+np.random.seed(seed); eval noise torch.manual_seed(1000+17*seed+rep),"3000 steps, last weights",920,,add_awgn_tensor (per-window power),10.0|0.0|-4.0|-6.0|-8.0,top_mode over 5 noise draws; conc_mean,code/../results/ckpt_cinit/e5_S007_d2_drsn_s1.pt,619f0fa4e983786feb425db74043cac0191f3a98d26004a17a5fd509534fed5f,script sha 47e4a4d0977b3277,,result json,
cinit_e5::S014::d2::drsn::s1,cinit_e5.json,analysis,CWRU,C-E5 (fixed init: torch.manual_seed(20000+seed) before model construction; init_sha256=579f7b027327c4a0) S014::d2,42,drsn,1,init torch.manual_seed(20000+seed); train torch.manual_seed+np.random.seed(seed); eval noise torch.manual_seed(1000+17*seed+rep),"3000 steps, last weights",920,,add_awgn_tensor (per-window power),10.0|0.0|-4.0|-6.0|-8.0,top_mode over 5 noise draws; conc_mean,code/../results/ckpt_cinit/e5_S014_d2_drsn_s1.pt,18fc64618708ce4a9323af422ff1c5ef089cd78a530ec37fee1bf2aa1544d468,script sha 47e4a4d0977b3277,,result json,
cinit_e5::S021::d2::drsn::s1,cinit_e5.json,analysis,CWRU,C-E5 (fixed init: torch.manual_seed(20000+seed) before model construction; init_sha256=579f7b027327c4a0) S021::d2,42,drsn,1,init torch.manual_seed(20000+seed); train torch.manual_seed+np.random.seed(seed); eval noise torch.manual_seed(1000+17*seed+rep),"3000 steps, last weights",920,,add_awgn_tensor (per-window power),10.0|0.0|-4.0|-6.0|-8.0,top_mode over 5 noise draws; conc_mean,code/../results/ckpt_cinit/e5_S021_d2_drsn_s1.pt,ade81b34ea5d9ee54fe8f88575e6a514f7dc1d6b91db142e31da173c44591068,script sha 47e4a4d0977b3277,,result json,
cinit_e5::S007+014::d2::drsn::s1,cinit_e5.json,analysis,CWRU,C-E5 (fixed init: torch.manual_seed(20000+seed) before model construction; init_sha256=579f7b027327c4a0) S007+014::d2,42,drsn,1,init torch.manual_seed(20000+seed); train torch.manual_seed+np.random.seed(seed); eval noise torch.manual_seed(1000+17*seed+rep),"3000 steps, last weights",920,,add_awgn_tensor (per-window power),10.0|0.0|-4.0|-6.0|-8.0,top_mode over 5 noise draws; conc_mean,code/../results/ckpt_cinit/e5_S007+014_d2_drsn_s1.pt,406cd66f8de8f4cafa57b02642770589c2117ad4c7d34573347c436820478065,script sha 47e4a4d0977b3277,,result json,
cinit_e5::S007+021::d2::drsn::s1,cinit_e5.json,analysis,CWRU,C-E5 (fixed init: torch.manual_seed(20000+seed) before model construction; init_sha256=579f7b027327c4a0) S007+021::d2,42,drsn,1,init torch.manual_seed(20000+seed); train torch.manual_seed+np.random.seed(seed); eval noise torch.manual_seed(1000+17*seed+rep),"3000 steps, last weights",920,,add_awgn_tensor (per-window power),10.0|0.0|-4.0|-6.0|-8.0,top_mode over 5 noise draws; conc_mean,code/../results/ckpt_cinit/e5_S007+021_d2_drsn_s1.pt,443867a9117db3d89a9236f8db6375804925174a583a96675de868831ff26f84,script sha 47e4a4d0977b3277,,result json,
cinit_e5::S014+021::d2::drsn::s1,cinit_e5.json,analysis,CWRU,C-E5 (fixed init: torch.manual_seed(20000+seed) before model construction; init_sha256=579f7b027327c4a0) S014+021::d2,42,drsn,1,init torch.manual_seed(20000+seed); train torch.manual_seed+np.random.seed(seed); eval noise torch.manual_seed(1000+17*seed+rep),"3000 steps, last weights",920,,add_awgn_tensor (per-window power),10.0|0.0|-4.0|-6.0|-8.0,top_mode over 5 noise draws; conc_mean,code/../results/ckpt_cinit/e5_S014+021_d2_drsn_s1.pt,a136ffefb389fa1abe7bb6fe1b0bb12e6a659b92084b2a3d1f4ccec100e0c214,script sha 47e4a4d0977b3277,,result json,
cinit_e5::S_ALL::d2::drsn::s1,cinit_e5.json,analysis,CWRU,C-E5 (fixed init: torch.manual_seed(20000+seed) before model construction; init_sha256=579f7b027327c4a0) S_ALL::d2,42,drsn,1,init torch.manual_seed(20000+seed); train torch.manual_seed+np.random.seed(seed); eval noise torch.manual_seed(1000+17*seed+rep),"3000 steps, last weights",920,,add_awgn_tensor (per-window power),10.0|0.0|-4.0|-6.0|-8.0,top_mode over 5 noise draws; conc_mean,code/../results/ckpt_cinit/e5_S_ALL_d2_drsn_s1.pt,fde7b520bdce15bd5dfc7c314e73bcbbea88c0066c6aab39c5c996863060c75d,script sha 47e4a4d0977b3277,,result json,
cinit_e5::S007::d0::drsn::s2,cinit_e5.json,analysis,CWRU,C-E5 (fixed init: torch.manual_seed(20000+seed) before model construction; init_sha256=484f9519d67187e7) S007::d0,42,drsn,2,init torch.manual_seed(20000+seed); train torch.manual_seed+np.random.seed(seed); eval noise torch.manual_seed(1000+17*seed+rep),"3000 steps, last weights",920,,add_awgn_tensor (per-window power),10.0|0.0|-4.0|-6.0|-8.0,top_mode over 5 noise draws; conc_mean,code/../results/ckpt_cinit/e5_S007_d0_drsn_s2.pt,e8df6580adf6c40e06e5cf56c8a87232d1caf837ee1babcb2b6ddf46b35ed0eb,script sha 47e4a4d0977b3277,,result json,
cinit_e5::S014::d0::drsn::s2,cinit_e5.json,analysis,CWRU,C-E5 (fixed init: torch.manual_seed(20000+seed) before model construction; init_sha256=484f9519d67187e7) S014::d0,42,drsn,2,init torch.manual_seed(20000+seed); train torch.manual_seed+np.random.seed(seed); eval noise torch.manual_seed(1000+17*seed+rep),"3000 steps, last weights",920,,add_awgn_tensor (per-window power),10.0|0.0|-4.0|-6.0|-8.0,top_mode over 5 noise draws; conc_mean,code/../results/ckpt_cinit/e5_S014_d0_drsn_s2.pt,fee80e6c2c67dba93d389d6d7d0596a4e6ac7f07bbd7793e9111d73e1b55ad85,script sha 47e4a4d0977b3277,,result json,
cinit_e5::S021::d0::drsn::s2,cinit_e5.json,analysis,CWRU,C-E5 (fixed init: torch.manual_seed(20000+seed) before model construction; init_sha256=484f9519d67187e7) S021::d0,42,drsn,2,init torch.manual_seed(20000+seed); train torch.manual_seed+np.random.seed(seed); eval noise torch.manual_seed(1000+17*seed+rep),"3000 steps, last weights",920,,add_awgn_tensor (per-window power),10.0|0.0|-4.0|-6.0|-8.0,top_mode over 5 noise draws; conc_mean,code/../results/ckpt_cinit/e5_S021_d0_drsn_s2.pt,fbfac77543c9d20430dd09d2a0e40e060716c44512d15856141c3f4284c98744,script sha 47e4a4d0977b3277,,result json,
cinit_e5::S007+014::d0::drsn::s2,cinit_e5.json,analysis,CWRU,C-E5 (fixed init: torch.manual_seed(20000+seed) before model construction; init_sha256=484f9519d67187e7) S007+014::d0,42,drsn,2,init torch.manual_seed(20000+seed); train torch.manual_seed+np.random.seed(seed); eval noise torch.manual_seed(1000+17*seed+rep),"3000 steps, last weights",920,,add_awgn_tensor (per-window power),10.0|0.0|-4.0|-6.0|-8.0,top_mode over 5 noise draws; conc_mean,code/../results/ckpt_cinit/e5_S007+014_d0_drsn_s2.pt,04d4bd207d99b54fbd379b6c3b733eddfcbbcbd9e6b16df4d8c4c244baaadf99,script sha 47e4a4d0977b3277,,result json,
cinit_e5::S007+021::d0::drsn::s2,cinit_e5.json,analysis,CWRU,C-E5 (fixed init: torch.manual_seed(20000+seed) before model construction; init_sha256=484f9519d67187e7) S007+021::d0,42,drsn,2,init torch.manual_seed(20000+seed); train torch.manual_seed+np.random.seed(seed); eval noise torch.manual_seed(1000+17*seed+rep),"3000 steps, last weights",920,,add_awgn_tensor (per-window power),10.0|0.0|-4.0|-6.0|-8.0,top_mode over 5 noise draws; conc_mean,code/../results/ckpt_cinit/e5_S007+021_d0_drsn_s2.pt,c47e96a033da191bc84ad7f8e90a78388af1c1e0e78d66cd87ea98b3d2f0c656,script sha 47e4a4d0977b3277,,result json,
cinit_e5::S014+021::d0::drsn::s2,cinit_e5.json,analysis,CWRU,C-E5 (fixed init: torch.manual_seed(20000+seed) before model construction; init_sha256=484f9519d67187e7) S014+021::d0,42,drsn,2,init torch.manual_seed(20000+seed); train torch.manual_seed+np.random.seed(seed); eval noise torch.manual_seed(1000+17*seed+rep),"3000 steps, last weights",920,,add_awgn_tensor (per-window power),10.0|0.0|-4.0|-6.0|-8.0,top_mode over 5 noise draws; conc_mean,code/../results/ckpt_cinit/e5_S014+021_d0_drsn_s2.pt,6e2104479a76ca677a1b6b7275029d630d3b4f11bf9c46b475bee3a51eb3b23d,script sha 47e4a4d0977b3277,,result json,
cinit_e5::S_ALL::d0::drsn::s2,cinit_e5.json,analysis,CWRU,C-E5 (fixed init: torch.manual_seed(20000+seed) before model construction; init_sha256=484f9519d67187e7) S_ALL::d0,42,drsn,2,init torch.manual_seed(20000+seed); train torch.manual_seed+np.random.seed(seed); eval noise torch.manual_seed(1000+17*seed+rep),"3000 steps, last weights",920,,add_awgn_tensor (per-window power),10.0|0.0|-4.0|-6.0|-8.0,top_mode over 5 noise draws; conc_mean,code/../results/ckpt_cinit/e5_S_ALL_d0_drsn_s2.pt,73e04f96aa38b285acdd8d38d17b4b69816b881a8c1dfa81627f7eb990b7605b,script sha 47e4a4d0977b3277,,result json,
cinit_e5::S007::d1::drsn::s2,cinit_e5.json,analysis,CWRU,C-E5 (fixed init: torch.manual_seed(20000+seed) before model construction; init_sha256=484f9519d67187e7) S007::d1,42,drsn,2,init torch.manual_seed(20000+seed); train torch.manual_seed+np.random.seed(seed); eval noise torch.manual_seed(1000+17*seed+rep),"3000 steps, last weights",920,,add_awgn_tensor (per-window power),10.0|0.0|-4.0|-6.0|-8.0,top_mode over 5 noise draws; conc_mean,code/../results/ckpt_cinit/e5_S007_d1_drsn_s2.pt,02e40f7839e341a2ec66565d5fda6996506124f25c589c1bb4b39db71ad74104,script sha 47e4a4d0977b3277,,result json,
cinit_e5::S014::d1::drsn::s2,cinit_e5.json,analysis,CWRU,C-E5 (fixed init: torch.manual_seed(20000+seed) before model construction; init_sha256=484f9519d67187e7) S014::d1,42,drsn,2,init torch.manual_seed(20000+seed); train torch.manual_seed+np.random.seed(seed); eval noise torch.manual_seed(1000+17*seed+rep),"3000 steps, last weights",920,,add_awgn_tensor (per-window power),10.0|0.0|-4.0|-6.0|-8.0,top_mode over 5 noise draws; conc_mean,code/../results/ckpt_cinit/e5_S014_d1_drsn_s2.pt,63e1bca8483778984e33d096e1d15a49f9ce497b5fa8e96b1922064375d7d369,script sha 47e4a4d0977b3277,,result json,
cinit_e5::S021::d1::drsn::s2,cinit_e5.json,analysis,CWRU,C-E5 (fixed init: torch.manual_seed(20000+seed) before model construction; init_sha256=484f9519d67187e7) S021::d1,42,drsn,2,init torch.manual_seed(20000+seed); train torch.manual_seed+np.random.seed(seed); eval noise torch.manual_seed(1000+17*seed+rep),"3000 steps, last weights",920,,add_awgn_tensor (per-window power),10.0|0.0|-4.0|-6.0|-8.0,top_mode over 5 noise draws; conc_mean,code/../results/ckpt_cinit/e5_S021_d1_drsn_s2.pt,584d121a6523e51487a490f75471149e427d6785aad5bd9697a2290bdb0587b5,script sha 47e4a4d0977b3277,,result json,
cinit_e5::S007+014::d1::drsn::s2,cinit_e5.json,analysis,CWRU,C-E5 (fixed init: torch.manual_seed(20000+seed) before model construction; init_sha256=484f9519d67187e7) S007+014::d1,42,drsn,2,init torch.manual_seed(20000+seed); train torch.manual_seed+np.random.seed(seed); eval noise torch.manual_seed(1000+17*seed+rep),"3000 steps, last weights",920,,add_awgn_tensor (per-window power),10.0|0.0|-4.0|-6.0|-8.0,top_mode over 5 noise draws; conc_mean,code/../results/ckpt_cinit/e5_S007+014_d1_drsn_s2.pt,e471990f0aa12ebca381dd026fe0dcfe415dfd558cfe0f6a6b7583f8d28bdb45,script sha 47e4a4d0977b3277,,result json,
cinit_e5::S007+021::d1::drsn::s2,cinit_e5.json,analysis,CWRU,C-E5 (fixed init: torch.manual_seed(20000+seed) before model construction; init_sha256=484f9519d67187e7) S007+021::d1,42,drsn,2,init torch.manual_seed(20000+seed); train torch.manual_seed+np.random.seed(seed); eval noise torch.manual_seed(1000+17*seed+rep),"3000 steps, last weights",920,,add_awgn_tensor (per-window power),10.0|0.0|-4.0|-6.0|-8.0,top_mode over 5 noise draws; conc_mean,code/../results/ckpt_cinit/e5_S007+021_d1_drsn_s2.pt,396c021ae117ae4c9fc7c0331b7964fc4e18a56e34af05420093ec6329e4bef8,script sha 47e4a4d0977b3277,,result json,
cinit_e5::S014+021::d1::drsn::s2,cinit_e5.json,analysis,CWRU,C-E5 (fixed init: torch.manual_seed(20000+seed) before model construction; init_sha256=484f9519d67187e7) S014+021::d1,42,drsn,2,init torch.manual_seed(20000+seed); train torch.manual_seed+np.random.seed(seed); eval noise torch.manual_seed(1000+17*seed+rep),"3000 steps, last weights",920,,add_awgn_tensor (per-window power),10.0|0.0|-4.0|-6.0|-8.0,top_mode over 5 noise draws; conc_mean,code/../results/ckpt_cinit/e5_S014+021_d1_drsn_s2.pt,1100599a4fd0e5b5b700abc0fb998cc42266678f9be32f09b4eb4f8eb19232c1,script sha 47e4a4d0977b3277,,result json,
cinit_e5::S_ALL::d1::drsn::s2,cinit_e5.json,analysis,CWRU,C-E5 (fixed init: torch.manual_seed(20000+seed) before model construction; init_sha256=484f9519d67187e7) S_ALL::d1,42,drsn,2,init torch.manual_seed(20000+seed); train torch.manual_seed+np.random.seed(seed); eval noise torch.manual_seed(1000+17*seed+rep),"3000 steps, last weights",920,,add_awgn_tensor (per-window power),10.0|0.0|-4.0|-6.0|-8.0,top_mode over 5 noise draws; conc_mean,code/../results/ckpt_cinit/e5_S_ALL_d1_drsn_s2.pt,a1d406edeca88bc5bf2a613e7b4263be035e41112579853582ecb14919b0c9be,script sha 47e4a4d0977b3277,,result json,
cinit_e5::S007::d2::drsn::s2,cinit_e5.json,analysis,CWRU,C-E5 (fixed init: torch.manual_seed(20000+seed) before model construction; init_sha256=484f9519d67187e7) S007::d2,42,drsn,2,init torch.manual_seed(20000+seed); train torch.manual_seed+np.random.seed(seed); eval noise torch.manual_seed(1000+17*seed+rep),"3000 steps, last weights",920,,add_awgn_tensor (per-window power),10.0|0.0|-4.0|-6.0|-8.0,top_mode over 5 noise draws; conc_mean,code/../results/ckpt_cinit/e5_S007_d2_drsn_s2.pt,462a985b5ab6504026b344b5b6776302e4ddd43b8ddac2c3e0adf424e6161440,script sha 47e4a4d0977b3277,,result json,
cinit_e5::S014::d2::drsn::s2,cinit_e5.json,analysis,CWRU,C-E5 (fixed init: torch.manual_seed(20000+seed) before model construction; init_sha256=484f9519d67187e7) S014::d2,42,drsn,2,init torch.manual_seed(20000+seed); train torch.manual_seed+np.random.seed(seed); eval noise torch.manual_seed(1000+17*seed+rep),"3000 steps, last weights",920,,add_awgn_tensor (per-window power),10.0|0.0|-4.0|-6.0|-8.0,top_mode over 5 noise draws; conc_mean,code/../results/ckpt_cinit/e5_S014_d2_drsn_s2.pt,7ee078b1d2771ad28d13999d897e8dd63c1b0e9760eca3c97b2548a7e33b9b68,script sha 47e4a4d0977b3277,,result json,
cinit_e5::S021::d2::drsn::s2,cinit_e5.json,analysis,CWRU,C-E5 (fixed init: torch.manual_seed(20000+seed) before model construction; init_sha256=484f9519d67187e7) S021::d2,42,drsn,2,init torch.manual_seed(20000+seed); train torch.manual_seed+np.random.seed(seed); eval noise torch.manual_seed(1000+17*seed+rep),"3000 steps, last weights",920,,add_awgn_tensor (per-window power),10.0|0.0|-4.0|-6.0|-8.0,top_mode over 5 noise draws; conc_mean,code/../results/ckpt_cinit/e5_S021_d2_drsn_s2.pt,0df1c1a649151845fa50352e8e0a53864933761735df9098b5bbb09283e09fcd,script sha 47e4a4d0977b3277,,result json,
cinit_e5::S007+014::d2::drsn::s2,cinit_e5.json,analysis,CWRU,C-E5 (fixed init: torch.manual_seed(20000+seed) before model construction; init_sha256=484f9519d67187e7) S007+014::d2,42,drsn,2,init torch.manual_seed(20000+seed); train torch.manual_seed+np.random.seed(seed); eval noise torch.manual_seed(1000+17*seed+rep),"3000 steps, last weights",920,,add_awgn_tensor (per-window power),10.0|0.0|-4.0|-6.0|-8.0,top_mode over 5 noise draws; conc_mean,code/../results/ckpt_cinit/e5_S007+014_d2_drsn_s2.pt,a55b780d3c5677f77059d7766bfb890af9df5e3b54e75c92b59bf496f515ad36,script sha 47e4a4d0977b3277,,result json,
cinit_e5::S007+021::d2::drsn::s2,cinit_e5.json,analysis,CWRU,C-E5 (fixed init: torch.manual_seed(20000+seed) before model construction; init_sha256=484f9519d67187e7) S007+021::d2,42,drsn,2,init torch.manual_seed(20000+seed); train torch.manual_seed+np.random.seed(seed); eval noise torch.manual_seed(1000+17*seed+rep),"3000 steps, last weights",920,,add_awgn_tensor (per-window power),10.0|0.0|-4.0|-6.0|-8.0,top_mode over 5 noise draws; conc_mean,code/../results/ckpt_cinit/e5_S007+021_d2_drsn_s2.pt,14753328dac5bb47e4014be58de8863fc132e2d42c9f2698894961ea78969ede,script sha 47e4a4d0977b3277,,result json,
cinit_e5::S014+021::d2::drsn::s2,cinit_e5.json,analysis,CWRU,C-E5 (fixed init: torch.manual_seed(20000+seed) before model construction; init_sha256=484f9519d67187e7) S014+021::d2,42,drsn,2,init torch.manual_seed(20000+seed); train torch.manual_seed+np.random.seed(seed); eval noise torch.manual_seed(1000+17*seed+rep),"3000 steps, last weights",920,,add_awgn_tensor (per-window power),10.0|0.0|-4.0|-6.0|-8.0,top_mode over 5 noise draws; conc_mean,code/../results/ckpt_cinit/e5_S014+021_d2_drsn_s2.pt,4edd006855751fb7530431a77703a8aab70d024b54a349743e18ce85f1cf266a,script sha 47e4a4d0977b3277,,result json,
cinit_e5::S_ALL::d2::drsn::s2,cinit_e5.json,analysis,CWRU,C-E5 (fixed init: torch.manual_seed(20000+seed) before model construction; init_sha256=484f9519d67187e7) S_ALL::d2,42,drsn,2,init torch.manual_seed(20000+seed); train torch.manual_seed+np.random.seed(seed); eval noise torch.manual_seed(1000+17*seed+rep),"3000 steps, last weights",920,,add_awgn_tensor (per-window power),10.0|0.0|-4.0|-6.0|-8.0,top_mode over 5 noise draws; conc_mean,code/../results/ckpt_cinit/e5_S_ALL_d2_drsn_s2.pt,295fa6e35930c6bb68447f43f813e7397b2e4704ace24545b6e9bd9c47410a47,script sha 47e4a4d0977b3277,,result json,
cinit_e5::S007::d0::lstm::s0,cinit_e5.json,analysis,CWRU,C-E5 (fixed init: torch.manual_seed(20000+seed) before model construction; init_sha256=1536a695461d189c) S007::d0,42,lstm,0,init torch.manual_seed(20000+seed); train torch.manual_seed+np.random.seed(seed); eval noise torch.manual_seed(1000+17*seed+rep),"3000 steps, last weights",920,,add_awgn_tensor (per-window power),10.0|0.0|-4.0|-6.0|-8.0,top_mode over 5 noise draws; conc_mean,code/../results/ckpt_cinit/e5_S007_d0_lstm_s0.pt,1ec4ac9df6c61266c4ebbbbadbaedf000b76db92f9e3b9ce08a168c3016a6239,script sha 47e4a4d0977b3277,,result json,
cinit_e5::S014::d0::lstm::s0,cinit_e5.json,analysis,CWRU,C-E5 (fixed init: torch.manual_seed(20000+seed) before model construction; init_sha256=1536a695461d189c) S014::d0,42,lstm,0,init torch.manual_seed(20000+seed); train torch.manual_seed+np.random.seed(seed); eval noise torch.manual_seed(1000+17*seed+rep),"3000 steps, last weights",920,,add_awgn_tensor (per-window power),10.0|0.0|-4.0|-6.0|-8.0,top_mode over 5 noise draws; conc_mean,code/../results/ckpt_cinit/e5_S014_d0_lstm_s0.pt,bdd526092574a7493886249fa09fcaf0192be1face43a41f16b3d26726b37c4a,script sha 47e4a4d0977b3277,,result json,
cinit_e5::S021::d0::lstm::s0,cinit_e5.json,analysis,CWRU,C-E5 (fixed init: torch.manual_seed(20000+seed) before model construction; init_sha256=1536a695461d189c) S021::d0,42,lstm,0,init torch.manual_seed(20000+seed); train torch.manual_seed+np.random.seed(seed); eval noise torch.manual_seed(1000+17*seed+rep),"3000 steps, last weights",920,,add_awgn_tensor (per-window power),10.0|0.0|-4.0|-6.0|-8.0,top_mode over 5 noise draws; conc_mean,code/../results/ckpt_cinit/e5_S021_d0_lstm_s0.pt,e8841889701e09be1fbb22d6890ac522a2b8d56bff482888c68434faf5eeb7a3,script sha 47e4a4d0977b3277,,result json,
cinit_e5::S007+014::d0::lstm::s0,cinit_e5.json,analysis,CWRU,C-E5 (fixed init: torch.manual_seed(20000+seed) before model construction; init_sha256=1536a695461d189c) S007+014::d0,42,lstm,0,init torch.manual_seed(20000+seed); train torch.manual_seed+np.random.seed(seed); eval noise torch.manual_seed(1000+17*seed+rep),"3000 steps, last weights",920,,add_awgn_tensor (per-window power),10.0|0.0|-4.0|-6.0|-8.0,top_mode over 5 noise draws; conc_mean,code/../results/ckpt_cinit/e5_S007+014_d0_lstm_s0.pt,b3e54096560d9f851c161ebb8d4526f303496bc5cc46a40a999d8080bb676eb7,script sha 47e4a4d0977b3277,,result json,
cinit_e5::S007+021::d0::lstm::s0,cinit_e5.json,analysis,CWRU,C-E5 (fixed init: torch.manual_seed(20000+seed) before model construction; init_sha256=1536a695461d189c) S007+021::d0,42,lstm,0,init torch.manual_seed(20000+seed); train torch.manual_seed+np.random.seed(seed); eval noise torch.manual_seed(1000+17*seed+rep),"3000 steps, last weights",920,,add_awgn_tensor (per-window power),10.0|0.0|-4.0|-6.0|-8.0,top_mode over 5 noise draws; conc_mean,code/../results/ckpt_cinit/e5_S007+021_d0_lstm_s0.pt,001b84a2ee76ab743d058167debed904c74a565a5d0aa2d63b261f78e5417fee,script sha 47e4a4d0977b3277,,result json,
cinit_e5::S014+021::d0::lstm::s0,cinit_e5.json,analysis,CWRU,C-E5 (fixed init: torch.manual_seed(20000+seed) before model construction; init_sha256=1536a695461d189c) S014+021::d0,42,lstm,0,init torch.manual_seed(20000+seed); train torch.manual_seed+np.random.seed(seed); eval noise torch.manual_seed(1000+17*seed+rep),"3000 steps, last weights",920,,add_awgn_tensor (per-window power),10.0|0.0|-4.0|-6.0|-8.0,top_mode over 5 noise draws; conc_mean,code/../results/ckpt_cinit/e5_S014+021_d0_lstm_s0.pt,e1cd37eed186f0effdb3edc6e0736a08b9cb2322f6cb72e518dd10767a56501f,script sha 47e4a4d0977b3277,,result json,
cinit_e5::S_ALL::d0::lstm::s0,cinit_e5.json,analysis,CWRU,C-E5 (fixed init: torch.manual_seed(20000+seed) before model construction; init_sha256=1536a695461d189c) S_ALL::d0,42,lstm,0,init torch.manual_seed(20000+seed); train torch.manual_seed+np.random.seed(seed); eval noise torch.manual_seed(1000+17*seed+rep),"3000 steps, last weights",920,,add_awgn_tensor (per-window power),10.0|0.0|-4.0|-6.0|-8.0,top_mode over 5 noise draws; conc_mean,code/../results/ckpt_cinit/e5_S_ALL_d0_lstm_s0.pt,00cd08a7385674fdff1d6771877e0640c691345fca589834466d5e60ad118e2d,script sha 47e4a4d0977b3277,,result json,
cinit_e5::S007::d1::lstm::s0,cinit_e5.json,analysis,CWRU,C-E5 (fixed init: torch.manual_seed(20000+seed) before model construction; init_sha256=1536a695461d189c) S007::d1,42,lstm,0,init torch.manual_seed(20000+seed); train torch.manual_seed+np.random.seed(seed); eval noise torch.manual_seed(1000+17*seed+rep),"3000 steps, last weights",920,,add_awgn_tensor (per-window power),10.0|0.0|-4.0|-6.0|-8.0,top_mode over 5 noise draws; conc_mean,code/../results/ckpt_cinit/e5_S007_d1_lstm_s0.pt,71ea4076ad91e12993c8b0f97ee60a1dda3840e3040d67a5cb7ef97c0a4b40a0,script sha 47e4a4d0977b3277,,result json,
cinit_e5::S014::d1::lstm::s0,cinit_e5.json,analysis,CWRU,C-E5 (fixed init: torch.manual_seed(20000+seed) before model construction; init_sha256=1536a695461d189c) S014::d1,42,lstm,0,init torch.manual_seed(20000+seed); train torch.manual_seed+np.random.seed(seed); eval noise torch.manual_seed(1000+17*seed+rep),"3000 steps, last weights",920,,add_awgn_tensor (per-window power),10.0|0.0|-4.0|-6.0|-8.0,top_mode over 5 noise draws; conc_mean,code/../results/ckpt_cinit/e5_S014_d1_lstm_s0.pt,1b145e8a44e93add4c23598d1f836d130d6e1b3b63ee7ab1a6e7b5a92df568cb,script sha 47e4a4d0977b3277,,result json,
cinit_e5::S021::d1::lstm::s0,cinit_e5.json,analysis,CWRU,C-E5 (fixed init: torch.manual_seed(20000+seed) before model construction; init_sha256=1536a695461d189c) S021::d1,42,lstm,0,init torch.manual_seed(20000+seed); train torch.manual_seed+np.random.seed(seed); eval noise torch.manual_seed(1000+17*seed+rep),"3000 steps, last weights",920,,add_awgn_tensor (per-window power),10.0|0.0|-4.0|-6.0|-8.0,top_mode over 5 noise draws; conc_mean,code/../results/ckpt_cinit/e5_S021_d1_lstm_s0.pt,2d3cc1f6fac83cf9330c3836743b335cf4ebbb9d0d17bcd8c4ee4d83be3551f2,script sha 47e4a4d0977b3277,,result json,
cinit_e5::S007+014::d1::lstm::s0,cinit_e5.json,analysis,CWRU,C-E5 (fixed init: torch.manual_seed(20000+seed) before model construction; init_sha256=1536a695461d189c) S007+014::d1,42,lstm,0,init torch.manual_seed(20000+seed); train torch.manual_seed+np.random.seed(seed); eval noise torch.manual_seed(1000+17*seed+rep),"3000 steps, last weights",920,,add_awgn_tensor (per-window power),10.0|0.0|-4.0|-6.0|-8.0,top_mode over 5 noise draws; conc_mean,code/../results/ckpt_cinit/e5_S007+014_d1_lstm_s0.pt,02d4f0d5bcb611a970eca4d64dac83e172e7cb351da08e07556e7fde711680e7,script sha 47e4a4d0977b3277,,result json,
cinit_e5::S007+021::d1::lstm::s0,cinit_e5.json,analysis,CWRU,C-E5 (fixed init: torch.manual_seed(20000+seed) before model construction; init_sha256=1536a695461d189c) S007+021::d1,42,lstm,0,init torch.manual_seed(20000+seed); train torch.manual_seed+np.random.seed(seed); eval noise torch.manual_seed(1000+17*seed+rep),"3000 steps, last weights",920,,add_awgn_tensor (per-window power),10.0|0.0|-4.0|-6.0|-8.0,top_mode over 5 noise draws; conc_mean,code/../results/ckpt_cinit/e5_S007+021_d1_lstm_s0.pt,72de79d46bac363bc6a794444826a154651499b394c04bb3ab5b71bb0d3c3228,script sha 47e4a4d0977b3277,,result json,
cinit_e5::S014+021::d1::lstm::s0,cinit_e5.json,analysis,CWRU,C-E5 (fixed init: torch.manual_seed(20000+seed) before model construction; init_sha256=1536a695461d189c) S014+021::d1,42,lstm,0,init torch.manual_seed(20000+seed); train torch.manual_seed+np.random.seed(seed); eval noise torch.manual_seed(1000+17*seed+rep),"3000 steps, last weights",920,,add_awgn_tensor (per-window power),10.0|0.0|-4.0|-6.0|-8.0,top_mode over 5 noise draws; conc_mean,code/../results/ckpt_cinit/e5_S014+021_d1_lstm_s0.pt,b6ce573f32d4d57b961cd217ebd4f5f043b043292e14ba727c8ad3a175118f8f,script sha 47e4a4d0977b3277,,result json,
cinit_e5::S_ALL::d1::lstm::s0,cinit_e5.json,analysis,CWRU,C-E5 (fixed init: torch.manual_seed(20000+seed) before model construction; init_sha256=1536a695461d189c) S_ALL::d1,42,lstm,0,init torch.manual_seed(20000+seed); train torch.manual_seed+np.random.seed(seed); eval noise torch.manual_seed(1000+17*seed+rep),"3000 steps, last weights",920,,add_awgn_tensor (per-window power),10.0|0.0|-4.0|-6.0|-8.0,top_mode over 5 noise draws; conc_mean,code/../results/ckpt_cinit/e5_S_ALL_d1_lstm_s0.pt,3287f3fd7ca080217414eaa03310f4011b918574da74ebf4d37c669632482ba2,script sha 47e4a4d0977b3277,,result json,
cinit_e5::S007::d2::lstm::s0,cinit_e5.json,analysis,CWRU,C-E5 (fixed init: torch.manual_seed(20000+seed) before model construction; init_sha256=1536a695461d189c) S007::d2,42,lstm,0,init torch.manual_seed(20000+seed); train torch.manual_seed+np.random.seed(seed); eval noise torch.manual_seed(1000+17*seed+rep),"3000 steps, last weights",920,,add_awgn_tensor (per-window power),10.0|0.0|-4.0|-6.0|-8.0,top_mode over 5 noise draws; conc_mean,code/../results/ckpt_cinit/e5_S007_d2_lstm_s0.pt,6e49fa6bb6171b53df25e00943b99a77c237ec2a39ea36bf6af0d75819df9ace,script sha 47e4a4d0977b3277,,result json,
cinit_e5::S014::d2::lstm::s0,cinit_e5.json,analysis,CWRU,C-E5 (fixed init: torch.manual_seed(20000+seed) before model construction; init_sha256=1536a695461d189c) S014::d2,42,lstm,0,init torch.manual_seed(20000+seed); train torch.manual_seed+np.random.seed(seed); eval noise torch.manual_seed(1000+17*seed+rep),"3000 steps, last weights",920,,add_awgn_tensor (per-window power),10.0|0.0|-4.0|-6.0|-8.0,top_mode over 5 noise draws; conc_mean,code/../results/ckpt_cinit/e5_S014_d2_lstm_s0.pt,df5a7d1f9f170fcb868c5c4edf807a0505fa9643b6849c18ece08ce3b3a1e89d,script sha 47e4a4d0977b3277,,result json,
cinit_e5::S021::d2::lstm::s0,cinit_e5.json,analysis,CWRU,C-E5 (fixed init: torch.manual_seed(20000+seed) before model construction; init_sha256=1536a695461d189c) S021::d2,42,lstm,0,init torch.manual_seed(20000+seed); train torch.manual_seed+np.random.seed(seed); eval noise torch.manual_seed(1000+17*seed+rep),"3000 steps, last weights",920,,add_awgn_tensor (per-window power),10.0|0.0|-4.0|-6.0|-8.0,top_mode over 5 noise draws; conc_mean,code/../results/ckpt_cinit/e5_S021_d2_lstm_s0.pt,c77549903b35475cd4881144749dea4741b8f9c00c4596c48c3affdb9a5e4bc9,script sha 47e4a4d0977b3277,,result json,
cinit_e5::S007+014::d2::lstm::s0,cinit_e5.json,analysis,CWRU,C-E5 (fixed init: torch.manual_seed(20000+seed) before model construction; init_sha256=1536a695461d189c) S007+014::d2,42,lstm,0,init torch.manual_seed(20000+seed); train torch.manual_seed+np.random.seed(seed); eval noise torch.manual_seed(1000+17*seed+rep),"3000 steps, last weights",920,,add_awgn_tensor (per-window power),10.0|0.0|-4.0|-6.0|-8.0,top_mode over 5 noise draws; conc_mean,code/../results/ckpt_cinit/e5_S007+014_d2_lstm_s0.pt,4d2841d0548f81464c33bd6ed2e1974c4ffa5fb57f31acb57c7a9dcad541b497,script sha 47e4a4d0977b3277,,result json,
cinit_e5::S007+021::d2::lstm::s0,cinit_e5.json,analysis,CWRU,C-E5 (fixed init: torch.manual_seed(20000+seed) before model construction; init_sha256=1536a695461d189c) S007+021::d2,42,lstm,0,init torch.manual_seed(20000+seed); train torch.manual_seed+np.random.seed(seed); eval noise torch.manual_seed(1000+17*seed+rep),"3000 steps, last weights",920,,add_awgn_tensor (per-window power),10.0|0.0|-4.0|-6.0|-8.0,top_mode over 5 noise draws; conc_mean,code/../results/ckpt_cinit/e5_S007+021_d2_lstm_s0.pt,41f36884e732b0c635cce2d2da28ef2a5d4fb7f7223c41538e3bd6ce3145b511,script sha 47e4a4d0977b3277,,result json,
cinit_e5::S014+021::d2::lstm::s0,cinit_e5.json,analysis,CWRU,C-E5 (fixed init: torch.manual_seed(20000+seed) before model construction; init_sha256=1536a695461d189c) S014+021::d2,42,lstm,0,init torch.manual_seed(20000+seed); train torch.manual_seed+np.random.seed(seed); eval noise torch.manual_seed(1000+17*seed+rep),"3000 steps, last weights",920,,add_awgn_tensor (per-window power),10.0|0.0|-4.0|-6.0|-8.0,top_mode over 5 noise draws; conc_mean,code/../results/ckpt_cinit/e5_S014+021_d2_lstm_s0.pt,2521384e2eaf2eaf7057c9143c9f1549bd950ddf000723449d4abac2081bc762,script sha 47e4a4d0977b3277,,result json,
cinit_e5::S_ALL::d2::lstm::s0,cinit_e5.json,analysis,CWRU,C-E5 (fixed init: torch.manual_seed(20000+seed) before model construction; init_sha256=1536a695461d189c) S_ALL::d2,42,lstm,0,init torch.manual_seed(20000+seed); train torch.manual_seed+np.random.seed(seed); eval noise torch.manual_seed(1000+17*seed+rep),"3000 steps, last weights",920,,add_awgn_tensor (per-window power),10.0|0.0|-4.0|-6.0|-8.0,top_mode over 5 noise draws; conc_mean,code/../results/ckpt_cinit/e5_S_ALL_d2_lstm_s0.pt,d48e036b3d4947d6ac192d79c44cb80b0006004b486a8c12509468f705f0dc43,script sha 47e4a4d0977b3277,,result json,
cinit_e5::S007::d0::lstm::s1,cinit_e5.json,analysis,CWRU,C-E5 (fixed init: torch.manual_seed(20000+seed) before model construction; init_sha256=f658be5150e259c1) S007::d0,42,lstm,1,init torch.manual_seed(20000+seed); train torch.manual_seed+np.random.seed(seed); eval noise torch.manual_seed(1000+17*seed+rep),"3000 steps, last weights",920,,add_awgn_tensor (per-window power),10.0|0.0|-4.0|-6.0|-8.0,top_mode over 5 noise draws; conc_mean,code/../results/ckpt_cinit/e5_S007_d0_lstm_s1.pt,01137a4c26a4919bc26f0770e650f701ad8cfcd241ce90e300c842a7188dde9a,script sha 47e4a4d0977b3277,,result json,
cinit_e5::S014::d0::lstm::s1,cinit_e5.json,analysis,CWRU,C-E5 (fixed init: torch.manual_seed(20000+seed) before model construction; init_sha256=f658be5150e259c1) S014::d0,42,lstm,1,init torch.manual_seed(20000+seed); train torch.manual_seed+np.random.seed(seed); eval noise torch.manual_seed(1000+17*seed+rep),"3000 steps, last weights",920,,add_awgn_tensor (per-window power),10.0|0.0|-4.0|-6.0|-8.0,top_mode over 5 noise draws; conc_mean,code/../results/ckpt_cinit/e5_S014_d0_lstm_s1.pt,6c7935d55f78447bdd9453ff85c6054f33f7638fdd146e2a0e3fe874006503ac,script sha 47e4a4d0977b3277,,result json,
cinit_e5::S021::d0::lstm::s1,cinit_e5.json,analysis,CWRU,C-E5 (fixed init: torch.manual_seed(20000+seed) before model construction; init_sha256=f658be5150e259c1) S021::d0,42,lstm,1,init torch.manual_seed(20000+seed); train torch.manual_seed+np.random.seed(seed); eval noise torch.manual_seed(1000+17*seed+rep),"3000 steps, last weights",920,,add_awgn_tensor (per-window power),10.0|0.0|-4.0|-6.0|-8.0,top_mode over 5 noise draws; conc_mean,code/../results/ckpt_cinit/e5_S021_d0_lstm_s1.pt,28efd66ebdfd690ecc689c776eb9beb69bf22240bf94d45fd5b971ff8a391dea,script sha 47e4a4d0977b3277,,result json,
cinit_e5::S007+014::d0::lstm::s1,cinit_e5.json,analysis,CWRU,C-E5 (fixed init: torch.manual_seed(20000+seed) before model construction; init_sha256=f658be5150e259c1) S007+014::d0,42,lstm,1,init torch.manual_seed(20000+seed); train torch.manual_seed+np.random.seed(seed); eval noise torch.manual_seed(1000+17*seed+rep),"3000 steps, last weights",920,,add_awgn_tensor (per-window power),10.0|0.0|-4.0|-6.0|-8.0,top_mode over 5 noise draws; conc_mean,code/../results/ckpt_cinit/e5_S007+014_d0_lstm_s1.pt,8d8f0acaf66c018d834389d76a492cc8aea3bbc743bbcdb2c5c976da4fea4ab3,script sha 47e4a4d0977b3277,,result json,
cinit_e5::S007+021::d0::lstm::s1,cinit_e5.json,analysis,CWRU,C-E5 (fixed init: torch.manual_seed(20000+seed) before model construction; init_sha256=f658be5150e259c1) S007+021::d0,42,lstm,1,init torch.manual_seed(20000+seed); train torch.manual_seed+np.random.seed(seed); eval noise torch.manual_seed(1000+17*seed+rep),"3000 steps, last weights",920,,add_awgn_tensor (per-window power),10.0|0.0|-4.0|-6.0|-8.0,top_mode over 5 noise draws; conc_mean,code/../results/ckpt_cinit/e5_S007+021_d0_lstm_s1.pt,e646aba27bad4d5bf884735fc2378c318680cb94165a51383e5e77fbcd94218a,script sha 47e4a4d0977b3277,,result json,
cinit_e5::S014+021::d0::lstm::s1,cinit_e5.json,analysis,CWRU,C-E5 (fixed init: torch.manual_seed(20000+seed) before model construction; init_sha256=f658be5150e259c1) S014+021::d0,42,lstm,1,init torch.manual_seed(20000+seed); train torch.manual_seed+np.random.seed(seed); eval noise torch.manual_seed(1000+17*seed+rep),"3000 steps, last weights",920,,add_awgn_tensor (per-window power),10.0|0.0|-4.0|-6.0|-8.0,top_mode over 5 noise draws; conc_mean,code/../results/ckpt_cinit/e5_S014+021_d0_lstm_s1.pt,29a9143de1691fe015dc32a750313ec4e35d860bcc565b7ebc2201f877106d3e,script sha 47e4a4d0977b3277,,result json,
cinit_e5::S_ALL::d0::lstm::s1,cinit_e5.json,analysis,CWRU,C-E5 (fixed init: torch.manual_seed(20000+seed) before model construction; init_sha256=f658be5150e259c1) S_ALL::d0,42,lstm,1,init torch.manual_seed(20000+seed); train torch.manual_seed+np.random.seed(seed); eval noise torch.manual_seed(1000+17*seed+rep),"3000 steps, last weights",920,,add_awgn_tensor (per-window power),10.0|0.0|-4.0|-6.0|-8.0,top_mode over 5 noise draws; conc_mean,code/../results/ckpt_cinit/e5_S_ALL_d0_lstm_s1.pt,554721ce5f325f63e7db0963872c559fa2097e1b1fe75c514da6869dfdb60b39,script sha 47e4a4d0977b3277,,result json,
cinit_e5::S007::d1::lstm::s1,cinit_e5.json,analysis,CWRU,C-E5 (fixed init: torch.manual_seed(20000+seed) before model construction; init_sha256=f658be5150e259c1) S007::d1,42,lstm,1,init torch.manual_seed(20000+seed); train torch.manual_seed+np.random.seed(seed); eval noise torch.manual_seed(1000+17*seed+rep),"3000 steps, last weights",920,,add_awgn_tensor (per-window power),10.0|0.0|-4.0|-6.0|-8.0,top_mode over 5 noise draws; conc_mean,code/../results/ckpt_cinit/e5_S007_d1_lstm_s1.pt,d8179e315991c498b9a6099779115ea041ab813c5c0cb5cfc6bea73bbd34fcde,script sha 47e4a4d0977b3277,,result json,
cinit_e5::S014::d1::lstm::s1,cinit_e5.json,analysis,CWRU,C-E5 (fixed init: torch.manual_seed(20000+seed) before model construction; init_sha256=f658be5150e259c1) S014::d1,42,lstm,1,init torch.manual_seed(20000+seed); train torch.manual_seed+np.random.seed(seed); eval noise torch.manual_seed(1000+17*seed+rep),"3000 steps, last weights",920,,add_awgn_tensor (per-window power),10.0|0.0|-4.0|-6.0|-8.0,top_mode over 5 noise draws; conc_mean,code/../results/ckpt_cinit/e5_S014_d1_lstm_s1.pt,21ff243e4eff90bbbbc89f007b4597e8d79050dd8f0c2f3494eafce212529553,script sha 47e4a4d0977b3277,,result json,
cinit_e5::S021::d1::lstm::s1,cinit_e5.json,analysis,CWRU,C-E5 (fixed init: torch.manual_seed(20000+seed) before model construction; init_sha256=f658be5150e259c1) S021::d1,42,lstm,1,init torch.manual_seed(20000+seed); train torch.manual_seed+np.random.seed(seed); eval noise torch.manual_seed(1000+17*seed+rep),"3000 steps, last weights",920,,add_awgn_tensor (per-window power),10.0|0.0|-4.0|-6.0|-8.0,top_mode over 5 noise draws; conc_mean,code/../results/ckpt_cinit/e5_S021_d1_lstm_s1.pt,ff0372b6c4adf9c90190a9b8a5145e04e6502f6459e23baf14a33cd4dbe8d9b1,script sha 47e4a4d0977b3277,,result json,
cinit_e5::S007+014::d1::lstm::s1,cinit_e5.json,analysis,CWRU,C-E5 (fixed init: torch.manual_seed(20000+seed) before model construction; init_sha256=f658be5150e259c1) S007+014::d1,42,lstm,1,init torch.manual_seed(20000+seed); train torch.manual_seed+np.random.seed(seed); eval noise torch.manual_seed(1000+17*seed+rep),"3000 steps, last weights",920,,add_awgn_tensor (per-window power),10.0|0.0|-4.0|-6.0|-8.0,top_mode over 5 noise draws; conc_mean,code/../results/ckpt_cinit/e5_S007+014_d1_lstm_s1.pt,797ccae7678b491e4720db7147a098c17866ee5621e81eb9c062b78afe67b9cb,script sha 47e4a4d0977b3277,,result json,
cinit_e5::S007+021::d1::lstm::s1,cinit_e5.json,analysis,CWRU,C-E5 (fixed init: torch.manual_seed(20000+seed) before model construction; init_sha256=f658be5150e259c1) S007+021::d1,42,lstm,1,init torch.manual_seed(20000+seed); train torch.manual_seed+np.random.seed(seed); eval noise torch.manual_seed(1000+17*seed+rep),"3000 steps, last weights",920,,add_awgn_tensor (per-window power),10.0|0.0|-4.0|-6.0|-8.0,top_mode over 5 noise draws; conc_mean,code/../results/ckpt_cinit/e5_S007+021_d1_lstm_s1.pt,f0a58d1c36aa58cb5cdd653d625b787cc7fd652f2adc9684942a35af49cf087b,script sha 47e4a4d0977b3277,,result json,
cinit_e5::S014+021::d1::lstm::s1,cinit_e5.json,analysis,CWRU,C-E5 (fixed init: torch.manual_seed(20000+seed) before model construction; init_sha256=f658be5150e259c1) S014+021::d1,42,lstm,1,init torch.manual_seed(20000+seed); train torch.manual_seed+np.random.seed(seed); eval noise torch.manual_seed(1000+17*seed+rep),"3000 steps, last weights",920,,add_awgn_tensor (per-window power),10.0|0.0|-4.0|-6.0|-8.0,top_mode over 5 noise draws; conc_mean,code/../results/ckpt_cinit/e5_S014+021_d1_lstm_s1.pt,4152f320bb27a6f33b3ca4545a6ad465f8d3d3f97a38a2a2f30beed1bf9cf98a,script sha 47e4a4d0977b3277,,result json,
cinit_e5::S_ALL::d1::lstm::s1,cinit_e5.json,analysis,CWRU,C-E5 (fixed init: torch.manual_seed(20000+seed) before model construction; init_sha256=f658be5150e259c1) S_ALL::d1,42,lstm,1,init torch.manual_seed(20000+seed); train torch.manual_seed+np.random.seed(seed); eval noise torch.manual_seed(1000+17*seed+rep),"3000 steps, last weights",920,,add_awgn_tensor (per-window power),10.0|0.0|-4.0|-6.0|-8.0,top_mode over 5 noise draws; conc_mean,code/../results/ckpt_cinit/e5_S_ALL_d1_lstm_s1.pt,1983e42d9af4287da6fb6bad334289073a50c61918e05c138b8c6e68120153e5,script sha 47e4a4d0977b3277,,result json,
cinit_e5::S007::d2::lstm::s1,cinit_e5.json,analysis,CWRU,C-E5 (fixed init: torch.manual_seed(20000+seed) before model construction; init_sha256=f658be5150e259c1) S007::d2,42,lstm,1,init torch.manual_seed(20000+seed); train torch.manual_seed+np.random.seed(seed); eval noise torch.manual_seed(1000+17*seed+rep),"3000 steps, last weights",920,,add_awgn_tensor (per-window power),10.0|0.0|-4.0|-6.0|-8.0,top_mode over 5 noise draws; conc_mean,code/../results/ckpt_cinit/e5_S007_d2_lstm_s1.pt,eaf0c71d6c95bac9aa574009ea1b7540b3af8e95d19d3aad532c3650c83acc0a,script sha 47e4a4d0977b3277,,result json,
cinit_e5::S014::d2::lstm::s1,cinit_e5.json,analysis,CWRU,C-E5 (fixed init: torch.manual_seed(20000+seed) before model construction; init_sha256=f658be5150e259c1) S014::d2,42,lstm,1,init torch.manual_seed(20000+seed); train torch.manual_seed+np.random.seed(seed); eval noise torch.manual_seed(1000+17*seed+rep),"3000 steps, last weights",920,,add_awgn_tensor (per-window power),10.0|0.0|-4.0|-6.0|-8.0,top_mode over 5 noise draws; conc_mean,code/../results/ckpt_cinit/e5_S014_d2_lstm_s1.pt,18eb03c2e9424aa4fe72df8835f490b32a229c660eb81cebc92320819d78f20f,script sha 47e4a4d0977b3277,,result json,
cinit_e5::S021::d2::lstm::s1,cinit_e5.json,analysis,CWRU,C-E5 (fixed init: torch.manual_seed(20000+seed) before model construction; init_sha256=f658be5150e259c1) S021::d2,42,lstm,1,init torch.manual_seed(20000+seed); train torch.manual_seed+np.random.seed(seed); eval noise torch.manual_seed(1000+17*seed+rep),"3000 steps, last weights",920,,add_awgn_tensor (per-window power),10.0|0.0|-4.0|-6.0|-8.0,top_mode over 5 noise draws; conc_mean,code/../results/ckpt_cinit/e5_S021_d2_lstm_s1.pt,e05b8b147c0cd7bef7b423abe99d87c8cb902b09568badf875d6acd266249b71,script sha 47e4a4d0977b3277,,result json,
cinit_e5::S007+014::d2::lstm::s1,cinit_e5.json,analysis,CWRU,C-E5 (fixed init: torch.manual_seed(20000+seed) before model construction; init_sha256=f658be5150e259c1) S007+014::d2,42,lstm,1,init torch.manual_seed(20000+seed); train torch.manual_seed+np.random.seed(seed); eval noise torch.manual_seed(1000+17*seed+rep),"3000 steps, last weights",920,,add_awgn_tensor (per-window power),10.0|0.0|-4.0|-6.0|-8.0,top_mode over 5 noise draws; conc_mean,code/../results/ckpt_cinit/e5_S007+014_d2_lstm_s1.pt,790b8bdf148582c5b93c3887f1ed9272c62a315e281e23253b58b82bba9aaf06,script sha 47e4a4d0977b3277,,result json,
cinit_e5::S007+021::d2::lstm::s1,cinit_e5.json,analysis,CWRU,C-E5 (fixed init: torch.manual_seed(20000+seed) before model construction; init_sha256=f658be5150e259c1) S007+021::d2,42,lstm,1,init torch.manual_seed(20000+seed); train torch.manual_seed+np.random.seed(seed); eval noise torch.manual_seed(1000+17*seed+rep),"3000 steps, last weights",920,,add_awgn_tensor (per-window power),10.0|0.0|-4.0|-6.0|-8.0,top_mode over 5 noise draws; conc_mean,code/../results/ckpt_cinit/e5_S007+021_d2_lstm_s1.pt,b4e1ff5318581b3423879ba8e277ec21dc3ae3c24ff06a4582853cd8a9f75379,script sha 47e4a4d0977b3277,,result json,
cinit_e5::S014+021::d2::lstm::s1,cinit_e5.json,analysis,CWRU,C-E5 (fixed init: torch.manual_seed(20000+seed) before model construction; init_sha256=f658be5150e259c1) S014+021::d2,42,lstm,1,init torch.manual_seed(20000+seed); train torch.manual_seed+np.random.seed(seed); eval noise torch.manual_seed(1000+17*seed+rep),"3000 steps, last weights",920,,add_awgn_tensor (per-window power),10.0|0.0|-4.0|-6.0|-8.0,top_mode over 5 noise draws; conc_mean,code/../results/ckpt_cinit/e5_S014+021_d2_lstm_s1.pt,4b345d3689fa9954d3cf1ab9b459ef8aff3817f2034024f53ee02e4a1fd36390,script sha 47e4a4d0977b3277,,result json,
cinit_e5::S_ALL::d2::lstm::s1,cinit_e5.json,analysis,CWRU,C-E5 (fixed init: torch.manual_seed(20000+seed) before model construction; init_sha256=f658be5150e259c1) S_ALL::d2,42,lstm,1,init torch.manual_seed(20000+seed); train torch.manual_seed+np.random.seed(seed); eval noise torch.manual_seed(1000+17*seed+rep),"3000 steps, last weights",920,,add_awgn_tensor (per-window power),10.0|0.0|-4.0|-6.0|-8.0,top_mode over 5 noise draws; conc_mean,code/../results/ckpt_cinit/e5_S_ALL_d2_lstm_s1.pt,9b1a56ac1daf8973a0127a3b92f8b15235ffafe28dc0055044f7d9dcd2f82609,script sha 47e4a4d0977b3277,,result json,
cinit_e5::S007::d0::lstm::s2,cinit_e5.json,analysis,CWRU,C-E5 (fixed init: torch.manual_seed(20000+seed) before model construction; init_sha256=6df798da86fb7284) S007::d0,42,lstm,2,init torch.manual_seed(20000+seed); train torch.manual_seed+np.random.seed(seed); eval noise torch.manual_seed(1000+17*seed+rep),"3000 steps, last weights",920,,add_awgn_tensor (per-window power),10.0|0.0|-4.0|-6.0|-8.0,top_mode over 5 noise draws; conc_mean,code/../results/ckpt_cinit/e5_S007_d0_lstm_s2.pt,c3f2dc47f65d12cc2abeeba228ed853293330de61bece7c95c286ba34dc730b9,script sha 47e4a4d0977b3277,,result json,
cinit_e5::S014::d0::lstm::s2,cinit_e5.json,analysis,CWRU,C-E5 (fixed init: torch.manual_seed(20000+seed) before model construction; init_sha256=6df798da86fb7284) S014::d0,42,lstm,2,init torch.manual_seed(20000+seed); train torch.manual_seed+np.random.seed(seed); eval noise torch.manual_seed(1000+17*seed+rep),"3000 steps, last weights",920,,add_awgn_tensor (per-window power),10.0|0.0|-4.0|-6.0|-8.0,top_mode over 5 noise draws; conc_mean,code/../results/ckpt_cinit/e5_S014_d0_lstm_s2.pt,a6ac9c44284465b6ca55cbf63291b875a3153b0878b89c326271567cda73ff70,script sha 47e4a4d0977b3277,,result json,
cinit_e5::S021::d0::lstm::s2,cinit_e5.json,analysis,CWRU,C-E5 (fixed init: torch.manual_seed(20000+seed) before model construction; init_sha256=6df798da86fb7284) S021::d0,42,lstm,2,init torch.manual_seed(20000+seed); train torch.manual_seed+np.random.seed(seed); eval noise torch.manual_seed(1000+17*seed+rep),"3000 steps, last weights",920,,add_awgn_tensor (per-window power),10.0|0.0|-4.0|-6.0|-8.0,top_mode over 5 noise draws; conc_mean,code/../results/ckpt_cinit/e5_S021_d0_lstm_s2.pt,2355c85d4eb0caf05b338402cbca0f0135bd727a11b01d7949562ce62ded7864,script sha 47e4a4d0977b3277,,result json,
cinit_e5::S007+014::d0::lstm::s2,cinit_e5.json,analysis,CWRU,C-E5 (fixed init: torch.manual_seed(20000+seed) before model construction; init_sha256=6df798da86fb7284) S007+014::d0,42,lstm,2,init torch.manual_seed(20000+seed); train torch.manual_seed+np.random.seed(seed); eval noise torch.manual_seed(1000+17*seed+rep),"3000 steps, last weights",920,,add_awgn_tensor (per-window power),10.0|0.0|-4.0|-6.0|-8.0,top_mode over 5 noise draws; conc_mean,code/../results/ckpt_cinit/e5_S007+014_d0_lstm_s2.pt,4d9b96d6fdfed40e13044b0c5b8426f6ca856565fe20ffb964c2af5da35f2732,script sha 47e4a4d0977b3277,,result json,
cinit_e5::S007+021::d0::lstm::s2,cinit_e5.json,analysis,CWRU,C-E5 (fixed init: torch.manual_seed(20000+seed) before model construction; init_sha256=6df798da86fb7284) S007+021::d0,42,lstm,2,init torch.manual_seed(20000+seed); train torch.manual_seed+np.random.seed(seed); eval noise torch.manual_seed(1000+17*seed+rep),"3000 steps, last weights",920,,add_awgn_tensor (per-window power),10.0|0.0|-4.0|-6.0|-8.0,top_mode over 5 noise draws; conc_mean,code/../results/ckpt_cinit/e5_S007+021_d0_lstm_s2.pt,58639381123dc852383ea10f46157f064c6ba239d6447c0c0aa4125e6c4652a0,script sha 47e4a4d0977b3277,,result json,
cinit_e5::S014+021::d0::lstm::s2,cinit_e5.json,analysis,CWRU,C-E5 (fixed init: torch.manual_seed(20000+seed) before model construction; init_sha256=6df798da86fb7284) S014+021::d0,42,lstm,2,init torch.manual_seed(20000+seed); train torch.manual_seed+np.random.seed(seed); eval noise torch.manual_seed(1000+17*seed+rep),"3000 steps, last weights",920,,add_awgn_tensor (per-window power),10.0|0.0|-4.0|-6.0|-8.0,top_mode over 5 noise draws; conc_mean,code/../results/ckpt_cinit/e5_S014+021_d0_lstm_s2.pt,aef305f7ccd8a0910c98337434032a66c48862db0dbfcfd0197d000773e33f5a,script sha 47e4a4d0977b3277,,result json,
cinit_e5::S_ALL::d0::lstm::s2,cinit_e5.json,analysis,CWRU,C-E5 (fixed init: torch.manual_seed(20000+seed) before model construction; init_sha256=6df798da86fb7284) S_ALL::d0,42,lstm,2,init torch.manual_seed(20000+seed); train torch.manual_seed+np.random.seed(seed); eval noise torch.manual_seed(1000+17*seed+rep),"3000 steps, last weights",920,,add_awgn_tensor (per-window power),10.0|0.0|-4.0|-6.0|-8.0,top_mode over 5 noise draws; conc_mean,code/../results/ckpt_cinit/e5_S_ALL_d0_lstm_s2.pt,9ac97d8b0894d1ed6574e1f5ff522353ec0cdbbda2655012b80b93ac19e550b2,script sha 47e4a4d0977b3277,,result json,
cinit_e5::S007::d1::lstm::s2,cinit_e5.json,analysis,CWRU,C-E5 (fixed init: torch.manual_seed(20000+seed) before model construction; init_sha256=6df798da86fb7284) S007::d1,42,lstm,2,init torch.manual_seed(20000+seed); train torch.manual_seed+np.random.seed(seed); eval noise torch.manual_seed(1000+17*seed+rep),"3000 steps, last weights",920,,add_awgn_tensor (per-window power),10.0|0.0|-4.0|-6.0|-8.0,top_mode over 5 noise draws; conc_mean,code/../results/ckpt_cinit/e5_S007_d1_lstm_s2.pt,aabc8a53d252f5b56c7006b8e804057d0918f8f71f80612e1b4d55b9ca60b44b,script sha 47e4a4d0977b3277,,result json,
cinit_e5::S014::d1::lstm::s2,cinit_e5.json,analysis,CWRU,C-E5 (fixed init: torch.manual_seed(20000+seed) before model construction; init_sha256=6df798da86fb7284) S014::d1,42,lstm,2,init torch.manual_seed(20000+seed); train torch.manual_seed+np.random.seed(seed); eval noise torch.manual_seed(1000+17*seed+rep),"3000 steps, last weights",920,,add_awgn_tensor (per-window power),10.0|0.0|-4.0|-6.0|-8.0,top_mode over 5 noise draws; conc_mean,code/../results/ckpt_cinit/e5_S014_d1_lstm_s2.pt,15f010e90ccf61048d082c342907c872a0970d45fec2d6f937a24c276ebb2442,script sha 47e4a4d0977b3277,,result json,
cinit_e5::S021::d1::lstm::s2,cinit_e5.json,analysis,CWRU,C-E5 (fixed init: torch.manual_seed(20000+seed) before model construction; init_sha256=6df798da86fb7284) S021::d1,42,lstm,2,init torch.manual_seed(20000+seed); train torch.manual_seed+np.random.seed(seed); eval noise torch.manual_seed(1000+17*seed+rep),"3000 steps, last weights",920,,add_awgn_tensor (per-window power),10.0|0.0|-4.0|-6.0|-8.0,top_mode over 5 noise draws; conc_mean,code/../results/ckpt_cinit/e5_S021_d1_lstm_s2.pt,822e6bc4abe966d2bdd253431f1cfc5669dcf001ec1abb888f283a638c4298c5,script sha 47e4a4d0977b3277,,result json,
cinit_e5::S007+014::d1::lstm::s2,cinit_e5.json,analysis,CWRU,C-E5 (fixed init: torch.manual_seed(20000+seed) before model construction; init_sha256=6df798da86fb7284) S007+014::d1,42,lstm,2,init torch.manual_seed(20000+seed); train torch.manual_seed+np.random.seed(seed); eval noise torch.manual_seed(1000+17*seed+rep),"3000 steps, last weights",920,,add_awgn_tensor (per-window power),10.0|0.0|-4.0|-6.0|-8.0,top_mode over 5 noise draws; conc_mean,code/../results/ckpt_cinit/e5_S007+014_d1_lstm_s2.pt,656835ea255212cc99af43bcddebd03ebf356ca2aedaa74cb2b0926d92c98f61,script sha 47e4a4d0977b3277,,result json,
cinit_e5::S007+021::d1::lstm::s2,cinit_e5.json,analysis,CWRU,C-E5 (fixed init: torch.manual_seed(20000+seed) before model construction; init_sha256=6df798da86fb7284) S007+021::d1,42,lstm,2,init torch.manual_seed(20000+seed); train torch.manual_seed+np.random.seed(seed); eval noise torch.manual_seed(1000+17*seed+rep),"3000 steps, last weights",920,,add_awgn_tensor (per-window power),10.0|0.0|-4.0|-6.0|-8.0,top_mode over 5 noise draws; conc_mean,code/../results/ckpt_cinit/e5_S007+021_d1_lstm_s2.pt,a01cebbef2e35c461d4e83915acace85d9eb920574bbcdebac7808e3d3742ce9,script sha 47e4a4d0977b3277,,result json,
cinit_e5::S014+021::d1::lstm::s2,cinit_e5.json,analysis,CWRU,C-E5 (fixed init: torch.manual_seed(20000+seed) before model construction; init_sha256=6df798da86fb7284) S014+021::d1,42,lstm,2,init torch.manual_seed(20000+seed); train torch.manual_seed+np.random.seed(seed); eval noise torch.manual_seed(1000+17*seed+rep),"3000 steps, last weights",920,,add_awgn_tensor (per-window power),10.0|0.0|-4.0|-6.0|-8.0,top_mode over 5 noise draws; conc_mean,code/../results/ckpt_cinit/e5_S014+021_d1_lstm_s2.pt,6a8ae5aef95906117d961837b9001a7f0598ca336ef83e0d8735451855d43414,script sha 47e4a4d0977b3277,,result json,
cinit_e5::S_ALL::d1::lstm::s2,cinit_e5.json,analysis,CWRU,C-E5 (fixed init: torch.manual_seed(20000+seed) before model construction; init_sha256=6df798da86fb7284) S_ALL::d1,42,lstm,2,init torch.manual_seed(20000+seed); train torch.manual_seed+np.random.seed(seed); eval noise torch.manual_seed(1000+17*seed+rep),"3000 steps, last weights",920,,add_awgn_tensor (per-window power),10.0|0.0|-4.0|-6.0|-8.0,top_mode over 5 noise draws; conc_mean,code/../results/ckpt_cinit/e5_S_ALL_d1_lstm_s2.pt,fe33fb50ea77ce68ef0ebc1c9caa6b47c90c6da6dc06157dab71bd00ccc4fbb8,script sha 47e4a4d0977b3277,,result json,
cinit_e5::S007::d2::lstm::s2,cinit_e5.json,analysis,CWRU,C-E5 (fixed init: torch.manual_seed(20000+seed) before model construction; init_sha256=6df798da86fb7284) S007::d2,42,lstm,2,init torch.manual_seed(20000+seed); train torch.manual_seed+np.random.seed(seed); eval noise torch.manual_seed(1000+17*seed+rep),"3000 steps, last weights",920,,add_awgn_tensor (per-window power),10.0|0.0|-4.0|-6.0|-8.0,top_mode over 5 noise draws; conc_mean,code/../results/ckpt_cinit/e5_S007_d2_lstm_s2.pt,6089a851db95e52a74bc95f07862ef1af53fb9d8b2b5caf2e0de606eb4950c83,script sha 47e4a4d0977b3277,,result json,
cinit_e5::S014::d2::lstm::s2,cinit_e5.json,analysis,CWRU,C-E5 (fixed init: torch.manual_seed(20000+seed) before model construction; init_sha256=6df798da86fb7284) S014::d2,42,lstm,2,init torch.manual_seed(20000+seed); train torch.manual_seed+np.random.seed(seed); eval noise torch.manual_seed(1000+17*seed+rep),"3000 steps, last weights",920,,add_awgn_tensor (per-window power),10.0|0.0|-4.0|-6.0|-8.0,top_mode over 5 noise draws; conc_mean,code/../results/ckpt_cinit/e5_S014_d2_lstm_s2.pt,332fbd37541502f3d23b10f0305677f4ee08885ce4ec3ceb47d30067ffc30939,script sha 47e4a4d0977b3277,,result json,
cinit_e5::S021::d2::lstm::s2,cinit_e5.json,analysis,CWRU,C-E5 (fixed init: torch.manual_seed(20000+seed) before model construction; init_sha256=6df798da86fb7284) S021::d2,42,lstm,2,init torch.manual_seed(20000+seed); train torch.manual_seed+np.random.seed(seed); eval noise torch.manual_seed(1000+17*seed+rep),"3000 steps, last weights",920,,add_awgn_tensor (per-window power),10.0|0.0|-4.0|-6.0|-8.0,top_mode over 5 noise draws; conc_mean,code/../results/ckpt_cinit/e5_S021_d2_lstm_s2.pt,0931e5e799f9f075e741c05f8a66ae40f4c1e26dcc65d243be3255d6550bdcf7,script sha 47e4a4d0977b3277,,result json,
cinit_e5::S007+014::d2::lstm::s2,cinit_e5.json,analysis,CWRU,C-E5 (fixed init: torch.manual_seed(20000+seed) before model construction; init_sha256=6df798da86fb7284) S007+014::d2,42,lstm,2,init torch.manual_seed(20000+seed); train torch.manual_seed+np.random.seed(seed); eval noise torch.manual_seed(1000+17*seed+rep),"3000 steps, last weights",920,,add_awgn_tensor (per-window power),10.0|0.0|-4.0|-6.0|-8.0,top_mode over 5 noise draws; conc_mean,code/../results/ckpt_cinit/e5_S007+014_d2_lstm_s2.pt,333e9884e6e71daa12c931c6b4f2e954867a2c6e0f34ec2cca23449d1a2cbaf7,script sha 47e4a4d0977b3277,,result json,
cinit_e5::S007+021::d2::lstm::s2,cinit_e5.json,analysis,CWRU,C-E5 (fixed init: torch.manual_seed(20000+seed) before model construction; init_sha256=6df798da86fb7284) S007+021::d2,42,lstm,2,init torch.manual_seed(20000+seed); train torch.manual_seed+np.random.seed(seed); eval noise torch.manual_seed(1000+17*seed+rep),"3000 steps, last weights",920,,add_awgn_tensor (per-window power),10.0|0.0|-4.0|-6.0|-8.0,top_mode over 5 noise draws; conc_mean,code/../results/ckpt_cinit/e5_S007+021_d2_lstm_s2.pt,25016c1dade2a760cdee47e0553b53e328e061b6e324086c794cdcab29079fd2,script sha 47e4a4d0977b3277,,result json,
cinit_e5::S014+021::d2::lstm::s2,cinit_e5.json,analysis,CWRU,C-E5 (fixed init: torch.manual_seed(20000+seed) before model construction; init_sha256=6df798da86fb7284) S014+021::d2,42,lstm,2,init torch.manual_seed(20000+seed); train torch.manual_seed+np.random.seed(seed); eval noise torch.manual_seed(1000+17*seed+rep),"3000 steps, last weights",920,,add_awgn_tensor (per-window power),10.0|0.0|-4.0|-6.0|-8.0,top_mode over 5 noise draws; conc_mean,code/../results/ckpt_cinit/e5_S014+021_d2_lstm_s2.pt,757ce3b6bbf2fb19d42dc24b9f704c36026f28aee1c0aed9a5698b6ebdec169d,script sha 47e4a4d0977b3277,,result json,
cinit_e5::S_ALL::d2::lstm::s2,cinit_e5.json,analysis,CWRU,C-E5 (fixed init: torch.manual_seed(20000+seed) before model construction; init_sha256=6df798da86fb7284) S_ALL::d2,42,lstm,2,init torch.manual_seed(20000+seed); train torch.manual_seed+np.random.seed(seed); eval noise torch.manual_seed(1000+17*seed+rep),"3000 steps, last weights",920,,add_awgn_tensor (per-window power),10.0|0.0|-4.0|-6.0|-8.0,top_mode over 5 noise draws; conc_mean,code/../results/ckpt_cinit/e5_S_ALL_d2_lstm_s2.pt,8a21cd356359c2d785860a03a4ce1e0b5b5b9ff259b0f8a7d03c6f9e326a090b,script sha 47e4a4d0977b3277,,result json,
